Campaign,Scenario #,Battle Name,Date,Location,Countries,Scenario File,Current Description (smScenDesc)
The Great Patriotic War Russia Campaign (1942-1945),0,"The time for retreating is over, now we must drive the fascist beasts from the soil of the Motherland! Now we began with Operation Uranus here on the Chir. With the fascist armies trapped at Stalingrad, it is important to keep the pressure on to prevent the fascists from mounting strong counter-attacks to relieve their trapped comrades. Here we attack the remnants of the Romanians, though must move quickly to prevent the Germans from sending reinforcements to stabilize this sector.  Za Rodinu!",,,Germany vs Romania,ruscam00.xml,"The time for retreating is over, now we must drive the fascist beasts from the soil of the Motherland! Now we began with Operation Uranus here on the Chir. With the fascist armies trapped at Stalingrad, it is important to keep the pressure on to prevent the fascists from mounting strong counter-attacks to relieve their trapped comrades. Here we attack the remnants of the Romanians, though must move quickly to prevent the Germans from sending reinforcements to stabilize this sector.  Za Rodinu!"
The Great Patriotic War Russia Campaign (1942-1945),1,Now is the time to crush the Italians.,,,Italy,ruscam01.xml,Now is the time to crush the Italians.
The Great Patriotic War Russia Campaign (1942-1945),2,Clear the Highway of Hungarians and break their line of communications and reinforcement in support of our attack in the south on Rostov and Kharkov.,,,Hungary,ruscam02.xml,Clear the Highway of Hungarians and break their line of communications and reinforcement in support of our attack in the south on Rostov and Kharkov.
The Great Patriotic War Russia Campaign (1942-1945),3,Operation Star,,"We have swung you around to the north now, a little more now and we liberate Izium, we must drive on, drive the point of the sword through and gut the Fascist beast.",Fascist forces,ruscam03.xml,"Operation Star

We have swung you around to the north now, a little more now and we liberate Izium, we must drive on, drive the point of the sword through and gut the Fascist beast."
The Great Patriotic War Russia Campaign (1942-1945),4,"Here at Prokhorovka you have been attached to the 5th Guards Tank Army, this will not be easy Comrade General. Directly facing you is the elite of the SS: Adolf Hitler's named Liebstandarte Division and Das Reich in the south.  You must be very careful here not to let your army be destroyed in senseless attacks but to let them attack first, yet hold Prokhorovka, then once their assault burns itself out, counterattack, drive them back and take Ivanovski. This will be the swansong of the panzerkorps, you shall be the conductor of this orchestra of destruction and they will see their last Blitzkrieg lay broken and dying at your feet!",,,,ruscam04.xml,"Here at Prokhorovka you have been attached to the 5th Guards Tank Army, this will not be easy Comrade General. Directly facing you is the elite of the SS: Adolf Hitler's named Liebstandarte Division and Das Reich in the south.  You must be very careful here not to let your army be destroyed in senseless attacks but to let them attack first, yet hold Prokhorovka, then once their assault burns itself out, counterattack, drive them back and take Ivanovski. This will be the swansong of the panzerkorps, you shall be the conductor of this orchestra of destruction and they will see their last Blitzkrieg lay broken and dying at your feet!"
The Great Patriotic War Russia Campaign (1942-1945),5,"Here is our counter stroke to the German operations aimed at Kursk, it is to break through at Karachev and destroy this fortified salient around Orel. Beware the Fortresses at both Orel and Bryansk are fortified with heavy artillery, invest these fortresses and we shall move west.",,,Germany,ruscam05.xml,"Here is our counter stroke to the German operations aimed at Kursk, it is to break through at Karachev and destroy this fortified salient around Orel. Beware the Fortresses at both Orel and Bryansk are fortified with heavy artillery, invest these fortresses and we shall move west."
The Great Patriotic War Russia Campaign (1942-1945),6,"On 17 October Konev attacked out of his bridgehead at Kremenchug and swung to the south toward the iron ore center at Krivoi Rog and the main rail line into the Dnepr bend from the west. This threat forced the Germans to give up Dnepropetrovsk, but the First Panzer Army was able to hold in front of Krivoi Rog.",,,Germany,ruscam06.xml,"On 17 October Konev attacked out of his bridgehead at Kremenchug and swung to the south toward the iron ore center at Krivoi Rog and the main rail line into the Dnepr bend from the west. This threat forced the Germans to give up Dnepropetrovsk, but the First Panzer Army was able to hold in front of Krivoi Rog."
The Great Patriotic War Russia Campaign (1942-1945),7,"Kiev has languished for too long under Nazi rule, they impatiently await your liberation. Nobody has said this will be easy, undoubtably the Germans will throw much strength into the defence of the city in their ""fortress"" ideology.",,,Germany,ruscam07.xml,"Kiev has languished for too long under Nazi rule, they impatiently await your liberation. Nobody has said this will be easy, undoubtably the Germans will throw much strength into the defence of the city in their ""fortress"" ideology."
The Great Patriotic War Russia Campaign (1942-1945),8,"Taking Zhitomir will cut communications between Army Groups North and South, the 25th Panzer Division under General Jauer is counter-attacking here reinforced by Fallschirmjagers.",,,,ruscam08.xml,"Taking Zhitomir will cut communications between Army Groups North and South, the 25th Panzer Division under General Jauer is counter-attacking here reinforced by Fallschirmjagers."
The Great Patriotic War Russia Campaign (1942-1945),9,"Comrade General, STAVKA feels that the whole Romanian army here can be brought down with a few hard blows, your mission is to apply those blows here at Iasi.",,,Romania,ruscam09.xml,"Comrade General, STAVKA feels that the whole Romanian army here can be brought down with a few hard blows, your mission is to apply those blows here at Iasi."
The Great Patriotic War Russia Campaign (1942-1945),10,"Three years ago, the fascists invaded Mother Russia causing untold suffering to the Russian people. Today on the 3rd anniversary of that hateful day, we begin the final Operation to drive them from our soil, Operation Bagration shall be their creshendo of doom.",,"We shall show the Germans the error of their Festung strategy, they have built a hedgehog on the road before us, destroy it and link up at Bobruisk with the 3rd and 48th Armies. This will split their front, encircling the German 4th and 9th Armies.",Germany,ruscam10.xml,"Three years ago, the fascists invaded Mother Russia causing untold suffering to the Russian people. Today on the 3rd anniversary of that hateful day, we begin the final Operation to drive them from our soil, Operation Bagration shall be their creshendo of doom.

We shall show the Germans the error of their Festung strategy, they have built a hedgehog on the road before us, destroy it and link up at Bobruisk with the 3rd and 48th Armies. This will split their front, encircling the German 4th and 9th Armies."
The Great Patriotic War Russia Campaign (1942-1945),11,Here at Minsk the Germans have little chance of reinforcement before you surround them and destroy their Festung. With this action we will completely encircle their 4th Army from the north.,,,Germany,ruscam11.xml,Here at Minsk the Germans have little chance of reinforcement before you surround them and destroy their Festung. With this action we will completely encircle their 4th Army from the north.
The Great Patriotic War Russia Campaign (1942-1945),12,"Chernyakhovsky ordered that his main mobile 'exploitation' forces, the 5th Guards Tank Army and 3rd Guards Cavalry Corps continue their advance from Minsk on July 5 in the direction of Vilnius, with the aim of reaching the city by the following day: they were to encircle Vilnius from the south and north respectively. The rifle divisions of 5th Army were ordered to follow and close up to them. To the south, the 39th Army was directed to move on Lida, while the 11th Guards Army would advance in the Front's center.",,,Cavalry,ruscam12.xml,"Chernyakhovsky ordered that his main mobile 'exploitation' forces, the 5th Guards Tank Army and 3rd Guards Cavalry Corps continue their advance from Minsk on July 5 in the direction of Vilnius, with the aim of reaching the city by the following day: they were to encircle Vilnius from the south and north respectively. The rifle divisions of 5th Army were ordered to follow and close up to them. To the south, the 39th Army was directed to move on Lida, while the 11th Guards Army would advance in the Front's center."
The Great Patriotic War Russia Campaign (1942-1945),13,"After the Russian reconnaissance units reached Warsaw in late July, on August 1, 1944 the Warsaw Uprising started. Starting from an area south of Minsk Mazowiecki, Lieutenant-General N. D. Vedeneev's 3rd Tank Corps (part of the Soviet Second Tank Army) thrust northwest through Okuniew and Wolomin to Radzymin, reaching an area only three miles (five kilometers) from the strategic bridge over the Narew River at Zegrze.",,"In response to Vedeneev's thrust, the Germans started a tactical counter-attack near Radzymin on July 31. The offensive, carried out by 4 understrength Panzer divisions, was to secure the eastern approaches to Warsaw and Vistula crossings, and aimed to destroy the three tank corps of the Second Tank Army in detail. Under the leadership of German Field Marshal Model, the 4th, 19th, Hermann Goring, and 5th SS Panzer Divisions were concentrated from different areas with their arrival in the area of Wolomin occurring between July 31 and August 1, 1944. Although the 3rd Tank Corps gamely defended the initial assaults of the Hermann Goring and 19th Panzer Divisions, the arrival of the 4th Panzer and 5th SS Panzer Divisions spelled doom for the isolated and outnumbered unit.",Germany vs Soviet Union,ruscam13.xml,"After the Russian reconnaissance units reached Warsaw in late July, on August 1, 1944 the Warsaw Uprising started. Starting from an area south of Minsk Mazowiecki, Lieutenant-General N. D. Vedeneev's 3rd Tank Corps (part of the Soviet Second Tank Army) thrust northwest through Okuniew and Wolomin to Radzymin, reaching an area only three miles (five kilometers) from the strategic bridge over the Narew River at Zegrze.

In response to Vedeneev's thrust, the Germans started a tactical counter-attack near Radzymin on July 31. The offensive, carried out by 4 understrength Panzer divisions, was to secure the eastern approaches to Warsaw and Vistula crossings, and aimed to destroy the three tank corps of the Second Tank Army in detail. Under the leadership of German Field Marshal Model, the 4th, 19th, Hermann Goring, and 5th SS Panzer Divisions were concentrated from different areas with their arrival in the area of Wolomin occurring between July 31 and August 1, 1944. Although the 3rd Tank Corps gamely defended the initial assaults of the Hermann Goring and 19th Panzer Divisions, the arrival of the 4th Panzer and 5th SS Panzer Divisions spelled doom for the isolated and outnumbered unit."
The Great Patriotic War Russia Campaign (1942-1945),14,"Cavalry-Mechanized Group Pliyev is in danger of being cut off at Nyiregyhaza, your Corps has been attached to the 6th Guards Tank Army and will attack north from Debrecen in order to relieve Cavalry Mechanized Group Pliyev. Holding Nyiregyhaza will cut off the escape route of the German 8th Army. The Germans and Hungarians have launched a counter-attack with 1st and 23rd Panzer Divisions reinforced by the Konigstigers of the sPz Abt 503.",,,Cavalry vs Germany vs Hungary,ruscam14.xml,"Cavalry-Mechanized Group Pliyev is in danger of being cut off at Nyiregyhaza, your Corps has been attached to the 6th Guards Tank Army and will attack north from Debrecen in order to relieve Cavalry Mechanized Group Pliyev. Holding Nyiregyhaza will cut off the escape route of the German 8th Army. The Germans and Hungarians have launched a counter-attack with 1st and 23rd Panzer Divisions reinforced by the Konigstigers of the sPz Abt 503."
The Great Patriotic War Russia Campaign (1942-1945),15,"On 29 October 1944, the Red Army started its offensive against the city of Budapest. More than 1,000,000 men split into two operating maneuver groups rushed towards the city. The plan was to cut Budapest off from the rest of the German and Hungarian forces. On 7 November 1944, Soviet and Romanian troops entered the eastern suburbs of Budapest, 20 kilometers from the old town.",,,Germany vs Hungary vs Romania vs Soviet Union,ruscam15.xml,"On 29 October 1944, the Red Army started its offensive against the city of Budapest. More than 1,000,000 men split into two operating maneuver groups rushed towards the city. The plan was to cut Budapest off from the rest of the German and Hungarian forces. On 7 November 1944, Soviet and Romanian troops entered the eastern suburbs of Budapest, 20 kilometers from the old town."
The Great Patriotic War Russia Campaign (1942-1945),16,"The main thrust of the offensive wil to be conducted by the 3rd Belorussian Front under Chernyakhovsky. Your forces are tasked with driving westwards towards Konigsberg, against the defensive positions of Third Panzer Army and Fourth Army, the northern armies of General Georg-Hans Reinhardt's Army Group Center.",,,,ruscam16.xml,"The main thrust of the offensive wil to be conducted by the 3rd Belorussian Front under Chernyakhovsky. Your forces are tasked with driving westwards towards Konigsberg, against the defensive positions of Third Panzer Army and Fourth Army, the northern armies of General Georg-Hans Reinhardt's Army Group Center."
The Great Patriotic War Russia Campaign (1942-1945),17,"Operation Solstice (German: Unternehmen Sonnenwende), also known as Unternehmen Husarenritt or the 'Stargard tank battle', was a German armoured offensive operation on the Eastern Front, one of the last such operations.",,"Originally planned as a major offensive, it was eventually executed as a more limited attack.",Germany vs Soviet Union,ruscam17.xml,"Operation Solstice (German: Unternehmen Sonnenwende), also known as Unternehmen Husarenritt or the 'Stargard tank battle', was a German armoured offensive operation on the Eastern Front, one of the last such operations.

Originally planned as a major offensive, it was eventually executed as a more limited attack.
It was repulsed by the Red Army, but helped to convince the Soviet High Command to postpone the planned attack on Berlin."
The Great Patriotic War Russia Campaign (1942-1945),18,"The beginning of the end, Battle of the Seelow Heights.",,"In the early hours of 16 April, the offensive began with a massive bombardment by thousands of artillery pieces and Katyushas. Well before dawn, the 1st Belorussian Front attacked across the Oder and the 1st Ukrainian Front attacked across the Neisse. The 1st Belorussian Front was the stronger force but it had the more difficult assignment since it was facing the bulk of the German forces.",Fascist forces vs Germany vs Soviet Union,ruscam18.xml,"The beginning of the end, Battle of the Seelow Heights.

In the early hours of 16 April, the offensive began with a massive bombardment by thousands of artillery pieces and Katyushas. Well before dawn, the 1st Belorussian Front attacked across the Oder and the 1st Ukrainian Front attacked across the Neisse. The 1st Belorussian Front was the stronger force but it had the more difficult assignment since it was facing the bulk of the German forces.

""The offensive demands a boundless mass of energy from us in order to bring the Fascist filth to an even quicker end."" -Inscription on a Soviet monument."
The Great Patriotic War Russia Campaign (1942-1945),19,"""On the walls of the houses we saw Goebbels' appeals, hurriedly scrawled in white paint: 'Every German will defend his capital. We shall stop the Red hordes at the walls of our Berlin.' Just try and stop them!",,"Steel pillboxes, barricades, mines, traps, suicide squads with grenades clutched in their hands all are swept aside before the tidal wave.",Fascist forces vs Germany vs Soviet Union,ruscam19.xml,"""On the walls of the houses we saw Goebbels' appeals, hurriedly scrawled in white paint: 'Every German will defend his capital. We shall stop the Red hordes at the walls of our Berlin.' Just try and stop them!
Steel pillboxes, barricades, mines, traps, suicide squads with grenades clutched in their hands all are swept aside before the tidal wave.
Drizzling rain began to fall. Near Bisdorf I saw batteries preparing to open fire.
'What are the targets?' I asked the battery commander.
Center of Berlin, Spree bridges, and the northern and Stettin railway stations,' he answered.
Then came the tremendous words of command: 'Open fire at the capital of Fascist Germany.'
I noted the time. It was exactly 8:30 a.m. on 22 April. Ninety-six shells fell in the center of Berlin in the course of a few minutes.""

-A Soviet war correspondent."
Czech Legion - Siberian Anabasis (1917-1920),0,*** CZECH LEGION - SIBERIAN ANABASIS ***,"SIBERIAN ANABASIS ***Our beloved lands of Bohemia and Moravia have been under Habsburg control for centuries. Now, during the World War, the time has come to liberate ourselves and rule our own country ourselves!The Habsburg K.u.K Army has suffered tremendous losses ever since 1914 and of the hundreds of thousands prisoners, a considerable number of Czech were part of that. Our political leaders, like Masaryk and Durich, have received permission from the Russian Tsar to form a Czech Legion. In 1916 two Czech regiments were formed. Early 1917 a revolution takes place in Russia which forces the Tsar to abdicate. Under the new government, lead by Kerensky, Russia continues the war against Austria-Hungary and the Germany. The Czech Legion is expanded to brigade size and is deployed at the southern front against the Austro-Hungarian K.u.K Army in the area of Zborow when Kerensky orders an offensive.00. ZBOROW (2 July 1917)The Czech Legion will take part in the Kerensky Offensive, lead by the 1916 hero Brusilov. The goal is to capture Lemberg and Kowel. The Czech Legion receives orders to capture the village of Pluhiv after breaking through the Austro-Hungarian trenches.The Czech Legion is deployed in between the Finnish 6th and 4th divisions. The Austro-Hungarian forces consist of the K.u.K. 19th infantry division which consists roughly of half of Czechs... Success is vital!","Our beloved lands of Bohemia and Moravia have been under Habsburg control for centuries. Now, during the World War, the time has come to liberate ourselves and rule our own country ourselves!",Czechoslovakia vs Germany vs Hungary,acampzbo.xml,"*** CZECH LEGION - SIBERIAN ANABASIS ***

Our beloved lands of Bohemia and Moravia have been under Habsburg control for centuries. Now, during the World War, the time has come to liberate ourselves and rule our own country ourselves!

The Habsburg K.u.K Army has suffered tremendous losses ever since 1914 and of the hundreds of thousands prisoners, a considerable number of Czech were part of that. Our political leaders, like Masaryk and Durich, have received permission from the Russian Tsar to form a Czech Legion. In 1916 two Czech regiments were formed. Early 1917 a revolution takes place in Russia which forces the Tsar to abdicate. Under the new government, lead by Kerensky, Russia continues the war against Austria-Hungary and the Germany. The Czech Legion is expanded to brigade size and is deployed at the southern front against the Austro-Hungarian K.u.K Army in the area of Zborow when Kerensky orders an offensive.

00. ZBOROW (2 July 1917)

The Czech Legion will take part in the Kerensky Offensive, lead by the 1916 hero Brusilov. The goal is to capture Lemberg and Kowel. The Czech Legion receives orders to capture the village of Pluhiv after breaking through the Austro-Hungarian trenches.

The Czech Legion is deployed in between the Finnish 6th and 4th divisions. The Austro-Hungarian forces consist of the K.u.K. 19th infantry division which consists roughly of half of Czechs... Success is vital!"
Czech Legion - Siberian Anabasis (1917-1920),1,01. Kiev (28 February 1918),,"The Bolshevik rule in Russia had resulted in a armistice with the Central Powers signed on 17 December 1917. At the moment peace talks are taking place in Brest-Litovsk. To force the Bolsheviks to sign, the Central Powers have resumed their offensive actions and because of the complete dissarray of the Russian Army, they are pushing deep into the Ukraine. At the time, the Czech Legion was retreating east to avoid capture by the German Army. The Czech Legion was now an independant force, obeying only to their own commander as nobody else could be trusted.",Czechoslovakia vs Germany,acampkie.xml,"01. Kiev (28 February 1918)

The Bolshevik rule in Russia had resulted in a armistice with the Central Powers signed on 17 December 1917. At the moment peace talks are taking place in Brest-Litovsk. To force the Bolsheviks to sign, the Central Powers have resumed their offensive actions and because of the complete dissarray of the Russian Army, they are pushing deep into the Ukraine. At the time, the Czech Legion was retreating east to avoid capture by the German Army. The Czech Legion was now an independant force, obeying only to their own commander as nobody else could be trusted. 

Near the end of February 1918 the German Army had reached the outskirts of the Ukrainian capitol of Kiev. The Bolshevik authorities have fled the city leaving only behind the most fanatical volunteers. Ukrainian nationalist are welcoming the Germans as liberators of their country. One of the German goals is to capture or destroy the Czech Legion for it was that force that was essential in slowing down the German advance time after time. 

As we speak the Czech Legion has partly reached Kiev and parts of the Legion  will take up defensive positions at the bridges over the Dnjepr River, so that the bulk of Czech Legion can retreat even deeper into the Ukraine and stay out of German hands. You will have to hold out for at least five days.

NOTE: After 11 turns you must hold 3 VHs to win the scenario."
Czech Legion - Siberian Anabasis (1917-1920),2,02. BACHMATSJ (13 March 1918),,On 3 March 1918 the Bolsheviks signed the peace treaty of Brest-Litovsk which made an end to official hostilities between Russia and the Central Powers. However sporadic fighting continued for days. Russia gave away huge territories including the Ukraine. At the time of the armistice the Czech Legion was east of Kiev.,Czechoslovakia vs Germany vs Soviet Union,acampbac.xml,"02. BACHMATSJ (13 March 1918)

On 3 March 1918 the Bolsheviks signed the peace treaty of Brest-Litovsk which made an end to official hostilities between Russia and the Central Powers. However sporadic fighting continued for days. Russia gave away huge territories including the Ukraine. At the time of the armistice the Czech Legion was east of Kiev.

The Germans were close to reaching their new borders on the border of Russia and the Ukraine. German forces made rapid advances using the railways. A collision between German troops and the Czech Legion is about to take place near the village of Bachmatsj, between Kiev and Konotop. To avoid capture it might be needed to fight a way east. Soviet Red Army troops are in the same position and are also trying to flee east. Cooperation with the Communists could be useful to our cause."
Czech Legion - Siberian Anabasis (1917-1920),3,03. TSJELJABINSK (14 May 1918),,An agreement has been made between the Bolshevik authorities in Moscow and the Czech Legion. The Legion is allowed to get out of Russia using the Trans-Siberian railway. So the Legion was scattered over the railway between Penza and the Urals in May 1918.,Czechoslovakia vs Hungary vs Soviet Union,acamptsj.xml,"03. TSJELJABINSK (14 May 1918)

An agreement has been made between the Bolshevik authorities in Moscow and the Czech Legion. The Legion is allowed to get out of Russia using the Trans-Siberian railway. So the Legion was scattered over the railway between Penza and the Urals in May 1918. 

It was not of the Legion's wishes to mix itself into any Russian internal affairs but local Soviet authorities were sometimes acting on their own good. The relation between the Soviets and Czechs was tense. So on 14 May 1918 the units of the Legion arrived in Tsjeljabinsk, east of the Ural mountains, where a train with Hungarian prisoners of war which were returning to Austria-Hungary in accordance with the Brest-Litovsk treaty. At Tsjeljabinsk an incident between a number of Czechs and Hungarians took place after which the local Soviet authority imprisoned a number of Czechs. Trotsky ordered to disarm the Legion which was sufficient for the Legion's commanders to take their faith into their own hands. 

You have to attack the prisonhouse in Tsjeljabinsk and free your fellow legionairs. You might have to defend yourself against possible attacking local Soviet troops and the Hungarian POWs which are still in the vicinity. Parts of the Legion is still at railroads west of Tsjejabinsk but some of them might arrive on time to help you.

NOTE: YOU CAN USE THE RAILROADS BY EMBARKING YOUR UNITS FROM NOW ON."
Czech Legion - Siberian Anabasis (1917-1920),4,04. SAMARA (26 May 1918),,"After breaking with the Soviet authorities, the Czech Legion started to take over city after city along the railroads towards Wladiwostok. As it was still dispersed from east of the Urals in the east to almost the  Volga River in the west. Before long the Legion held power over a huge stretch of territory and was seen as one of the most dangerous enemies by the Soviet leaders in Moscow. In an attempt to secure itself the Czech Legion carried out attacks on Soviet cities. Tsjeljabinsk and Ufa had already been taken. Samara on the Volga River would be next.",Czechoslovakia vs Soviet Union,acampsam.xml,"04. SAMARA (26 May 1918)

After breaking with the Soviet authorities, the Czech Legion started to take over city after city along the railroads towards Wladiwostok. As it was still dispersed from east of the Urals in the east to almost the  Volga River in the west. Before long the Legion held power over a huge stretch of territory and was seen as one of the most dangerous enemies by the Soviet leaders in Moscow. In an attempt to secure itself the Czech Legion carried out attacks on Soviet cities. Tsjeljabinsk and Ufa had already been taken. Samara on the Volga River would be next.

Your are ordered to use the railroads to reach Samara on the Volga River. No doubt the Soviets will attempt to slow you down on the way to buy time to prepare defenses of Samara. You veterans must overcome all difficulties and clear Samara from Bolsheviks."
Czech Legion - Siberian Anabasis (1917-1920),5,05. KAZAN (7 July 1918),with anyone.,"In the process of securing its own fate, the Czech Legion was capturing various cities. Within weeks the Volga River was reached and the city of Samara was taken. Next would be Kazan, famous for holding the Imperial Gold Reserve. A fact not lost for the Czech Legion.",Czechoslovakia,acampkaz.xml,"05. KAZAN (7 July 1918)

In the process of securing its own fate, the Czech Legion was capturing various cities. Within weeks the Volga River was reached and the city of Samara was taken. Next would be Kazan, famous for holding the Imperial Gold Reserve. A fact not lost for the Czech Legion.

From Samara, south of Kazan, you will once again use the railroad system to quickly reach Kazan and clear it of Bolsheviks. The Imperial Gold Reserve is also one of your goals. If we capture it, we have a very good negitiation position - with anyone."
Czech Legion - Siberian Anabasis (1917-1920),6,07. OMSK (22 December 1918),both sides had profit from one another. A small part of the Legion will take part in the action to put down this revolt. Support will come from Cossacks which are grazing in the countryside.,"The autumn of 1918 brought good news to the Czech Legion. Austria-Hungary had surrendered and the new state of Czechoslovakia had declared its independance. In short, the Czechs and Slovaks of the Legion had a home to attend to. It would no longer be unneccasarily involve itself in the Russian Civil War anymore.",Czechoslovakia vs Russia,acampoms.xml,"07. OMSK (22 December 1918)

The autumn of 1918 brought good news to the Czech Legion. Austria-Hungary had surrendered and the new state of Czechoslovakia had declared its independance. In short, the Czechs and Slovaks of the Legion had a home to attend to. It would no longer be unneccasarily involve itself in the Russian Civil War anymore.

To reach its homeland, the Legion had still to cross Siberia, which was in control of White Russian power under Admiral Koltsjak. December 1918 saw a revolt against Koltsjak in Omsk, east of the Ural mountains, where Koltsjak held court. The Czech Legion supported Koltsjak as he did not object to the presence the Czech Legion - both sides had profit from one another. 

A small part of the Legion will take part in the action to put down this revolt. Support will come from Cossacks which are grazing in the countryside."
Czech Legion - Siberian Anabasis (1917-1920),7,09. SEMENOV (10 February 1920),,"Early 1920, the Legion was close to reaching Wladiwostok. At Irkutsk the Czech Legion traded the Imperial Gold Reserve and Koltsjak to the Soviets for a free passage further east. Being already east of Lake Baikal, it was thought no more fighting would take place. However these regions, east of Lake Baikal, were never under control by Koltsjak and a Cossack ruler, Ataman Semenov, ruled here. Semenov was supported by Japan and was initially hostile towards the Legion.",Czechoslovakia vs Soviet Union,acampsem.xml,"09. SEMENOV (10 February 1920)

Early 1920, the Legion was close to reaching Wladiwostok. At Irkutsk the Czech Legion traded the Imperial Gold Reserve and Koltsjak to the Soviets for a free passage further east. Being already east of Lake Baikal, it was thought no more fighting would take place. However these regions, east of Lake Baikal, were never under control by Koltsjak and a Cossack ruler, Ataman Semenov, ruled here. Semenov was supported by Japan and was initially hostile towards the Legion.

You must go further east towards Chita. Our goal remains leaving Russia and get home. Semenov's Transbaikal Cossacks might try to stop you and you have orders not to be stopped by anyone."
Czech Legion - Siberian Anabasis (1917-1920),8,10. WLADIWOSTOK (10 March 1920),,"After two years of struggle getting through Russia, the Czech Legion had finally reached Wladiwostok and all what was left was waiting on ships to take them home, as initially there were not sufficient ships to take all back home at once.",Czechoslovakia vs Japan vs USA,acampwla.xml,"10. WLADIWOSTOK (10 March 1920)

After two years of struggle getting through Russia, the Czech Legion had finally reached Wladiwostok and all what was left was waiting on ships to take them home, as initially there were not sufficient ships to take all back home at once.

You have get to Wladiswostok by passing American and Japanese zones of occupation. No more fighting is needed! You are going home!!!"
Czech Legion - Siberian Anabasis (1917-1920),9,06. KAZAN - RED OFFENSIVE (27 October 1918),"RED OFFENSIVE (27 October 1918)The loss of Kazan had generated into enormous bolshevik activity to stop the Czech Legion from capturing more cities and advance across the Volga River towards Moscow. Leon Trotski himself would conduct the preparations.The Soviet assembled their Fifth Army under General Tukhachevsky, which later lead the invasion of Poland and become victim of Stalin's purges. The Fifth Army had reached the Volga River and was now ready to recapture Kazan. You must hold Kazan and hold the enemy at bay. We have no intentions of advancing towards Moscow but we will not be defeated. Also hold open the railroads to the Ural mountains.",The loss of Kazan had generated into enormous bolshevik activity to stop the Czech Legion from capturing more cities and advance across the Volga River towards Moscow. Leon Trotski himself would conduct the preparations.,Czechoslovakia vs Soviet Union,acampka2.xml,"06. KAZAN - RED OFFENSIVE (27 October 1918)

The loss of Kazan had generated into enormous bolshevik activity to stop the Czech Legion from capturing more cities and advance across the Volga River towards Moscow. Leon Trotski himself would conduct the preparations.

The Soviet assembled their Fifth Army under General Tukhachevsky, which later lead the invasion of Poland and become victim of Stalin's purges. The Fifth Army had reached the Volga River and was now ready to recapture Kazan. 

You must hold Kazan and hold the enemy at bay. We have no intentions of advancing towards Moscow but we will not be defeated. Also hold open the railroads to the Ural mountains."
Czech Legion - Siberian Anabasis (1917-1920),10,08. UFA (9 June 1919),,"The Czech Legion had withdrawn itself from the Russian Civil War and was only sparsely involved when 1918 ended. However, still elements of the Legion were scattered as far west as Ufa, near the Ural mountains, when the White Russian forces of Koltsjak were on the retreat under pressure of a huge Soviet offensive aimed at destroying the White Russians in Siberia.",Czechoslovakia vs Russia vs Soviet Union,acampufa.xml,"08. UFA (9 June 1919)

The Czech Legion had withdrawn itself from the Russian Civil War and was only sparsely involved when 1918 ended. However, still elements of the Legion were scattered as far west as Ufa, near the Ural mountains, when the White Russian forces of Koltsjak were on the retreat under pressure of a huge Soviet offensive aimed at destroying the White Russians in Siberia.

The White Russian Siberian Army has suffered defeat after defeat and is retreating towards to Ural mountains where it hopes to stop the Soviet advance. The important city of Ufa has just now fallen in Soviet hands. Czech Legion units are near Ufa and are in immediately threat of being attacked.

You are in command of the Czech Legion units near Ufa. You must hold any enemy from blocking the railroads going east, to the Ural mountains and safeguard the railroad. It might be needed to engage Soviet units because the White Russian army might not be able to stem the Soviet advance..."
A Long Journey to Freedom (1848-1865),0,"20. 4. 1848, Prologue: Knechtschaft oder Revolution! (Slavery or Revolution!)",,"Lieber Freund,",,aljf_0.xml,"20. 4. 1848, Prologue: Knechtschaft oder Revolution! (Slavery or Revolution!)

Lieber Freund,
not much time to write, hastily a short note for you:
I joined Friedrich Hecker who is negotiating at the moment with prussian general Friedrich von Gagen.
Von Gagen wants unconditional surrender which we never will accept.
But still we are not enough men, so we have to flee from here. At Rhine and Neckar we will surely find a lot of supporters...

ORDERS:
Save Friedrich Hecker or the Revolution will be lost!

ADVICE FROM YOUR OLDEST SERGEANT:
It is important for us to gain experience but we should withdraw to the east....!"
A Long Journey to Freedom (1848-1865),1,"20. 4. 1848, Der Heckerzug (Hecker's Uprising)",,"Lieber Freund,",Germany,aljf_1.xml,"20. 4. 1848, Der Heckerzug (Hecker's Uprising)

Lieber Freund,

...I feel, now the time has come !
I've joined the ""Heckerzug"" and fight for a free, democratic Republic for all Germans.....

To hell with all those Dukes and Earls !
To hell with all Prussians !
Vivat the german Republic !

ORDERS:
Herr General, free all the Main Cities around the Neckar and take you radvance to the important City of Freiburg. 
Reinforces from every liberated City will join our Revolution Army and the german democratic Legion aproaching in the South.
Hurry up! Our Spies report enemy forces, arriving in the east in a few days.
The Capital of Baden, Karlsruhe, we must take later.

TAKE ALL VH's

ADVICE FROM YOUR OLDEST SERGEANT:
Herr General, we must hurry up: speed is the key; but dont forget our back.....
And before you attack Freiburg, you must gather your troops !

NOTE:
It is only possible to deploy Friedrich Hecker at hex (29,29)."
A Long Journey to Freedom (1848-1865),2,"13. 6. 1849, The Palataine Uprising",,"Lieber Freund,",,aljf_2.xml,"13. 6. 1849, The Palataine Uprising

Lieber Freund,

...this is the opportunity, we have been waiting for: the Palatains continue the Fight for the Republic, and we have joined them.
The Prussians have send some of their best troops, but in our hearts is still burning a hot flame of freedom....
Vivat the german Republic !

ORDERS:
Herr General, this becomes a hard battle, we have to defend the revolution against the famous Prussian army....
Reinforces from every liberated city will join our Revolution army.
Liberate and defend the Land !

TAKE ALL VH's

ADVICE FROM YOUR OLDEST SERGEANT:
Herr General, we have no chance in the open field, stay in the hills and let them come....
...Try to flank the enemy artillery, and destroy them at first!
...keep in mind, that men from every liberated city will join our army...
And it seems, there are no enemies in the West..."
A Long Journey to Freedom (1848-1865),3,"21. 6. 1849, The decisive Battle at Waghäusel",,"Lieber Freund,",,aljf_3.xml,"21. 6. 1849, The decisive Battle at Waghäusel

Lieber Freund,
...the superior prussian Army has pushed us back over the Rhine River, but the People in Baden, and their whole army have joined the Revolution again !
...now, we are encircled by the enemy and we must fight for our lives and the Republic....

ORDERS:
Herr General, many enemies in every direction.....
But we are in a good strategical position, and the Baden Army has joined our side...
We must hold our lines...
If we win this, I'm sure there will be uprisings in all german States...

HOLD 6, 4, 2 VH's for BV, V, TV

IMPORTANT NOTE:
Because of the historical correctness it's very hard to reach a BV"
A Long Journey to Freedom (1848-1865),4,"May, 10., 1861 The St. Luis Arsenal",,"Dear Friend,",,aljf_4.xml,"May, 10., 1861 The St. Luis Arsenal

Dear Friend,
since I have been here I spent many years as Teacher and Editor of a ""german"" Journal....  
Me and my former Comrades have foundeed many gymnastics Clubs, Pubs, Factories... and Families...

For a long Time I have not thought about War and Battles.... but now our new freedom is threatened again. 
I will never admit that a Man will be another Man´s Slave!

...So again I move into Battle...

----{secret telegraph depeche to general}-----
THE WHITE HOUSE; WASHINGTON,

General,
with Excitement we hear that our german Friends have formed four volunteer Regiments.
We regret that we must inform you that we will not be able to send you Support because at the moment all Connections are in the Hand of our Enemy.

Recommend requisition of Weapons out of St.Luis Arsenal...!

Further orders to follow......

THE PRESIDENT OF THE UNITED STATES
-----{end of secret telegraph depeche}----

ORDERS:
what shall we do? Forward !!

TAKE ALL VH's

ADVICE FROM YOUR OLDEST SERGEANT:
nor purchase, nor upgrade possible....we need at first the St. Luis Arsenal and supply Connections to the North...."
A Long Journey to Freedom (1848-1865),5,"June, 17., 1861 The Boonville Races",,"Dear Friend,",,aljf_5.xml,"June, 17., 1861 The Boonville Races

Dear Friend,
wir haben uns mit modernem material ausgerüstet, und ziehen laut befehl nach westen- wenn wir die rebellen aus boonville vertreiben sind unsere versorgungswege bis auf weiteres sicher....

ORDERS:
General, we send you a ship to support your troops. hurry up ! we need boonville fast !

TAKE ALL VH's

ADVICE FROM YOUR OLDEST SERGEANT:
Dont forget to equip your men with modern weapons....

dear friend,

we have got modern matrerial and now move westward as ordered- if we drive the rebels out of Boonville our supply connections will be secure for some time"
A Long Journey to Freedom (1848-1865),6,"August, 10., 1861 Wilson's Creek",,"Dear Friend,",,aljf_6.xml,"August, 10., 1861 Wilson's Creek

Dear Friend,
the northern border of Missouri should be safe .... but now we have to annihilate the last rebel units to secure our supplylines...

General Sigel proposed to use one of our most successful strategies of the 48 revolution: General Lyon should occupy the enemy troops frontally and General Sigel and we will sneak into its back...

ORDERS:
General Sigel's Men, Forward ! Attack them in their Back !

TAKE ALL VH's

ADVICE FROM YOUR OLDEST SERGEANT:
Attention ! If you loose your last captured VH, you've lost the Battle !"
A Long Journey to Freedom (1848-1865),7,"September, 20., 1861 Battle of the Hemp Bales",,"Lexington, Missouri",,aljf_7.xml,"September, 20., 1861 Battle of the Hemp Bales
Lexington, Missouri

Dear Friend, 

the Missouri State Guard is attacking us for 8 days now. Thanks to god, we were able to build entrenchments before the fighting began. Now, our hospital at Anderson's House is  full  of many wounded soldiers and we are short of ammo and water. The only spring is under constant confederate fire and our canteens are almost empty.

They are rolling hemp bales up the hills and use them as a cover. We are loading our rifles and guns with red hot iron bullets but they soaked the hemp bales in missouri waters and our salvos won't light them up at all! We can only continue fighting for a short time, maybe only till the end of this day. We are going to die of thirst or will loose the battle and become prisoners of the Confederation!

ORDERS:

Hold the defense positions at Masonic College and Andersons's House north of Lexington and stop the confederate advance. Later you may want to take Lexington if possible.

Hold 4 VH for a brilliant victory
Hold 2 VH for a victory
Hold 1 VH for a tactical victory

ADVICE FROM YOUR OLDEST SERGEANT:
Sir, I don't think we can hold all positions at the same time. It seems to be a better tactic to defend one stronghold and recapture the other objectives later."
A Long Journey to Freedom (1848-1865),8,"March, 3., 1862 Pea Ridge",,"Dear Friend,",,aljf_8.xml,"March, 3., 1862 Pea Ridge

Dear Friend,
our order is to secure Arkansas for the Union !

As we have won Missouri for us I think our meanwhile well established cavallery will free Arkansas quickly too...

Seemingly at the moment only weak enemy forces stand there against us, but reconnaissance reports that the Confederates have sent General van Dom with a relieving army....

ORDERS:
TAKE ALL VH's

ADVICE FROM YOUR OLDEST SERGEANT:
Don´t let the two Confederate army groups get into contact with each other !"
A Long Journey to Freedom (1848-1865),9,"March, 23., 1862 Kernstown","*   ---at first, you should just hold the Kernstown-line, and take glasshouse in the west; then move with your glasshouse-group forward to Kernstown...then you can attack Kernstown from two sides...DONT attack Kernstown just with one group trough the river... tha´ts suicide !","Dear Friend,",,aljf_9.xml,"March, 23., 1862 Kernstown

Dear Friend,
now the time has come to draw our attack into enemy country...

I got command for our attack on Virginia...!

ORDERS:
TAKE ALL VH's

ADVICE FROM YOUR OLDEST SERGEANT:
you should purchase some additional artillery and/or cavalry.
(watch out: a cheaper artillery, but with support-Fire [no ""s""] is a better desicion as a heavy artillery with NO support-fire)
maybe a modern MG would be a wise decision, too....
and dont forget to upgrade your units from time to time....
---   * - *   ---
at first, you should just hold the Kernstown-line, and take glasshouse in the west; then move with your glasshouse-group forward to Kernstown...then you can attack Kernstown from two sides...
DONT attack Kernstown just with one group trough the river... tha´ts suicide !"
A Long Journey to Freedom (1848-1865),10,"August, 28., 1862 Retreat at Bull Run",,"Dear Friend,",,aljf_10.xml,"August, 28., 1862 Retreat at Bull Run

Dear Friend,
General Lee fought his way trough all our armies and stands now close to Washington....but more bad news: the enemy uses our famous strategy and flanks us.... we must draw back to better positions.... 
An orderly retreat...: one of the most difficult manuveurs...

ORDERS:
General, an enemy army, coming from the South !.... If we hold the actual positions, our Army, Washington and maybe the whole war is lost !....we must draw back and build a defense line on better positions...

HOLD ALL THE VH !

NOTE: In this Scenario ""Skip first Player Turn"" is activated : The Confederates starts...

ADVICE FROM YOUR OLDEST SERGEANT:
Dont forget: we must hold ALL VH's !"
A Long Journey to Freedom (1848-1865),11,"September, 15., 1862 Harpers Ferry",,"Dear Friend, we have been ordered to Harpers Ferry. It's such a beautiful place! A little town and important railroad crossing, were the Shenandoah and Potamac Rivers meet, surrounded by mountains...",,aljf_11.xml,"September, 15., 1862 Harpers Ferry

Dear Friend, we have been ordered to Harpers Ferry. It's such a beautiful place! A little town and important railroad crossing, were the Shenandoah and Potamac Rivers meet, surrounded by mountains...

ORDERS:
Stay calm and defend this very important town! Surrender is not an option!
If possible take the Maryland Heights and try to size Jackson's HQ at Keller.

ADVICE FROM YOUR OLDEST SERGEANT:
No matter from which direction the wind is blowing -I can smell the confederats!"
A Long Journey to Freedom (1848-1865),12,"December, 13., 1862 Fredericksburg",,"Dear Friend, this night we reached the city of Fredericksburg. The confederates had destroyed all bridges across Rappahannock River. Our sappers were busy building ponton bridges instead. We have been ordered to cross the river and attack the confederate positions on the heights west of Fredericksburg and the railway.",Cavalry,aljf_12.xml,"December, 13., 1862 Fredericksburg

Dear Friend, this night we reached the city of Fredericksburg. The confederates had destroyed all bridges across Rappahannock River. Our sappers were busy building ponton bridges instead. We have been ordered to cross the river and attack the confederate positions on the heights west of Fredericksburg and the railway. 
This mission seems to be insane!

ORDERS:
Congratulations Sir, we received a message from President Lincoln and the Army Headquaters and you will be promoted to Major General! Due to the reorganisation of the Army of the Potamac, you will command our new formed corps. Four regiments of colored soldiers will be attached to your core units.
....Cross the river and take the heights...!

ADVICE FROM YOUR OLDEST SERGEANT:
A direct attack seems to be suicide but maybe we should remember Franz Sigel's favorite tactic and send the Cavalry far away to one of the flanks!

HISTORICAL NOTE:
The colored infantry regiments which join your core did not take part at the historic Battle of Fredericksburg or were established later but have been implemented at this point of the campaign for a better core development."
A Long Journey to Freedom (1848-1865),13,"May, 2., 1863 Chancellorsville",,"Dear Friend, we are sitting in the middle of nowhere, waiting for the enemy. They are somewhere in the woods. This region is called ""The Wilderness"", and that's how it looks here: Deep forests and small creeks....",,aljf_13.xml,"May, 2., 1863 Chancellorsville

Dear Friend, we are sitting in the middle of nowhere, waiting for the enemy. They are somewhere in the woods. This region is called ""The Wilderness"", and that's how it looks here: Deep forests and small creeks.... 

ORDERS:
We have lost contact to the enemy armies! It is unclear what will happen and your orders are to keep position.

ADVICE FROM YOUR OLDEST SERGEANT:
Hold the line !!!"
A Long Journey to Freedom (1848-1865),14,"May, 19., 1863  Vicksburg",,"Dear Friend,",,aljf_14.xml,"May, 19., 1863  Vicksburg

Dear Friend, 
the president has attached the USS Moose to our army corps... 
I think she will be quite useful for us in the future...
So here I am again back to the Mississipi valley where everything started for me...
After all the drawbacks here a unique chance is offered to us.

ORDERS:
General, if Vicksburg is taken, only Port Hudson is left as last resort on the Mississipi for the rebels...   
If we can control both cities we have split the Confederates in two pieces....

TAKE AL VHs

ADVICE FROM YOUR OLDEST SERGEANT:
do not sell the USS Moose ! 
She will be of benefit for us till the end of war...

you should deploy most of your men in the west, to take the desoto peninsula.... and your cavalry should help in the east...."
A Long Journey to Freedom (1848-1865),15,"July, 1., 1863  Gettysburg",,"Dear Friend,",,aljf_15.xml,"July, 1., 1863  Gettysburg

Dear Friend, 
once again the best rebel general, General Lee, has penetrated far into the north of our territory...
He is threatening Washington D.C. as well as Baltimore and Philadelphia, and in addition he is tying useful troops of us up here...
Our cavallery scouts have spotted a  confederate reconnaissance unit near Gettysburg...expecting the mass of Lee´s army to be close our troops errected provisional defense positions around Gettysburg in the last moment..
My army Corps originally was intended to support the South East but being near by chance we have to support our comrades in Gettysburg...
My men think it has been only a small enemy rec unit, but I am sure General Lee will be here with the mass of his troops any moment...

ORDERS:
General, it is good fortune that you have been near. Strengthen immediately the front of Gettysburg with your men !
This might well be one of the decisive battles of the war... if we loose here the Hinterland is wide open for Lee... if we win, we will break the neck of general Lee´s army and do away with a permanent threat !
Hold the Codori- Heights at any cost !!!
Enemy reinforcement, the II. confederate Corps, will arrive from the west....
Our reinforcements are exected from the east and later on from the south.....

HOLD 4/3/2 VHs FOR BV/V/TV

ADVICE FROM YOUR OLDEST SERGEANT:
If not already done, you should definitely deliver transport for your core-infantery: they have to disburden our comrades in Gettysburg as fast as possible...
It might be that we have to give up Gettysburg for the moment and to reconquer it later....
Eventually we should shorten our frontline and draw back; but on the other side our positions in the mountains are very valuable... so you have to act with care..
We should keep some pp in reserve, if we might be necessary to refresh our troops.... draw battered troops and those without ammunition from the first line and replace them immediately...

BE AWARE of Longstreet´s confederate reinforcement in the WEST. You should send our Corps against them FIRST !"
A Long Journey to Freedom (1848-1865),16,"October, 14., 1863  Bristoe Station",,"Dear Friend,",,aljf_16.xml,"October, 14., 1863  Bristoe Station

Dear Friend,
I have only time for a short letter.... The recent days saw only minor skirmishes. We don't know what is going on, and it seems our maneuvers were unsuccessful... 
Now we are on our way to Manasas Junction and were marching all day long....
I have only few minutes because we can hear some battle noise from far ahead of us. Will it be a minor skirmish again?

ORDERS:
The Confederates are attacking the II corps but it seems they are not aware your corps is close behind. Repell the attack and continue your way to Manassas Junction. Reports from our scouts suggest that the enemy will attack from the north only.

Retreat 30 core and/or auxilliary units. (There is a total of 22 auxilliary units + some reinforements)

ADVICE FROM YOUR OLDEST SERGEANT:
Sir, may I suggest to stay near the railroad and keep the troops together?"
A Long Journey to Freedom (1848-1865),17,"February, 17., 1864  Charleston","Fort Sumter bombarded by CSA troops12/1861 - The Union Navy sank 24 block ships 06/1862 - Battle of Secessionville 04/1863 - First Battle of Charleston Harbor07/1863 - First Battle of Fort Wagner07/1863 - Second Battle of Fort Wagner08/1863 - ""Swamp Angel"" bombarding Charleston09/1863 - Second Battle of Fort Sumter02/1864 - H.L. Hunley sank USS Housatonic.07/1864 - amphibious assault on Fort Johnson02/1865 - Charleston surrendered","Dear Friend,",,aljf_17.xml,"February, 17., 1864  Charleston

Dear Friend,
We have been on board of the ship for a week now. Most of us are sea-sick. We were sailing along the coast from New York City to the south. 
There are rumors about our destination.... Is it Savannah or Wilmington? Charleston or Mobile? The officers dont't tell us no matter how often we ask. I hope next time when I write a letter I will stand on solid ground....

ORDERS:
Charleston is a important confederate port and one of the largest cities in the CSA. Taking Charleston will be vital for us and would weaken the confederates. You and your corps have been selected to carry out an amphibious landing operation. Some of our troops have already taken position in the southern swamps.

ADVICE FROM YOUR OLDEST SERGEANT:
Sir, it seems it is not necessary to take all of the forts and batteries. Most of them are protected by immobile units. Sir, we also hear rumors about sea monsters!

NOTE:
This is a (""half-"") fictive scenario!

There were many battles in the Charleston area, but the Union was not able to take possession of the city before 18th February 1865.

04/1861 - Fort Sumter bombarded by CSA troops
12/1861 - The Union Navy sank 24 block ships 
06/1862 - Battle of Secessionville 
04/1863 - First Battle of Charleston Harbor
07/1863 - First Battle of Fort Wagner
07/1863 - Second Battle of Fort Wagner
08/1863 - ""Swamp Angel"" bombarding Charleston
09/1863 - Second Battle of Fort Sumter
02/1864 - H.L. Hunley sank USS Housatonic.
07/1864 - amphibious assault on Fort Johnson
02/1865 - Charleston surrendered"
A Long Journey to Freedom (1848-1865),18,"May, 5., 1864  New Market",,"Dear Friend,",,aljf_18.xml,"May, 5., 1864  New Market

Dear Friend,
Once again our old friend Franz Sigel has taken command in our corps.... we have not met for a long time and the first night we talked an drank beer together...it has really been a long journey from the battlefields at the Rhine river up to here into Shenandoah valley....
Our original orders were to defend our own railway connections and to destroy the enemy ones...
But now Lee has sent General Breckinridge against us with all men he could collect...
The rebels seem to be really desperate now: they refreshed Breckinridge´s troops even with cadets from the Virginia Military Institute...
At this moment our vanguard has met Breckinridge´s men so I must hurry into our forward line...

ORDERS:
Take all VH's

ADVICE FROM YOUR OLDEST SERGEANT:
Caution ! We are deep in enemy country without lateral connection to our lines...we should reconnoiter in all directions and move forward very carefully !!!"
A Long Journey to Freedom (1848-1865),19,"July, 4., 1864  Harper's Ferry",,"Dear Friend,",,aljf_19.xml,"July, 4., 1864  Harper's Ferry

Dear Friend,
Once again we are in the Harper's Ferry vicinity. 
When the confederate army under Jubel A. Early was approaching us, General Sigel gave orders to evacuate the city. We took positions north of the Potomac river on the Maryland Heights. 
We hear rumors that the High Command of the Army once again fell in disfavor with Sigel and that he will be replaced soon. 
We also received orders to attack in the next hours and retake the strategic important Harper's Ferry bridges, as well as the city.

ORDERS:
Retake the city!

ADVICE FROM YOUR OLDEST SERGEANT:
Sir, we should cross the rivers up- or downstream. The riverside at Harper's Ferry seems to be well defended...."
A Long Journey to Freedom (1848-1865),20,"August, 5., 1864  Mobile Bay","does that mean we have to attack fortifications? I hope to receive a letter from you soon, no matter were I will be!ORDERS:Bombard the forts with your ships and weaken the defense. Then land your forces on the islands and capture the forts.ADVICE FROM YOUR OLDEST SERGEANT:Sir, we should deploy the USS Moose near the front of our line of battle. You know, the good old Moose is not the fastest ship in the Navy...","Dear Friend,",,aljf_20.xml,"August, 5., 1864  Mobile Bay

Dear Friend,
We spend weeks travelling down the Mississippi and once we arrived at New Orleans, we had to board ocean going transport ships. 
I was able to write and send this letter just before we left New Orleans for the Gulf of Mexico. They say we will sail westwards. So Florida is not our destination! It must be Alabama or Texas. 
There are some siege engineers on our ship - does that mean we have to attack fortifications? I hope to receive a letter from you soon, no matter were I will be!

ORDERS:
Bombard the forts with your ships and weaken the defense. Then land your forces on the islands and capture the forts.

ADVICE FROM YOUR OLDEST SERGEANT:
Sir, we should deploy the USS Moose near the front of our line of battle. You know, the good old Moose is not the fastest ship in the Navy..."
A Long Journey to Freedom (1848-1865),21,"October, 25., 1864  Petersburg",,"Dear Friend,",,aljf_21.xml,"October, 25., 1864  Petersburg

Dear Friend,
our army corps has reached Petersburg...from here important roads and rails lead in all directions....but especially Petersburg controls the last working railway to Richmond...
by now we only control the area east of Petersburg.... 
Trying to undermine the confederate fortifications south-east of Petersburg, sappers already created a huge crater in the rebel position. But it has been of little use as the walls of the crater are too steep to climp up, our attack commando has been brutally killed in attempting to make it up...
We will see what the HQ plans for my corps....

ORDERS:
General, looking at our forces, I still feel that it is impossible to take Petersburg frontally; but with the support of your army corps we are able to lay siege to Petersburg and cut it off from all connections...
Doing this, we also have encircled the rebel capital Richmond.

Transports delivering reinforcements will arrive from the east and our cavalry will be here soon coming from the south-east

TAKE ALL VH's

ADVICE FROM YOUR OLDEST SERGEANT:
In the beginning, move forward with care and stay connected.
We should concentrate on our goals in the west; our cavalry corps will be very useful later there.."
A Long Journey to Freedom (1848-1865),22,"January, 13., 1865  Fort Fisher",,"Dear Friend,",,aljf_22.xml,"January, 13., 1865  Fort Fisher

Dear Friend,
contrary to some other generals, I really appreciate my black units. Some of my best units are formed from black men...Finally we conduct this war for them and for the freedom of all men... as we did in 1848.. 

ORDERS:
General, we have to take these important navy bases under all circumstances ... best land your troops on the peninsula north of Fort Fisher but keep some landing units for landing in th outmost west, after the sea has been cleared from enemies.
Be aware of the confederate fleet !
For our own fleet support will arrive in a few hours.

TAKE ALL VH's

NOTE: From this Scenario on, new purchased Units will start with 99 exp. pnts.

ADVICE FROM YOUR OLDEST SERGEANT:
-buy or better upgrade some of your experienced units to sappers. they will be ble to better attack enemy fortresses and to build ports on Cape fear river..
-the slaves on confederate farms are waiting for being liberated and getting some preyed weapons from us so they can  join us in the battle..
-Scout the Cape fear river completely! According to our latest intelligence reports the confederate Cape fear river flotilla is still there!

Remark that different types of ships may use different areas...:
[ cape fear river is ""shallow sea"" in contrast to open sea ""ocean"". Activate unit view and move your mouse carefully on the move-icon in the upper right. Now you will see the moving points: 255 means not reachable, 1= normal move,2= double cost for move. If for a ship you see : ""shallow sea=255/ocean=1"" then this ship may only move in the open sea but not the Cape fear river. ""shallow sea=1/ocean=2"" means that ship may move on Cape fear river and the open sea but with double cost on open sea. 
If you use"" additional options"" in the menu and activate submenu ""area""there you will see the actual areas on the map ]"
A Long Journey to Freedom (1848-1865),23,"April, 1., 1865  Close the Trap (Ft. Stedman + Five Forks)",,----{secret telegraph depeche to general}-----,,aljf_23.xml,"April, 1., 1865  Close the Trap (Ft. Stedman + Five Forks)

----{secret telegraph depeche to general}-----
THE WHITE HOUSE; WASHINGTON,

Dear Sir,
herewith, we comply with your request: General Franz Sigel will be detached as commander or your cavalry to your army corps. Furthermore we comply with the request of some of your best cavalrists to built a cavalry regiment of their own:
congratulations to the ""Revengers of Waghaeusel"" ! 
Furthermore half of the liberated slaves from Fort Fisher wished to fight on with you: we have formed three regiments and have put them under your direct command....

THE PRESIDENT OF THE UNITED STATES
-----{end of secret telegraph depeche}----

Dear Friend,
the rebels are quite desperate by now: General Lee exactly knows that by taking Petersburg, we would surround his whole army near Richmond.
If we close the siege and take Petersburg we have depraved General Lee from any action possibility.
Of course the rebels are aware of this, and I bet they will try everything to break the siege. I feel this might become one of the heaviest fights of the war. 
Even more it has been raining for weeks and all rivers are impassable... my men are already joking that they will have to carry out their next land battle from canon boats. 
But nevertheless, HQ has granted my request to put General Sigel in command of my cavalry... if its is about flanking, there is no one better than Franz....
It is dawning and I have to move to our positions....

ORDERS:
aah general, welcome to Fort Stedman  ...bourbon and beer?
well, meanwhile we gathered enough troops aruond Petersburg: time to take the next step...move forward with caution and take Petersburg and all the area south of Appomattox !
...then we have closed the trap for the rebels...

TAKE ALL VH's

NOTE: In this Scenario ""Skip first Player Turn"" is activated : The Confederates starts...

ADVICE FROM YOUR OLDEST SERGEANT:
Attention, General: the rebels are completely desperate and have nothing to loose....I bet my horse, my sabre and my pay of the next two years that they will attack us frontally disregarding losses....."
A Long Journey to Freedom (1848-1865),24,"May, 9., 1865  The Key to Richmond",,"Dear Friend,",,aljf_24.xml,"May, 9., 1865  The Key to Richmond

Dear Friend,
General Lee and President Davis flew to Richmond, capital of the CSA and their last stronghold. 
Our men are joyous and some are already celebrating victory. But I fear there is still some hard fighting in front of us. I don't have time for a long letter, they put us in railroad cars and some of us had to board ships in order to steam upriver. I hope, that the war will be over when you receive my next letter!

ORDERS: Sir, now that we took Petersburg, the confederates are retreating to Richmond, their last stronghold and capital of the Confederate States of America. You and your Army have been ordered to proceed northwards and approach Richmond from the south. Only the Fortifications near the James River lie between us and Richmond. 

Your orders are: Proceed northwards and take the Fortifications at Drewry's and Chaffin's Bluff and secure the Richmond & Petersburg Railroad. We captured a lot of locomotives and river steamboats at Petersburg, so transport of your heavy units should not be a problem. 

Our Marines already established a bridgehead at the western ferry station.

TAKE ALL VH's

NOTE: 
This is a fictive scenario.

ADVICE FROM YOUR OLDEST SERGEANT:
Maybe we should send some additional men to the east while our main force advance on the western shore."
A Long Journey to Freedom (1848-1865),25,"June, 23., 1865  Final Assault at Richmond",,"Dear Friend,",,aljf_25.xml,"June, 23., 1865  Final Assault at Richmond

Dear Friend,
it is now that we are in front of the lion´s hole... the lion is hurted and has drawn back to the outmost corner of his cave... but he still is really dangerous..... may be even more dangerous then ever... before as he knows there is nothing to lose for him....

I do not know how this will end, but I feel this is the end of the war.. one way or the other..this is the final decision...
Wish me the best of luck. 
I close this letter and will go to my men... it is dawning and the last attack is coming....

ORDERS: 

TAKE ALL VH's

NOTE: 
This is a fictive scenario.

ADVICE FROM YOUR OLDEST SERGEANT:
-You absolutely should keep some pp to refresh your troops during battle 
-furthermore it would be a good idea to built ports at different places.
-Our cavalry should flank our attack at the right and the left side
-We can count on marines and later on infantry and cavalry support
-Furthermore the slaves from the confederate farms are only waiting to be freed to join our troops.."
Russian Counter-Offensive Campaign (1942-1946),0,"Good Morning Comrade General Zhukov.  This is a matter of dire importance.  As you know our beloved Stalingrad has been repeatedly bombed and strafed by the German Luftwaffe.  Our patriotic partisians and snipers have been holding their own, after the subsequent invasion of our beloved city.  The German 6th Army, consisting of Von Paulus & his cronies, and castoffs from the 4th Panzer Division, have besieged the city and are now occupying territory West of the Railway tracks.  I have brought in the finest generals & commanders, and one of the most massive attack forces of history, to oust these Fascist sitters from their entrenchments.",,"""NOT ONE STEP BACK!"" proclaims Stalin!",Fascist forces vs Germany vs Italy vs Romania,rcampx01.xml,"Good Morning Comrade General Zhukov.  This is a matter of dire importance.  As you know our beloved Stalingrad has been repeatedly bombed and strafed by the German Luftwaffe.  Our patriotic partisians and snipers have been holding their own, after the subsequent invasion of our beloved city.  The German 6th Army, consisting of Von Paulus & his cronies, and castoffs from the 4th Panzer Division, have besieged the city and are now occupying territory West of the Railway tracks.  I have brought in the finest generals & commanders, and one of the most massive attack forces of history, to oust these Fascist sitters from their entrenchments. 
           ""NOT ONE STEP BACK!"" proclaims Stalin!
Take Stalingrad back now Comrade, but hurry!  Air recon has informed us that the 3rd & 4th Romanian Armies, as well as the Italian 8th Army, are moving in quickly.  There is also the report that the German 48th Panzer Division was sent to reinforce Paulus and his low-lifes.  Good Luck, Comrade General, Comrade Zhukov, in OPERATION URANUS."
Russian Counter-Offensive Campaign (1942-1946),1,AIR RECON REPORT,,Heavy Italian Army Units in NW Quad.  West Quad well fortified.  Center Air Field Well-Fortified.,Italy,rcampx02.xml,"AIR RECON REPORT

Heavy Italian Army Units in NW Quad.  West Quad well fortified.  Center Air Field Well-Fortified."
Russian Counter-Offensive Campaign (1942-1946),2,AIR RECON REPORT,,Chir River is heavily guarded at most locations.  Some air units seen flying East.  Reinforcements in the Center vector are forthcoming.,,rcampx03.xml,"AIR RECON REPORT

Chir River is heavily guarded at most locations.  Some air units seen flying East.  Reinforcements in the Center vector are forthcoming."
Russian Counter-Offensive Campaign (1942-1946),3,AIR RECON REPORT,,No supporting air units spotted for tactical deployment areas to be annexed.  Limited troops and recon protecting those areas.,,rcampx04.xml,"AIR RECON REPORT

No supporting air units spotted for tactical deployment areas to be annexed.  Limited troops and recon protecting those areas."
Russian Counter-Offensive Campaign (1942-1946),4,AIR RECON REPORT,,"Several Tigers, anti-tank, and cavalry around the parameters of the city.  Air support was seen around the area",,rcampx05.xml,"AIR RECON REPORT

Several Tigers, anti-tank, and cavalry around the parameters of the city.  Air support was seen around the area"
Russian Counter-Offensive Campaign (1942-1946),5,AIR RECON REPORT,,"Sevastopol may be tough.  Several parachute units seen incoming over the Black Sea.  Minimal air units, though may be more advanced.  The city itself well armed.  Russian parachuters on the way.  Naval units and some air units already there",,rcampx06.xml,"AIR RECON REPORT

Sevastopol may be tough.  Several parachute units seen incoming over the Black Sea.  Minimal air units, though may be more advanced.  The city itself well armed.  Russian parachuters on the way.  Naval units and some air units already there"
Russian Counter-Offensive Campaign (1942-1946),6,AIR RECON REPORT,,Should only be minor skirmishes.  A few recon aircraft reported,,rcampx07.xml,"AIR RECON REPORT

Should only be minor skirmishes.  A few recon aircraft reported"
Russian Counter-Offensive Campaign (1942-1946),7,AIR RECON REPORT,,"Major anti-tank, and heavy artillery.  Italian Navy in the area.  Very well-secured.  Moderate air units.  Two major Railroad guns.",Italy,rcampx08.xml,"AIR RECON REPORT

Major anti-tank, and heavy artillery.  Italian Navy in the area.  Very well-secured.  Moderate air units.  Two major Railroad guns."
Russian Counter-Offensive Campaign (1942-1946),8,AIR RECON REPORT:,,Air Recon gunned down over Kharkov.  Approach with caution.,,rcampx09.xml,"AIR RECON REPORT:

Air Recon gunned down over Kharkov.  Approach with caution."
Russian Counter-Offensive Campaign (1942-1946),9,AIR RECON REPORT,,Only small units within the city parameters.  Luftwaffe sorties at the river stopped our further intelligence.,,rcampx10.xml,"AIR RECON REPORT

Only small units within the city parameters.  Luftwaffe sorties at the river stopped our further intelligence."
Russian Counter-Offensive Campaign (1942-1946),10,AIR RECON REPORT,,Recon gunned down over Kiev.  Approach with Caution,,rcampx11.xml,"AIR RECON REPORT

Recon gunned down over Kiev.  Approach with Caution"
Russian Counter-Offensive Campaign (1942-1946),11,AIR RECON REPORT,,"Moderate Romanian troops, ATs, & Tanks, minimal air support, some small PZ units.",Romania,rcampx12.xml,"AIR RECON REPORT

Moderate Romanian troops, ATs, & Tanks, minimal air support, some small PZ units.  
Problems with the condition of air deployment.  Must annex bases for deployment."
Russian Counter-Offensive Campaign (1942-1946),12,AIR RECON REPORT,more forthcoming. Six parachute reinforcements will be dropped in advanced areas.,Recon shot down by Luftwaffe - more forthcoming. Six parachute reinforcements will be,,rcampx13.xml,"AIR RECON REPORT

Recon shot down by Luftwaffe - more forthcoming. Six parachute reinforcements will be 
dropped in advanced areas."
Russian Counter-Offensive Campaign (1942-1946),13,AIR RECON REPORT,,"City limits heavily armed.  Suprise attack units, scattered around the vicinity.",,rcampx14.xml,"AIR RECON REPORT

City limits heavily armed.  Suprise attack units, scattered around the vicinity."
Russian Counter-Offensive Campaign (1942-1946),14,AIR RECON REPORT,,"Air recon evacuated out of the Berlin area, due to Luftwaffe fighters and anti-aircraft deployment",,rcampx15.xml,"AIR RECON REPORT

Air recon evacuated out of the Berlin area, due to Luftwaffe fighters and anti-aircraft deployment"
Russian Counter-Offensive Campaign (1942-1946),15,AIR RECON REPORT,,"Reichstag supply was greater than imagined.  Heavy barricading.  Anti-Tank, and Heavy Artillery.",,rcampx16.xml,"AIR RECON REPORT

Reichstag supply was greater than imagined.  Heavy barricading.  Anti-Tank, and Heavy Artillery."
Russian Counter-Offensive Campaign (1942-1946),16,AIR RECON REPORT,,"Moved to respective homebases in Moscow, Leningrad, & Stalingrad",,rcampx17.xml,"AIR RECON REPORT

Moved to respective homebases in Moscow, Leningrad, & Stalingrad"
Russian Counter-Offensive Campaign (1942-1946),17,A GENERAL'S CHOICE,,,,rcampx18.xml,A GENERAL'S CHOICE
Russian Counter-Offensive Campaign (1942-1946),18,PACT OF STEEL TWO - THE SIEGE OF DUNKIRK,THE SIEGE OF DUNKIRK,,,rcampx19.xml,PACT OF STEEL TWO - THE SIEGE OF DUNKIRK
Russian Counter-Offensive Campaign (1942-1946),19,PACT OF STEEL 2,OPERATION NEXUS,THE ENGLISH CHANNEL -  OPERATION NEXUS,,rcampx20.xml,"PACT OF STEEL 2

THE ENGLISH CHANNEL -  OPERATION NEXUS"
Russian Counter-Offensive Campaign (1942-1946),20,PACT OF STEEL 2,,ANNEXATION OF SOUTH ENGLAND,,rcampx21.xml,"PACT OF STEEL 2

ANNEXATION OF SOUTH ENGLAND"
Russian Counter-Offensive Campaign (1942-1946),21,PACT OF STEEL 2,,WINDSOR 1946,,rcampx22.xml,"PACT OF STEEL 2

WINDSOR 1946"
Russian Counter-Offensive Campaign (1942-1946),22,PACT OF STEEL 2,,LONDON BLITZ,,rcampx23.xml,"PACT OF STEEL 2

LONDON BLITZ"
Russian Counter-Offensive Campaign (1942-1946),23,PACT OF STEEL 2,,"TO THE SEA, TO AMERICA",,rcampx24.xml,"PACT OF STEEL 2

TO THE SEA, TO AMERICA"
Russian Counter-Offensive Campaign (1942-1946),24,PACT OF STEEL 2,,FLORIDA LANDING,,rcampx25.xml,"PACT OF STEEL 2

FLORIDA LANDING"
Russian Counter-Offensive Campaign (1942-1946),25,PACT OF STEEL 2,,RED SAVANNAH,,rcampx26.xml,"PACT OF STEEL 2

RED SAVANNAH"
Russian Counter-Offensive Campaign (1942-1946),26,PACT OF STEEL 2,,WASHINGTON IN FLAMES,,rcampx27.xml,"PACT OF STEEL 2

WASHINGTON IN FLAMES"
Stay Alive - Red Partisans (1941-1945),0,GUERRILLA HUNTER - 2 JUL 1941,"2 JUL 1941HQ 8th NKVD Rife Brigade, EstoniaCO General KuznetsovIt does not look good for us, Comrade! The Germans stand at the Estonian border and all over crawled Bandits out of their holes. Minutes ago, I was informed about a upcoming guerrilla attack. It seems the Estonian Forest Brothers try to free some of their guerrilla fighters from her imprisonment. A Estonian commando, flown in from Finland lead the operation.Order: Protect our prison building, search & destroy the ERNA commando and all Bandits!","HQ 8th NKVD Rife Brigade, Estonia",Germany,bn5s01.xml,"GUERRILLA HUNTER - 2 JUL 1941

HQ 8th NKVD Rife Brigade, Estonia
CO General Kuznetsov

It does not look good for us, Comrade! The Germans stand at the Estonian border and all over crawled Bandits out of their holes. Minutes ago, I was informed about a upcoming guerrilla attack. It seems the Estonian Forest Brothers try to free some of their guerrilla fighters from her imprisonment. A Estonian commando, flown in from Finland lead the operation.

Order: Protect our prison building, search & destroy the ERNA commando and all Bandits!"
Stay Alive - Red Partisans (1941-1945),1,BLITZ - 10 JUL 1941,"10 JUL 1941HQ 8th NKVD Rife Brigade, EstoniaCO General KuznetsovThe Nazi war machine stand at our gates, Comrade! And your fate is the defense of Dorpat. Hold the city as long as you can, a train with important war goods must pass your position before the city falls.Note: Buy cheap Militia to block the German advance. Order: Protect the train, resist the German attack for 10 rounds and hold as much VH as possible!","HQ 8th NKVD Rife Brigade, Estonia",Germany,bn5s02.xml,"BLITZ - 10 JUL 1941

HQ 8th NKVD Rife Brigade, Estonia
CO General Kuznetsov

The Nazi war machine stand at our gates, Comrade! And your fate is the defense of Dorpat. Hold the city as long as you can, a train with important war goods must pass your position before the city falls.

Note: Buy cheap Militia to block the German advance. 

Order: Protect the train, resist the German attack for 10 rounds and hold as much VH as possible!"
Stay Alive - Red Partisans (1941-1945),2,SINK THE TIRPITZ - 5 OCT 1941,"5 OCT 1941HQ Soviet Partisans, EstoniaCO General KarotammThe largest German battleship, the Tirpitz, flagship of a fleet, which has supported the German landings on the Baltic islands, anchored off the coast and poses a serious threat for our Baltic fleet.Maritime forces are not available that could match with this ship. The Harbor defense prevent submarine attacks and air attacks are useless against the strong armour. Therefore, the Germans believe their battleship is safe.But an daring Guerrilla - Commando attack could succeed. The high command subordinate 3 Naval-Commandos to your forces. Find a way to sink the Tirpitz!Order: Sink the Battleship! Use the air-, sea- and land-transport capability of the Commandos. Use your Partisan and Saboteur units to slow down the German advance by blow up ports, roads and bridges or lay mines.","HQ Soviet Partisans, Estonia",Germany vs Partisans vs Soviet Union,bn5s09.xml,"SINK THE TIRPITZ - 5 OCT 1941

HQ Soviet Partisans, Estonia
CO General Karotamm

The largest German battleship, the Tirpitz, flagship of a fleet, which has supported the German landings on the Baltic islands, anchored off the coast and poses a serious threat for our Baltic fleet.
Maritime forces are not available that could match with this ship. The Harbor defense prevent submarine attacks and air attacks are useless against the strong armour. Therefore, the Germans believe their battleship is safe.
But an daring Guerrilla - Commando attack could succeed. The high command subordinate 3 Naval-Commandos to your forces. Find a way to sink the Tirpitz!

Order: Sink the Battleship! Use the air-, sea- and land-transport capability of the Commandos. Use your Partisan and Saboteur units to slow down the German advance by blow up ports, roads and bridges or lay mines."
Stay Alive - Red Partisans (1941-1945),3,HIT & RUN - 28 APR 1942,"28 APR 1942HQ Soviet Partisans, LithuaniaCO General KarotammComrade, its time to strike the invaders where it hurts. You'll attack a weak defended German supply depot and raise the Red Banner on its ruins! The Germans did not expect large partisan forces in this area and need some time to react. Take advantage of surprise, but be fast! It's a dangerous mission, speed is everything here!Order: Reach the EH (red-border hex) and retreat 3 units.","HQ Soviet Partisans, Lithuania",Germany vs Partisans vs Soviet Union,bn5s03.xml,"HIT & RUN - 28 APR 1942

HQ Soviet Partisans, Lithuania
CO General Karotamm

Comrade, its time to strike the invaders where it hurts. You'll attack a weak defended German supply depot and raise the Red Banner on its ruins! The Germans did not expect large partisan forces in this area and need some time to react. Take advantage of surprise, but be fast! It's a dangerous mission, speed is everything here!

Order: Reach the EH (red-border hex) and retreat 3 units."
Stay Alive - Red Partisans (1941-1945),4,REVENGE - 8 OCT 1942,"8 OCT 1942HQ Soviet Partisans, LatviaCO General KarotammParts of an SS-Division were moved in our area for rest and refreshing. It is a unit well-known as Anti-Partisan combat formation and has spread terror among the Soviet population.This is our chance for revenge! Your force should be strong enough to enclose and wipe out this devils. Especially the leaders of this bunch should receive no mercy.Order: Search & destroy three enemy unit. The units can be identified by an extra frame around their unit strength.","HQ Soviet Partisans, Latvia",Partisans vs Soviet Union,bn5s08.xml,"REVENGE - 8 OCT 1942

HQ Soviet Partisans, Latvia
CO General Karotamm

Parts of an SS-Division were moved in our area for rest and refreshing. It is a unit well-known as Anti-Partisan combat formation and has spread terror among the Soviet population.
This is our chance for revenge! Your force should be strong enough to enclose and wipe out this devils. Especially the leaders of this bunch should receive no mercy.

Order: Search & destroy three enemy unit. The units can be identified by an extra frame around their unit strength."
Stay Alive - Red Partisans (1941-1945),5,OPERATION GYBSY BARON - 15 JUN 1943,"15 JUN 1943HQ Soviet Partisans, BelarusCO General KarotammThat we have interrupted the supply routes for their offensive at Kursk, has not pleased the Germans. They'll try to force us out of this area. Resist their attack, and hold the railways unusable.Order: Resist the German attack for 16 turns and hold as much VH as possible!","HQ Soviet Partisans, Belarus",Germany vs Partisans vs Soviet Union,bn5s06.xml,"OPERATION GYBSY BARON - 15 JUN 1943

HQ Soviet Partisans, Belarus
CO General Karotamm

That we have interrupted the supply routes for their offensive at Kursk, has not pleased the Germans. They'll try to force us out of this area. Resist their attack, and hold the railways unusable.

Order: Resist the German attack for 16 turns and hold as much VH as possible!"
Stay Alive - Red Partisans (1941-1945),6,RESCUE MISSION - 12 SEP 1943,"12 SEP 1943HQ Soviet Partisans, EstoniaCO General KarotammA plane loaded with a important U.S. politician, on his way to Moscow, was forced to make an emergency landing in our area. This gentleman must be saved, and Moscow has developed an daring plan, just right for you!A British submarine, ready to take our guest is waiting off the coast. You must carry the VIP by air or by sea to the rendezvous-point, a little island lying off the coast.But first you have to conquer the port or airfield of Kuressaare in a coup. Split you force in two groups. With the southern group perform a mock attack against the German positions, while the second group together with the VIP, past the busy Germans in the north and perform an fast attack against Kuressaare. Capture a plane or a vessel and carry this sporty Cowboy to the rendezvous-point. Good luck, Comrade!Order: Reach the EH (red-border hex) and retreat the VIP MSU unit.","HQ Soviet Partisans, Estonia",Britain vs Germany vs Partisans vs Soviet Union,bn5s04.xml,"RESCUE MISSION - 12 SEP 1943

HQ Soviet Partisans, Estonia
CO General Karotamm

A plane loaded with a important U.S. politician, on his way to Moscow, was forced to make an emergency landing in our area. This gentleman must be saved, and Moscow has developed an daring plan, just right for you!
A British submarine, ready to take our guest is waiting off the coast. You must carry the VIP by air or by sea to the rendezvous-point, a little island lying off the coast.
But first you have to conquer the port or airfield of Kuressaare in a coup. Split you force in two groups. With the southern group perform a mock attack against the German positions, while the second group together with the VIP, past the busy Germans in the north and perform an fast attack against Kuressaare. Capture a plane or a vessel and carry this sporty Cowboy to the rendezvous-point. Good luck, Comrade!

Order: Reach the EH (red-border hex) and retreat the VIP MSU unit."
Stay Alive - Red Partisans (1941-1945),7,KILL BRUNO - 28 JAN 1944,"28 JAN 1944HQ Soviet Partisans, EstoniaCO General KarotammThe Germans hide a rail gun in a our operation area. This gun must be destroyed. The German Luftwaffe is very active in this area and makes an air strike impossible. So, here is our plan.The Germans consider their rail gun safe, because any direct attack is smashed by the Luftwaffe. So we first switch off the German airfields.There are two airfields that must be made unusable. The eastern airfield is to seize with your troops. A reinforcing Smersh team, which is subordinate to you for this operation, attack the western airfield.Start similar the central attack on the rail gun! If the rail gun destroyed, block the railway line as long as possible before you retreat your troops. The Germans will soon bring in reinforcements. Good luck, and leave a pile of rubble behind you!Note: You can use a Smersh commando or a Partisan unit to make a airfield unusable. Move the unit on the airfield hex and press key 1 for ""blow"". Remember that an airfield sometimes consist of several airfield hexes. Then you have to ""blow"" each airfield hex.Order: Resist the German attack for 16 turns and hold as much VH as possible!","HQ Soviet Partisans, Estonia",Germany vs Partisans vs Soviet Union,bn5s07.xml,"KILL BRUNO - 28 JAN 1944

HQ Soviet Partisans, Estonia
CO General Karotamm

The Germans hide a rail gun in a our operation area. This gun must be destroyed. The German Luftwaffe is very active in this area and makes an air strike impossible. So, here is our plan.

The Germans consider their rail gun safe, because any direct attack is smashed by the Luftwaffe. So we first switch off the German airfields.
There are two airfields that must be made unusable. The eastern airfield is to seize with your troops. A reinforcing Smersh team, which is subordinate to you for this operation, attack the western airfield.
Start similar the central attack on the rail gun! If the rail gun destroyed, block the railway line as long as possible before you retreat your troops. The Germans will soon bring in reinforcements. Good luck, and leave a pile of rubble behind you!

Note: You can use a Smersh commando or a Partisan unit to make a airfield unusable. Move the unit on the airfield hex and press key 1 for ""blow"". Remember that an airfield sometimes consist of several airfield hexes. Then you have to ""blow"" each airfield hex.

Order: Resist the German attack for 16 turns and hold as much VH as possible!"
Stay Alive - Red Partisans (1941-1945),8,NARVA - 24 JUL 1944,"24 JUL 1944HQ 2nd Shock ArmyCO General FedyuninskyComrade, we want to break the German defense at Narva in an all out attack. Our objective is to seize Narva, break through the Tannenberg Line, and occupy all enemy ports, airfields, and key cities. Give her best, Stalin look at us!Order: Capture all VH or destroy all enemy units!Original Title & Design: Retreat to the Tannenberg Line by Stephen deJong",HQ 2nd Shock Army,Germany,bn5s05.xml,"NARVA - 24 JUL 1944

HQ 2nd Shock Army
CO General Fedyuninsky

Comrade, we want to break the German defense at Narva in an all out attack. Our objective is to seize Narva, break through the Tannenberg Line, and occupy all enemy ports, airfields, and key cities. Give her best, Stalin look at us!

Order: Capture all VH or destroy all enemy units!

Original Title & Design: Retreat to the Tannenberg Line by Stephen deJong"
Stay Alive - Red Partisans (1941-1945),9,AUGUST STORM - 12 AUG 1945,"12 AUG 1945HQ Transbaikal Front, ManchuriaCO General MalinovskyComrade, the liberation of Manchuria from Japanese occupation making good progress on all fronts. Outstanding work, but now the heavily defended area around Solon is our next target. A breakthrough in this area is necessary for our further advance! The high command is expecting a quick victory!Order: Capture all VH or destroy all enemy units!","HQ Transbaikal Front, Manchuria",Japan,bn5s10.xml,"AUGUST STORM - 12 AUG 1945

HQ Transbaikal Front, Manchuria
CO General Malinovsky

Comrade, the liberation of Manchuria from Japanese occupation making good progress on all fronts. Outstanding work, but now the heavily defended area around Solon is our next target. A breakthrough in this area is necessary for our further advance! The high command is expecting a quick victory!

Order: Capture all VH or destroy all enemy units!"
Yugoslav Front (1941-1945),0,UPRISING IN SERBIA - 25 Aug 1941,"25 Aug 1941North of Bela Crkva, Macva Region, SerbiaCO Commander Misa PanticOur time has come, Comrade! The uprising in Serbia is under way and we must dare the open struggle against the fascist occupiers. You will lead the attack to liberate the provincial capital Krupanj! But first we need the arms depots of the Gendarmerie in the surrounding villages and as many men as possible before we can dare to attack.Capture all VH! Use awarded prestige to recruit new partisans.Recommended Core:5 x PartisanTHE STORYHitler believed that with occupation of Yugoslavia, the country was liquidated as independent state. The Kingdom of Yugoslavia was divided between Germany, Italy, Hungary and Bulgaria, while in the territory of present-day Croatia and Bosnia and Herzegovina was proclaimed Independent State of Croatia. Occupiers plundered possessions and took some 350,000 Yugoslav soldiers into captivity. The largest part of Serbia was organized into Territory of the Military Commander in Serbia and as such it was the only example of the military regime in occupied Europe. Germans chose Milan Acimovic for head of quisling Commissary Government.Preparations for the uprising by the Communist Party began after the May consultation held in Zagreb on 4 May 1941. The Military Committee of the Provincial Committee of the Communist Party for Serbia was formed in mid-May. On 13 May 1941, Josip Broz Tito sent a message to the Comintern stating that the Yugoslav communists were preparing for an uprising that would commence when Germany attacked the Soviet Union. The Central Committee of the Communist Party of Yugoslavia arrived in Belgrade in late May, and this was of great importance for the development of the resistance. After their arrival, the Central Committee held conferences with local party officials.Western Serbia was chosen for base of the uprising, due to forests and hilly terrain and due to its population who provided strong resistance to invading Austrian forces in World War One. First partisan and chetnik detachments were formed in Valjevo area.For the beginning of the uprising is taken armed action of Radevina partisan detachment on 7 July 1941 in Bela Crkva near Krupanj. In Bela Crkva was held the traditional Ivanjdan midsummer village fair. There came a group of fifteen partisans, led by commander Misa Pantic and political commissar Zikica Jovanovic Spanac. Partisans gathered people and called them to join in fight against the German invaders. Speech was given by Pantic, a doctor from Valjevo, and Jovanovic, a journalist from Valjevo and combatant from Spanish Civil War. Gendarmes Bogdan Loncar and Milenko Brakovic tried to break up the gathering, forbidden under conditions of military occupation. The partisans opened fire and killed both gendarmes.Eight weeks later after three days of fighting, Krupanj was liberated on September 3, 1941 by Valjevo partisan detachment and chetniks led by Orthodox priest Vlada Zecevic and lieutenant Ratko Martinovic. Zecevic, Martinovic and bulk of their chetniks later joined to partisans.","North of Bela Crkva, Macva Region, Serbia",Germany vs Partisans vs Soviet Union vs Spain vs Yugoslavia,bn8s00.xml,"UPRISING IN SERBIA - 25 Aug 1941

North of Bela Crkva, Macva Region, Serbia
CO Commander Misa Pantic

Our time has come, Comrade! The uprising in Serbia is under way and we must dare the open struggle against the fascist occupiers. You will lead the attack to liberate the provincial capital Krupanj! But first we need the arms depots of the Gendarmerie in the surrounding villages and as many men as possible before we can dare to attack.

Capture all VH! Use awarded prestige to recruit new partisans.

Recommended Core:

5 x Partisan

THE STORY

Hitler believed that with occupation of Yugoslavia, the country was liquidated as independent state. The Kingdom of Yugoslavia was divided between Germany, Italy, Hungary and Bulgaria, while in the territory of present-day Croatia and Bosnia and Herzegovina was proclaimed Independent State of Croatia. Occupiers plundered possessions and took some 350,000 Yugoslav soldiers into captivity. The largest part of Serbia was organized into Territory of the Military Commander in Serbia and as such it was the only example of the military regime in occupied Europe. Germans chose Milan Acimovic for head of quisling Commissary Government.

Preparations for the uprising by the Communist Party began after the May consultation held in Zagreb on 4 May 1941. The Military Committee of the Provincial Committee of the Communist Party for Serbia was formed in mid-May. On 13 May 1941, Josip Broz Tito sent a message to the Comintern stating that the Yugoslav communists were preparing for an uprising that would commence when Germany attacked the Soviet Union. The Central Committee of the Communist Party of Yugoslavia arrived in Belgrade in late May, and this was of great importance for the development of the resistance. After their arrival, the Central Committee held conferences with local party officials.

Western Serbia was chosen for base of the uprising, due to forests and hilly terrain and due to its population who provided strong resistance to invading Austrian forces in World War One. First partisan and chetnik detachments were formed in Valjevo area.

For the beginning of the uprising is taken armed action of Radevina partisan detachment on 7 July 1941 in Bela Crkva near Krupanj. In Bela Crkva was held the traditional Ivanjdan midsummer village fair. There came a group of fifteen partisans, led by commander Misa Pantic and political commissar Zikica Jovanovic Spanac. Partisans gathered people and called them to join in fight against the German invaders. Speech was given by Pantic, a doctor from Valjevo, and Jovanovic, a journalist from Valjevo and combatant from Spanish Civil War. Gendarmes Bogdan Loncar and Milenko Brakovic tried to break up the gathering, forbidden under conditions of military occupation. The partisans opened fire and killed both gendarmes.

Eight weeks later after three days of fighting, Krupanj was liberated on September 3, 1941 by Valjevo partisan detachment and chetniks led by Orthodox priest Vlada Zecevic and lieutenant Ratko Martinovic. Zecevic, Martinovic and bulk of their chetniks later joined to partisans."
Yugoslav Front (1941-1945),1,BATTLE OF SABAC - 18 Sep 1941,"18 Sep 1941North of Sabac, Macva Region, SerbiaCO Commander Nebojsa JerkovicWe will take advantage of our success of the last weeks and extend the free territories fast. You will perform a attack against the strong German garrison of Sabac and free the city from fascism. The royalist Chetniks have promised their support, unfortunately we are still dependent on it. Carry the operation to success! Long live the Republic of Uzice, long live our leader Comrade Tito! Capture all VH and hold it for 15 turns!Recommended Core:5 x Partisan2 x MG-Infantry, Mules1 x 81mm 81/14, Mules1 x Light Cavalry (in scenario)THE STORYThe uprising in Serbia was successful and secured a defensible, self-sustained, independent region, the first of many ""free territories"" to be established by the Partisans during the course of the war, and was commonly called the ""Uzice Republic"".Mid-September 1941 Nebojsa Jerkovic, a commander of Macva partisan detachment, visited Chetnik captain Dragoslav Racic, a commander of Cer Corp in order to reach agreement on joint attack on Sabac. Battle of Sabac lasted from September 22 until September 24, when 342nd German Division came in aid to besieged Germans and broke rebel encirclement. German soldiers retaliated and killed some 1,000 men from Sabac and Macva. Number of soldiers in Macva partisan detachment drop to half on initial troops. Deployment of 342nd German Division marked beginning of big German counter-offensive on liberated territory.","North of Sabac, Macva Region, Serbia",Cavalry vs Germany vs Partisans,bn8s01.xml,"BATTLE OF SABAC - 18 Sep 1941

North of Sabac, Macva Region, Serbia
CO Commander Nebojsa Jerkovic

We will take advantage of our success of the last weeks and extend the free territories fast. You will perform a attack against the strong German garrison of Sabac and free the city from fascism. The royalist Chetniks have promised their support, unfortunately we are still dependent on it. Carry the operation to success! Long live the Republic of Uzice, long live our leader Comrade Tito! 

Capture all VH and hold it for 15 turns!

Recommended Core:

5 x Partisan
2 x MG-Infantry, Mules
1 x 81mm 81/14, Mules
1 x Light Cavalry (in scenario)

THE STORY

The uprising in Serbia was successful and secured a defensible, self-sustained, independent region, the first of many ""free territories"" to be established by the Partisans during the course of the war, and was commonly called the ""Uzice Republic"".

Mid-September 1941 Nebojsa Jerkovic, a commander of Macva partisan detachment, visited Chetnik captain Dragoslav Racic, a commander of Cer Corp in order to reach agreement on joint attack on Sabac. Battle of Sabac lasted from September 22 until September 24, when 342nd German Division came in aid to besieged Germans and broke rebel encirclement. German soldiers retaliated and killed some 1,000 men from Sabac and Macva. Number of soldiers in Macva partisan detachment drop to half on initial troops. Deployment of 342nd German Division marked beginning of big German counter-offensive on liberated territory."
Yugoslav Front (1941-1945),2,BETRAYAL - 1 Nov 1941,"1 Nov 1941East of Uzice, Zlatibor Region, SerbiaCO Commander Koca PopovicWe have information about an imminent attack of the treacherous Chetniks on our headquarters in Uzice. March with your comrades as soon as possible to Uzice and beat back the attackers! Hold and retake all VH and make sure, that you lost no more than one of your HQ MSU.Recommended Core:5 x Partisan2 x MG-Infantry, Mules2 x 81mm 81/14, Mules1 x Light CavalryTHE STORYAfter more than a month of disagreements and minor collisions, the events culminated on November 1 in a massed Chetnik attack in and around the town of Uzice where the Partisans had their headquarters. Apparently underestimating the Partisans numbers, the Chetnik forces were quickly beaten back. Captain Duane Hudson, British liaison officer in Yugoslavia, then advised the Allied command in Cairo to stop supplying the Chetniks so the British arms would not be used for civil warfare. The Chetniks, who had already received one shipment of weapons sent by parachute, then waited in vain for a second one, even though the British later resumed helping them. Both Tito and Mihailovic, however, were still willing to reach a truce, although both were pressed by some of their officers to attack the other as soon as possible; ceasefires alternated with ultimatums, as bloody reprisals between the two resistance movements affected both sides' morals and alienated civilians. At one point, Mihailovic's forces, after mounting a surprise attack on the Partisans, found themselves surrounded. The Partisans allowed them to go free, which political observers have attributed to military foresight, as the Chetniks would continue to attack German forces.","East of Uzice, Zlatibor Region, Serbia",Britain vs Cavalry vs Germany vs Partisans vs Yugoslavia,bn8s02.xml,"BETRAYAL - 1 Nov 1941

East of Uzice, Zlatibor Region, Serbia
CO Commander Koca Popovic

We have information about an imminent attack of the treacherous Chetniks on our headquarters in Uzice. March with your comrades as soon as possible to Uzice and beat back the attackers! 

Hold and retake all VH and make sure, that you lost no more than one of your HQ MSU.

Recommended Core:

5 x Partisan
2 x MG-Infantry, Mules
2 x 81mm 81/14, Mules
1 x Light Cavalry

THE STORY

After more than a month of disagreements and minor collisions, the events culminated on November 1 in a massed Chetnik attack in and around the town of Uzice where the Partisans had their headquarters. Apparently underestimating the Partisans numbers, the Chetnik forces were quickly beaten back. Captain Duane Hudson, British liaison officer in Yugoslavia, then advised the Allied command in Cairo to stop supplying the Chetniks so the British arms would not be used for civil warfare. The Chetniks, who had already received one shipment of weapons sent by parachute, then waited in vain for a second one, even though the British later resumed helping them. Both Tito and Mihailovic, however, were still willing to reach a truce, although both were pressed by some of their officers to attack the other as soon as possible; ceasefires alternated with ultimatums, as bloody reprisals between the two resistance movements affected both sides' morals and alienated civilians. At one point, Mihailovic's forces, after mounting a surprise attack on the Partisans, found themselves surrounded. The Partisans allowed them to go free, which political observers have attributed to military foresight, as the Chetniks would continue to attack German forces."
Yugoslav Front (1941-1945),3,RETREAT TO MONTENEGRO - 2 Dec 1941,"2 Dec 1941Southwest of Nova Varos, Zlatibor Region, SerbiaCO Commander Koca PopovicAfter a surprisingly strong German counterattack, our positions in Serbia have become untenable. All partisan detachments are on retreat into Italian occupied Montenegro. Lead your comrades over the Lim River and cross the border at Dobrakovo. But hurry up, the Germans are at your heels!Reach the Exit Point at Dobrakovo and retreat three of your units!Recommended Core:5 x Partisan2 x MG-Infantry, Mules2 x 81mm 81/14, Mules1 x Light CavalryTHE STORYTo clear the territory of the ""Uzice Republic"", the German Army employed its 113th Infantry Division and 342nd Infantry Division, and parts of 704, 714, 717 and 718 Infantry Divisions. They were assisted by Dimitrije Ljotics Serbian Volunteer Corps and Kosta Pecanacs personal Chetnik faction. As German forces entered the territory they faced significant resistance, especially on Rudnik Mountain and in Kraljevo. On September 29, the offensive officially started when the 342nd Infantry Division attacked Partisans on the road between Sabac and Loznica.German forces and their Allies advanced from the north and east towards Uzice, and by the 2nd half of November the Partisan forces were in full retreat. On November 25, the final phase of the German offensive against both rebel groups began. Tito and Mihailovic had one last phone conversation : Tito announced that he would defend his positions, while Mihailovic said that he would disperse. Ultimately, on November 29, the Partisans, including their headquarters which were stationed there, left Uzice.After leaving Uzice, the Partisans headed for Sandzak, into Italian-occupied territory. Some detachments failed to retreat on time and were dispersed or destroyed. After the main Partisan forces left for Sandzak, only parts of 5 Partisan detachments were present in Serbia.","Southwest of Nova Varos, Zlatibor Region, Serbia",Cavalry vs Germany vs Italy vs Partisans,bn8s03.xml,"RETREAT TO MONTENEGRO - 2 Dec 1941

Southwest of Nova Varos, Zlatibor Region, Serbia
CO Commander Koca Popovic

After a surprisingly strong German counterattack, our positions in Serbia have become untenable. All partisan detachments are on retreat into Italian occupied Montenegro. Lead your comrades over the Lim River and cross the border at Dobrakovo. But hurry up, the Germans are at your heels!

Reach the Exit Point at Dobrakovo and retreat three of your units!

Recommended Core:

5 x Partisan
2 x MG-Infantry, Mules
2 x 81mm 81/14, Mules
1 x Light Cavalry

THE STORY

To clear the territory of the ""Uzice Republic"", the German Army employed its 113th Infantry Division and 342nd Infantry Division, and parts of 704, 714, 717 and 718 Infantry Divisions. They were assisted by Dimitrije Ljotics Serbian Volunteer Corps and Kosta Pecanacs personal Chetnik faction. As German forces entered the territory they faced significant resistance, especially on Rudnik Mountain and in Kraljevo. On September 29, the offensive officially started when the 342nd Infantry Division attacked Partisans on the road between Sabac and Loznica.

German forces and their Allies advanced from the north and east towards Uzice, and by the 2nd half of November the Partisan forces were in full retreat. On November 25, the final phase of the German offensive against both rebel groups began. Tito and Mihailovic had one last phone conversation : Tito announced that he would defend his positions, while Mihailovic said that he would disperse. Ultimately, on November 29, the Partisans, including their headquarters which were stationed there, left Uzice.

After leaving Uzice, the Partisans headed for Sandzak, into Italian-occupied territory. Some detachments failed to retreat on time and were dispersed or destroyed. After the main Partisan forces left for Sandzak, only parts of 5 Partisan detachments were present in Serbia."
Yugoslav Front (1941-1945),4,RAIL RAID - 8 Feb 1942,"8 Feb 1942Railway between Mostar and Sarajevo, BosniaCO Commander Koca PopovicSome German armored trains are on their way from Mostar to Belgrade. We will intercept and destroy two of them! Our plan is to isolate these two trains in an outlying area by blowing up the tracks and cut them off from help. Then it should be possible to destroy these trains by a concentrated attack of your forces.Find and destroy 4 of 6 enemy MSU and prevent the escape of any MSU via exit point. Isolate the enemy trains by blowing up the tracks before and behind them! Recommended Core:3 x Partisan3 x Regular2 x MG-Infantry, Mules2 x 75mm 75/13, Mules1 x Light CavalryTHE STORYDuring the April war against Royal Yugoslav Army, Armored trains No. 23 and No. 24 were used. After capitulation both trains stayed and have participated in destruction of Partisan movement in Serbia during winter 1941/42. After destruction of Partisan uprising in Serbia main battleground of German Armored trains becomes railway Zagreb-Belgrade. Each year number of armored trains was increased and at during winter 1944/45 nearly half of all German armored trains participated in fightings. Railway Zagreb-Belgrade-Salonika, used by German troops retreating from Greece, Bulgaria, Romania and parts of Yugoslavia was protected by Armored Railway Trains (Eisenbahn-Panzerzüge): No. 4, 6, 23, 64, 65, 73; Heavy Recon Trains (schweren Spahzüge): 201, 202, 203, 204; all Light Recon Trains (leichte Spahzüge): 301, 302, 303, 304; Command Train (Kommandozüge) No. I; Track Protection Trains (Streckenschützzüge) 'Max' and 'Werner' and Protection cars No. 30, 31, 32, 33, 34, 35 and 38.","Railway between Mostar and Sarajevo, Bosnia",Cavalry vs Germany vs Partisans vs Yugoslavia,bn8s04.xml,"RAIL RAID - 8 Feb 1942

Railway between Mostar and Sarajevo, Bosnia
CO Commander Koca Popovic

Some German armored trains are on their way from Mostar to Belgrade. We will intercept and destroy two of them! Our plan is to isolate these two trains in an outlying area by blowing up the tracks and cut them off from help. Then it should be possible to destroy these trains by a concentrated attack of your forces.

Find and destroy 4 of 6 enemy MSU and prevent the escape of any MSU via exit point. Isolate the enemy trains by blowing up the tracks before and behind them! 

Recommended Core:

3 x Partisan
3 x Regular
2 x MG-Infantry, Mules
2 x 75mm 75/13, Mules
1 x Light Cavalry

THE STORY

During the April war against Royal Yugoslav Army, Armored trains No. 23 and No. 24 were used. After capitulation both trains stayed and have participated in destruction of Partisan movement in Serbia during winter 1941/42. After destruction of Partisan uprising in Serbia main battleground of German Armored trains becomes railway Zagreb-Belgrade. Each year number of armored trains was increased and at during winter 1944/45 nearly half of all German armored trains participated in fightings. Railway Zagreb-Belgrade-Salonika, used by German troops retreating from Greece, Bulgaria, Romania and parts of Yugoslavia was protected by Armored Railway Trains (Eisenbahn-Panzerzüge): No. 4, 6, 23, 64, 65, 73; Heavy Recon Trains (schweren Spahzüge): 201, 202, 203, 204; all Light Recon Trains (leichte Spahzüge): 301, 302, 303, 304; Command Train (Kommandozüge) No. I; Track Protection Trains (Streckenschützzüge) 'Max' and 'Werner' and Protection cars No. 30, 31, 32, 33, 34, 35 and 38."
Yugoslav Front (1941-1945),5,OPERATION TRIO - 10 May 1942,"10 May 1942Foca, Srpska Region, BosniaCO Commander Koca PopovicItalians, Croats and Chetniks have launched a large-scale operation against our liberated territory. We are surrounded by superior enemy forces and must retreat immediately. Cover the retreat of the 1st Proletarian Brigade, especially the Brigade HQ! Reach one of the Exit Points with your HQ MSU! Recommended Core:6 x Regular2 x MG-Infantry, Mules2 x 75mm 75/13, Mules1 x Light CavalryATTENTION! In second and third turn, you will receive reinforcements in HQ! You will not be informed. You have to go to HQ in order to open the Deploy window. This bug is reported, but I do not know when it will be fixed.THE STORYDuring Operation Southeast Croatia, Josip Broz Tito, his Supreme Staff and the 1st Proletarian Brigade commanded by Spanish Civil War veteran Konstantin ""Koca"" Popovic, had withdrawn south to Foca, on the boundary between eastern Bosnia and Herzegovina. With the help of Montenegrin Partisans, they established a liberated area around Foca and Gorazde. This area, known as the ""Foca Republic"", was expanded by subsequent military operations. By late March, People's Liberation Councils had been established to govern 10 towns and 92 villages in the liberated area, but communist organisation in the area was limited and of poor quality.Operation Trio was the first large-scale joint German-Italian counter-insurgency operation of World War II conducted in the Independent State of Croatia (NDH), which included modern-day Bosnia and Herzegovina. It was carried out in two phases within eastern Bosnia from 20 April to 13 May 1942, with Ustase militia and Croatian Home Guard forces taking part on the Axis side. The aim of the operation was to target all insurgents between Sarajevo and the Drina river in eastern Bosnia. These included groups led by communists and Serb-chauvinist Chetniks. Differentiating between the rank and file of the two insurgent factions was difficult, as even the communist-led insurgent groups consisted mainly of Serb peasants who had little understanding of the political aims of their leaders.During Operation Trio, the Partisan leader Josip Broz Tito, his Supreme Staff and the Partisan main force, consisting of the 1st and 2nd Proletarian Brigades, withdrew from their base of operations around Foca. After briefly reorganising around Zelengora mountain south-east of Foca, they moved their operations to western Bosnia for the remainder of 1942.","Foca, Srpska Region, Bosnia",Cavalry vs Germany vs Italy vs Partisans vs Spain,bn8s05.xml,"OPERATION TRIO - 10 May 1942

Foca, Srpska Region, Bosnia
CO Commander Koca Popovic

Italians, Croats and Chetniks have launched a large-scale operation against our liberated territory. We are surrounded by superior enemy forces and must retreat immediately. Cover the retreat of the 1st Proletarian Brigade, especially the Brigade HQ! 

Reach one of the Exit Points with your HQ MSU! 

Recommended Core:

6 x Regular
2 x MG-Infantry, Mules
2 x 75mm 75/13, Mules
1 x Light Cavalry

ATTENTION! In second and third turn, you will receive reinforcements in HQ! You will not be informed. You have to go to HQ in order to open the Deploy window. This bug is reported, but I do not know when it will be fixed.

THE STORY

During Operation Southeast Croatia, Josip Broz Tito, his Supreme Staff and the 1st Proletarian Brigade commanded by Spanish Civil War veteran Konstantin ""Koca"" Popovic, had withdrawn south to Foca, on the boundary between eastern Bosnia and Herzegovina. With the help of Montenegrin Partisans, they established a liberated area around Foca and Gorazde. This area, known as the ""Foca Republic"", was expanded by subsequent military operations. By late March, People's Liberation Councils had been established to govern 10 towns and 92 villages in the liberated area, but communist organisation in the area was limited and of poor quality.

Operation Trio was the first large-scale joint German-Italian counter-insurgency operation of World War II conducted in the Independent State of Croatia (NDH), which included modern-day Bosnia and Herzegovina. It was carried out in two phases within eastern Bosnia from 20 April to 13 May 1942, with Ustase militia and Croatian Home Guard forces taking part on the Axis side. The aim of the operation was to target all insurgents between Sarajevo and the Drina river in eastern Bosnia. These included groups led by communists and Serb-chauvinist Chetniks. Differentiating between the rank and file of the two insurgent factions was difficult, as even the communist-led insurgent groups consisted mainly of Serb peasants who had little understanding of the political aims of their leaders.

During Operation Trio, the Partisan leader Josip Broz Tito, his Supreme Staff and the Partisan main force, consisting of the 1st and 2nd Proletarian Brigades, withdrew from their base of operations around Foca. After briefly reorganising around Zelengora mountain south-east of Foca, they moved their operations to western Bosnia for the remainder of 1942."
Yugoslav Front (1941-1945),6,COUNTERATTACK ON KLIJUC - 7 Oct 1942,"7 Oct 1942West of Kljuc, Una-Sana Region, BosniaCO Commander Koca PopovicFew days ago the fascists managed to capture the city Kljuc. Meanwhile, we was able to stop the attack and are going to start our counterattack. Attack Kljuc, liberate the city and cut off the withdrawal Fascists and destroy them!Capture all VH and prevent the escape of more than 4 enemy units via Exit Point!Recommended Core:6 x Regular2 x MG-Infantry, Mules3 x 75mm 75/13, Mules2 x Light CavalryTHE STORYOperation Jajce: Started on 28 September with homocentric attack from areas Sanski Most - Banja Luka and Donji Vakuf - Travnik and by October 6th took control of Kljuc, Mrkonjic-Grad and Jajce.Combat Group 'Sanski Most' reinforced with tanks, artillery and local Chetniks after two days combat against parts of 6th Krajina partisan detachment captured Kljuc on September 29th. On October 2nd with encirclement maneuver across Lisina mountain, German Combat Group 'Vedel' pushed back 2nd Proletarian Brigade towards village Jezero and captured Mrkonjic-Grad.Surprised Operational Staff NOP i DV for Bosnian Krajina with six brigades and two detachments in that sector, because of bad communications lines failed to make stronger resistance, but managed to withdraw its units under assault of much stronger enemy and on October 6th launched counter-attack with 5 brigades and parts of 2 detachments in upper part of Sana river. During three day combat Kljuc has been taken back and several garrison eliminated between Sitinica and Vrhpolja but advance towards Sanski Most was stopped by attack of German Regimental Combat Group 'Vedel' from Sitinica.On October 7th 1st Proletarian Brigade and parts of 6th Krajina partisan detachment broke reinforced 2nd Battalion of the Domobran 10th Infantry Regiment and captured Kljuc.","West of Kljuc, Una-Sana Region, Bosnia",Cavalry vs Fascist forces vs Germany,bn8s06.xml,"COUNTERATTACK ON KLIJUC - 7 Oct 1942

West of Kljuc, Una-Sana Region, Bosnia
CO Commander Koca Popovic

Few days ago the fascists managed to capture the city Kljuc. Meanwhile, we was able to stop the attack and are going to start our counterattack. Attack Kljuc, liberate the city and cut off the withdrawal Fascists and destroy them!

Capture all VH and prevent the escape of more than 4 enemy units via Exit Point!

Recommended Core:

6 x Regular
2 x MG-Infantry, Mules
3 x 75mm 75/13, Mules
2 x Light Cavalry

THE STORY

Operation Jajce: Started on 28 September with homocentric attack from areas Sanski Most - Banja Luka and Donji Vakuf - Travnik and by October 6th took control of Kljuc, Mrkonjic-Grad and Jajce.

Combat Group 'Sanski Most' reinforced with tanks, artillery and local Chetniks after two days combat against parts of 6th Krajina partisan detachment captured Kljuc on September 29th. On October 2nd with encirclement maneuver across Lisina mountain, German Combat Group 'Vedel' pushed back 2nd Proletarian Brigade towards village Jezero and captured Mrkonjic-Grad.

Surprised Operational Staff NOP i DV for Bosnian Krajina with six brigades and two detachments in that sector, because of bad communications lines failed to make stronger resistance, but managed to withdraw its units under assault of much stronger enemy and on October 6th launched counter-attack with 5 brigades and parts of 2 detachments in upper part of Sana river. During three day combat Kljuc has been taken back and several garrison eliminated between Sitinica and Vrhpolja but advance towards Sanski Most was stopped by attack of German Regimental Combat Group 'Vedel' from Sitinica.

On October 7th 1st Proletarian Brigade and parts of 6th Krajina partisan detachment broke reinforced 2nd Battalion of the Domobran 10th Infantry Regiment and captured Kljuc."
Yugoslav Front (1941-1945),7,CASE WHITE - 30 Feb 1943,"30 Feb 1943Vicinity of the Neretva River, HerzegovinaCO Commander Koca PopovicAfter the hard fighting of the past days, the Fascists are still on our heels! We must retreat as quickly as possible to Montenegro and our only remaining option is to reach and cross the Neretva River. But the passage is only possible at one point! Scouts reported that Chetniks has occupied this area, so we have to fight our way. We are in real danger, but in any case, we will not leave our wounded comrades!Cover the retreat of the Partisan hospital and High Command HQ! Reach one of the Exit Points and retreat 3 of 5 of your MSU! So make sure, that you lost no more than two of your MSU.Recommended Core:6 x Regular2 x MG-Infantry, Mules3 x 75mm 75/13, Mules2 x Light CavalryTHE STORYBattle of the NeretvaDuring the battle, the Partisans were caught in a pocket with their backs to the Neretva river. On their western side, were German forces, including several elite units and supported by panzer brigades. The eastern side (opposite the Partisan pocket) was guarded only by Chetnik formations, who were acting in coordination with the Germans. To reach this side the Partisans would have to cross one or more of the five bridges on the Neretva river. If the Partisans could cross the river they would be relatively safe; however, they had insufficient time to cross as the Axis forces were preparing for their final push.In order to counter this strategic ""checkmate"", the Partisan commander, Josip Broz Tito, prepared an elaborate deception. He ordered his sappers to actually blow up all the bridges on the river. When air reconnaissance brought this information to the German command, they concluded that the Partisans must be preparing a final dash north of their current position (along the western shore of the Neretva), and had blown up the bridge to prevent desertion as well as attack by Chetnik forces from the other side of the river. They thus began a redeployment of troops in the area to block the anticipated movement.This redeployment gave the Partisan engineers precious time needed to sufficiently repair the bridge and to eliminate the Chetnik troops defending its far side. The Germans, characteristically, quickly caught on, but were unable to correct their mistake and prepare a serious attack in time, because of their previous redeployment orders. With their rearguard fighting off an increasingly powerful German advance, the Partisans crossed the river under intense air bombardment (the Axis deployed large Luftwaffe formations), but the mountainous landscape prevented accurate destruction of the makeshift bridge. After the escape was complete, the weak bridge was finally rendered useless to prevent pursuit. The humiliating strategic defeat was amplified by Tito being able to keep his well known pledge not to leave the wounded behind, as they faced certain execution at the hands of the Axis (which later actually happened in the aftermath of the Battle of the Sutjeska).","Vicinity of the Neretva River, Herzegovina",Cavalry vs Fascist forces vs Germany vs Partisans,bn8s07.xml,"CASE WHITE - 30 Feb 1943

Vicinity of the Neretva River, Herzegovina
CO Commander Koca Popovic

After the hard fighting of the past days, the Fascists are still on our heels! We must retreat as quickly as possible to Montenegro and our only remaining option is to reach and cross the Neretva River. But the passage is only possible at one point! Scouts reported that Chetniks has occupied this area, so we have to fight our way. We are in real danger, but in any case, we will not leave our wounded comrades!

Cover the retreat of the Partisan hospital and High Command HQ! Reach one of the Exit Points and retreat 3 of 5 of your MSU! So make sure, that you lost no more than two of your MSU.

Recommended Core:

6 x Regular
2 x MG-Infantry, Mules
3 x 75mm 75/13, Mules
2 x Light Cavalry

THE STORY

Battle of the Neretva

During the battle, the Partisans were caught in a pocket with their backs to the Neretva river. On their western side, were German forces, including several elite units and supported by panzer brigades. The eastern side (opposite the Partisan pocket) was guarded only by Chetnik formations, who were acting in coordination with the Germans. To reach this side the Partisans would have to cross one or more of the five bridges on the Neretva river. If the Partisans could cross the river they would be relatively safe; however, they had insufficient time to cross as the Axis forces were preparing for their final push.

In order to counter this strategic ""checkmate"", the Partisan commander, Josip Broz Tito, prepared an elaborate deception. He ordered his sappers to actually blow up all the bridges on the river. When air reconnaissance brought this information to the German command, they concluded that the Partisans must be preparing a final dash north of their current position (along the western shore of the Neretva), and had blown up the bridge to prevent desertion as well as attack by Chetnik forces from the other side of the river. They thus began a redeployment of troops in the area to block the anticipated movement.

This redeployment gave the Partisan engineers precious time needed to sufficiently repair the bridge and to eliminate the Chetnik troops defending its far side. The Germans, characteristically, quickly caught on, but were unable to correct their mistake and prepare a serious attack in time, because of their previous redeployment orders. With their rearguard fighting off an increasingly powerful German advance, the Partisans crossed the river under intense air bombardment (the Axis deployed large Luftwaffe formations), but the mountainous landscape prevented accurate destruction of the makeshift bridge. After the escape was complete, the weak bridge was finally rendered useless to prevent pursuit. The humiliating strategic defeat was amplified by Tito being able to keep his well known pledge not to leave the wounded behind, as they faced certain execution at the hands of the Axis (which later actually happened in the aftermath of the Battle of the Sutjeska)."
Yugoslav Front (1941-1945),8,CASE BLACK - 4 Jun 1943,"4 Jun 1943Vicinity of the Sutjeska River, Southeastern BosniaCO Marshal Josip Broz TitoWe could speak of a kind of déjà vu - as in the last winter at the Neretva River, today we are facing the same challenge at the Sutjeska River! Strong enemy forces have encircled us and try to block our way into eastern Bosnia. We must fight our way through the enemy lines or perish! Find a suitable crossing point at the Sutjeska River and lead our troops to victory!Reach one of the Exit Points and retreat at last 6 of your units!Recommended Core:6 x Regular2 x MG-Infantry, Mules3 x 75mm 75/13, Mules2 x Light CavalryTHE STORYThe Axis rallied 127,000 land troops for the offensive, including German, Italian, NDH, Bulgarian, Greek forces under Georgios Poulos (officially SS) and Cossack units, and over 300 airplanes. The Yugoslav National Liberation Army had 22,148 soldiers in 16 brigades. After a period of troop concentration, the offensive started on 15 May 1943. The Axis troops used the advantage of better starting positions to encircle and isolate the partisans on the Durmitor mountain area, located between the Tara and Piva rivers in the mountainous areas of northern Montenegro and forced them to engage in a fierce month-long battle on waste territory.On June 9, Tito was nearly killed, as a bomb fell near the leading group and wounded him in the arm. The popular post-war report of the event credited Tito's German shepherd dog Luks, for sacrificing his life to save Tito's. Captain William F. Stuart, a Special Operations Executive operative who was parachuted into Tito's headquarters alongside Captain William Deakin during May, was killed by the explosion, as well.Facing almost exclusively German troops, the Yugoslav National Liberation Army (YNLA) finally succeeded in breaking out across the Sutjeska river through the lines of the German 118th and 104th Jäger and 369th (Croatian) Infantry divisions in the northwestern direction, towards eastern Bosnia. Three brigades and the central hospital with over 2000 wounded were surrounded. Following Hitler's instructions, German commander in chief Generaloberst Alexander Löhr ordered their annihilation, including the wounded and the unarmed medical personnel. In addition, YNLA troops suffered from severe lack of food and medical supplies, and many were struck down by typhoid.In total there were 7,543 partisan casualties, more than a third of the initial force. The German field commander, General Rudolf Lüters in his final report described the so-called ""communist rebels"" as ""well organized, skillfully led and with combat morale unbelievably high"".The successful Partisan breakout helped their reputation as a viable fighting force with the local populace. Consequently they were able to replenish their losses with new recruits, regroup, and mount a series of counterattacks in eastern Bosnia, clearing Axis garrisons of Vlasenica, Srebrenica, Olovo, Kladanj and Zvornik in the following 20 days.The battle marked a turning point toward Partisan control of Yugoslavia, and became an integral part of the Yugoslav post-war mythology, celebrating the self-sacrifice, extreme suffering and moral firmness of the partisans.","Vicinity of the Sutjeska River, Southeastern Bosnia",Cavalry vs Germany vs Italy vs Partisans vs Yugoslavia,bn8s08.xml,"CASE BLACK - 4 Jun 1943

Vicinity of the Sutjeska River, Southeastern Bosnia
CO Marshal Josip Broz Tito

We could speak of a kind of déjà vu - as in the last winter at the Neretva River, today we are facing the same challenge at the Sutjeska River! Strong enemy forces have encircled us and try to block our way into eastern Bosnia. We must fight our way through the enemy lines or perish! Find a suitable crossing point at the Sutjeska River and lead our troops to victory!

Reach one of the Exit Points and retreat at last 6 of your units!

Recommended Core:

6 x Regular
2 x MG-Infantry, Mules
3 x 75mm 75/13, Mules
2 x Light Cavalry

THE STORY

The Axis rallied 127,000 land troops for the offensive, including German, Italian, NDH, Bulgarian, Greek forces under Georgios Poulos (officially SS) and Cossack units, and over 300 airplanes. The Yugoslav National Liberation Army had 22,148 soldiers in 16 brigades. After a period of troop concentration, the offensive started on 15 May 1943. The Axis troops used the advantage of better starting positions to encircle and isolate the partisans on the Durmitor mountain area, located between the Tara and Piva rivers in the mountainous areas of northern Montenegro and forced them to engage in a fierce month-long battle on waste territory.

On June 9, Tito was nearly killed, as a bomb fell near the leading group and wounded him in the arm. The popular post-war report of the event credited Tito's German shepherd dog Luks, for sacrificing his life to save Tito's. Captain William F. Stuart, a Special Operations Executive operative who was parachuted into Tito's headquarters alongside Captain William Deakin during May, was killed by the explosion, as well.

Facing almost exclusively German troops, the Yugoslav National Liberation Army (YNLA) finally succeeded in breaking out across the Sutjeska river through the lines of the German 118th and 104th Jäger and 369th (Croatian) Infantry divisions in the northwestern direction, towards eastern Bosnia. Three brigades and the central hospital with over 2000 wounded were surrounded. Following Hitler's instructions, German commander in chief Generaloberst Alexander Löhr ordered their annihilation, including the wounded and the unarmed medical personnel. In addition, YNLA troops suffered from severe lack of food and medical supplies, and many were struck down by typhoid.

In total there were 7,543 partisan casualties, more than a third of the initial force. The German field commander, General Rudolf Lüters in his final report described the so-called ""communist rebels"" as ""well organized, skillfully led and with combat morale unbelievably high"".

The successful Partisan breakout helped their reputation as a viable fighting force with the local populace. Consequently they were able to replenish their losses with new recruits, regroup, and mount a series of counterattacks in eastern Bosnia, clearing Axis garrisons of Vlasenica, Srebrenica, Olovo, Kladanj and Zvornik in the following 20 days.

The battle marked a turning point toward Partisan control of Yugoslavia, and became an integral part of the Yugoslav post-war mythology, celebrating the self-sacrifice, extreme suffering and moral firmness of the partisans."
Yugoslav Front (1941-1945),9,OPERATION ISTRIA - 25 Sep 1943,"25 Sep 1943Vicinity of Petrinja, Central CroatiaCO Commander Koca PopovicItaly has capitulated and in whole former Italian occupied territory of Yugoslavia rebellion have broken out! The Germans try to disarm the Italians and to gain control over these abandoned areas. Unfortunately the fascists has occupied the most important cities such as Trieste, Rijeka and Zadar before we could intervene. However, many new ad hoc Partisan units were formed and they besiege these cities now, but they are too weak and inexperienced to expel the Germans. Help our comrades in the liberation of our all homeland! But hurry, the reaction of the Germans will not long be stay out. They gather strong armored elite units and prepare a counterattack!Capture all VH and hold it for 15 turns!Numerous Italian military equipment has fallen into our hands, also some heavy weapons. It's time to motorize a part of your Corps and also to add some fast armored units.Recommended Core:2 x Guards, Trucks2 x AB 411 x 105mm 105/28, Trucks4 x Regular2 x MG-Infantry, Mules2 x 75mm 75/13, MulesTHE STORYAfter capitulation of Italy in September 1943 open uprising begun in Slovenian littoral, Istria, Croatian Littoral, Gorski Kotar, Notranjsko and Dolenjsko with disarming of the Italian units and formation of large liberated territory and several new Partisan brigades as well as 18th, 30th and 31st Slovenian division of NOVJ. German communication line between Italy and Sava valley was cut or severally disrupted.German 194th Grenadier Regiment managed to secure major ports of Trieste, Pula (Pola) on 13 September and Rijeka (Fiume) and Susak on 15 September before Partisans could move in, but both Pula and Rijeka become effectively surrounded with neither side able to do anything.On 19 September German High command give order to commander of Army Group B, Field-Marshal Erwin Rommel to suppress uprising and eliminate NOV i POJ forces in Gorski Kotar, east Slovenia, Slovenian littoral, Istra, Croatian Littoral and secure Adriatic coast in that area.Task was given to 2. SS Panzer Corps under Paul Hausser which massed huge force for the operation over 40000 soldiers, 95 tanks, 41 assault guns, 23 tank hunters, 6 heavy self-propelled guns and around 300 half-tracks versus around 15000 Partisans.Such massive superiority in armor allowed Germans to quickly achieve their goals against Partisans who had only few captured Italian tankettes and anti-tank guns which makes entire operation waste of resources at the time when Germany was hard pressed on Eastern front and in southern Italy.","Vicinity of Petrinja, Central Croatia",Germany vs Italy vs Partisans vs Yugoslavia,bn8s09.xml,"OPERATION ISTRIA - 25 Sep 1943

Vicinity of Petrinja, Central Croatia
CO Commander Koca Popovic

Italy has capitulated and in whole former Italian occupied territory of Yugoslavia rebellion have broken out! The Germans try to disarm the Italians and to gain control over these abandoned areas. Unfortunately the fascists has occupied the most important cities such as Trieste, Rijeka and Zadar before we could intervene. However, many new ad hoc Partisan units were formed and they besiege these cities now, but they are too weak and inexperienced to expel the Germans. Help our comrades in the liberation of our all homeland! But hurry, the reaction of the Germans will not long be stay out. They gather strong armored elite units and prepare a counterattack!

Capture all VH and hold it for 15 turns!

Numerous Italian military equipment has fallen into our hands, also some heavy weapons. It's time to motorize a part of your Corps and also to add some fast armored units.

Recommended Core:

2 x Guards, Trucks
2 x AB 41
1 x 105mm 105/28, Trucks

4 x Regular
2 x MG-Infantry, Mules
2 x 75mm 75/13, Mules

THE STORY

After capitulation of Italy in September 1943 open uprising begun in Slovenian littoral, Istria, Croatian Littoral, Gorski Kotar, Notranjsko and Dolenjsko with disarming of the Italian units and formation of large liberated territory and several new Partisan brigades as well as 18th, 30th and 31st Slovenian division of NOVJ. German communication line between Italy and Sava valley was cut or severally disrupted.

German 194th Grenadier Regiment managed to secure major ports of Trieste, Pula (Pola) on 13 September and Rijeka (Fiume) and Susak on 15 September before Partisans could move in, but both Pula and Rijeka become effectively surrounded with neither side able to do anything.

On 19 September German High command give order to commander of Army Group B, Field-Marshal Erwin Rommel to suppress uprising and eliminate NOV i POJ forces in Gorski Kotar, east Slovenia, Slovenian littoral, Istra, Croatian Littoral and secure Adriatic coast in that area.

Task was given to 2. SS Panzer Corps under Paul Hausser which massed huge force for the operation over 40000 soldiers, 95 tanks, 41 assault guns, 23 tank hunters, 6 heavy self-propelled guns and around 300 half-tracks versus around 15000 Partisans.

Such massive superiority in armor allowed Germans to quickly achieve their goals against Partisans who had only few captured Italian tankettes and anti-tank guns which makes entire operation waste of resources at the time when Germany was hard pressed on Eastern front and in southern Italy."
Yugoslav Front (1941-1945),10,BANJA LUKA STRIKE - 18 Dec 1943,"18 Dec 1943North of Banja Luka, BosniaCO Commander Slavko RodicYour Corps will start a surprise attack on the largest town in the region of Srpska. Liberate the citizens of Banja Luka from the fascist bondage! Apart from some German armored trains, resistance is only expected by some Croatian NDH troops.Capture all VH!Recommended Core:2 x Guards, Trucks2 x AB 412 x 105mm 105/28, Trucks4 x Regular2 x MG-Infantry, Mules1 x 75mm 75/13, MulesTHE STORYThe first Banja Luka operation started on 12 December 1943 at 10.00 pm with attack of units of 5th Corps of NOVJ on Banja Luka, airfield in Zaluzani and Bosanska Gradiska, lasted until 1 January 1944. Purpose of operation was easing the German pressure on NOVJ forces in east Bosnia.","North of Banja Luka, Bosnia",Germany,bn8s10.xml,"BANJA LUKA STRIKE - 18 Dec 1943

North of Banja Luka, Bosnia
CO Commander Slavko Rodic

Your Corps will start a surprise attack on the largest town in the region of Srpska. Liberate the citizens of Banja Luka from the fascist bondage! Apart from some German armored trains, resistance is only expected by some Croatian NDH troops.

Capture all VH!

Recommended Core:

2 x Guards, Trucks
2 x AB 41
2 x 105mm 105/28, Trucks

4 x Regular
2 x MG-Infantry, Mules
1 x 75mm 75/13, Mules

THE STORY

The first Banja Luka operation started on 12 December 1943 at 10.00 pm with attack of units of 5th Corps of NOVJ on Banja Luka, airfield in Zaluzani and Bosanska Gradiska, lasted until 1 January 1944. Purpose of operation was easing the German pressure on NOVJ forces in east Bosnia."
Yugoslav Front (1941-1945),11,KNIGHT'S MOVE - 25 May 1944,"25 May 1944Drvar Region, Western BosniaCO Marshal Josip Broz TitoOur HQ's in Drvar are surprisingly attacked by enemy airborne troops! Moreover, strong enemy columns move on Drvar from all sides. Beat back the attacks and ensure that our HQ's and the Allies military missions in Drvar do not come to harm!Hold as much VH as possible for 10 turns! 10 of 12 VH are needed for a BV and at last 6 VH are needed in order not to lose the battle. Furthermore you must ensure that at least one of your 6 MSU survive the enemy attacks!In this scenario, the AI has the first turn!Recommended Core:3 x Guards, Trucks2 x AB 412 x 105mm 105/28, Trucks3 x Regular2 x MG-Infantry, Mules1 x 75mm 75/13, MulesTHE STORYThe offensive began at 5am with the advance of ground forces from their assembly areas surrounding the areas of operations. About 6.35am, five squadrons of Luftwaffe bombers, including Junkers Ju 87 dive bombers, began bombing targets within Drvar and Bosanski Petrovac. A total of 440 sorties were flown on 25 May 1944.Airborne assault and initial response500th SS Parachute Battalion began to parachute and glide onto their objectives at 7am, with most parachutists and glider pilots able to land relatively close to their targets despite the smoke and dust from the bombing. Some gliders landed significantly off course, including one that landed in front of the Bastasi cave seven kilometres to the west of Drvar, and several that landed in Vrtoc(e. The occupants of the glider that landed in Bastasi were immediately killed by members of Tito's escort battalion guarding the cave, and the occupants of the gliders at Vrtoce had to fight their way toward Drvar. After landing, the first wave of the 500th SS Parachute Battalion quickly gained control of Drvar.Panther Group supported by Red Group overcame minimal resistance at the cemetery and Captain Rybka established his headquarters behind the cemetery walls. However, there was no sign of Tito or his headquarters. Greifer Group and Brecher Group were also unsuccessful as the British and American groups had moved following the aerial reconnaissance on 23 May. Parts of Stürmer Group landed their gliders in a field immediately south of the Drvar cave and came under fire from members of Tito's escort battalion on the high ground in the area of the cave. The Draufgänger Group landed their gliders at the ""Western Cross"", then assaulted a building they believed was the Partisan communications centre. However, the building was actually the office of the Communist Party of Yugoslavia Central Committee, who resisted fanatically until the building was levelled using satchel charges. Both Blue Group and Green Group, consisting of parachute troops that landed in the eastern part of Drvar where most of the population lived, were also engaged in heavy fighting. The Young Communist League of Yugoslavia had just finished a conference in Drvar, and many of the delegates were still staying in the town. Many youths took up whatever arms they could obtain and commenced fighting the parachutists who were attempting to establish a cordon on the eastern side of the town.Two kilometres further east on the road to Mokronoge was a Partisan officer training school with about 130 students. On hearing the fighting from the direction of Drvar, the students marched west initially armed with pistols and a few rifles. They split into two groups, a smaller group which crossed the Unac and advanced west along the railway line on the ridge leading toward Tito's cave, and a larger group which collected arms and ammunition from several stray canisters of German equipment dropped by parachute. The larger group of students attacked Green and Blue Groups from the east around 8am, suffering severe casualties but maintained continuous pressure on the German flank. About 9am, the Germans had largely secured Drvar, and the available troops went from house to house, armed with photographs of Tito, brutally questioning the civilians they could find. Soon after this commenced, Rybka realised that Partisan resistance was concentrated to the north in the vicinity of the cave. He therefore fired the red signal flare to rally his troops for an assault in that direction.Assault on Tito's cave and the Partisan counterattackAbout 10.30am, Rybka launched a frontal attack across the Unac supported by at least one MG42 machine gun firing into the mouth of the cave. The Germans reached the base of the hill, fifty metres from the cave, but suffered severe casualties in the assault. They were also running low on water. Prior to this attack, Tito and around 20 staff had taken refuge in the cave.While Rybka was assembling his troops for this attack, surrounding Partisan forces were rushed toward Drvar. Three battalions of the 3rd Proletarian Brigade of the 1st Proletarian Division approached from the southeast. One battalion attacked the German position at the cemetery while the other two swung around to strike the Germans from the west.Tito makes his escapeAt about 11.15am, after Rybka's first attack had been defeated, Tito and the small group gathered with him escaped from the cave. There was a platform at the mouth of the cave, and they climbed down a rope through a trapdoor in the platform, although the hysteria displayed by Tito's mistress Davorjanka Paunovic (codenamed ""Zdenka"") and his dog ""Tiger"" caused some delays. The party split up and following a creek leading to the Unac, the small groups climbed the heights to the east and withdrew toward the village of Potoci.Second German attack and withdrawalAbout midday, the second wave of parachute troops were dropped in two groups to the west of the cemetery. The drop zone was within fields of fire of the Partisans to the west of Drvar, and they suffered many casualties during the drop. Collecting the remainder, Rybka mounted a second attack, but the pressure on his flanks was too heavy, and the assault again failed. Fighting continued throughout the afternoon with both sides taking heavy casualties.In the late afternoon, Rybka ordered a withdrawal of all his forces to the area of the cemetery and formed a defensive perimeter. During the withdrawal, at least one group of troops was cutoff and killed. About 6pm, Rybka was wounded by a grenade blast and was later evacuated with other casualties in the light aircraft intended to carry away Tito after his capture. By 9.30pm, the Germans had consolidated their position in the cemetery, although they were now completely surrounded by the Partisans. During the night the 3rd Proletarian Brigade attacked the cemetery, with elements of the 9th Dalmatia Division reinforcing the assault. At 3.30am on 26 May, the final Partisan attack was launched against the cemetery, breaching the walls in several places, but the paratroopers held on.Ground force assault and Partisan withdrawalThroughout 25 May, the ground forces of XV Mountain Corps had not been able to advance as quickly as expected. There had been unexpected resistance from the Partisan 1st, 5th and 8th Corps along their axes of advance, and there was very poor communication between the various elements which resulted in lack of coordination of their movements. They were also subjected to several Allied air attacks.Escorted by elements of the 3rd Krajina Brigade, Tito made his way to Potoci, where he was met by a battalion of the 1st Proletarian Brigade. At Potoci they were met by the allied mission staff and groups of Partisans. Fortunately the British mission signals officer had brought the only surviving radio. After the final night attack had failed to overrun the Germans in Drvar, and realising that the ground forces would eventually fight their way to the town and relieve the paratroopers, Tito ordered the withdrawal of Partisan forces from the town. About 5am on 26 May, a Luftwaffe fighter-bomber formation engaged the withdrawing Partisan troops. After German troops were observed in the area of Potoci, Tito, his staff and his escort continued toward Kupres, travelling on foot and by horseback, as well as on the wagons of a narrow-gauge logging railway. During this trek, one of the members of the Soviet mission was wounded by shellfire.Relief of the paratroopersAbout 7am on 26 May, the 500th SS Parachute Battalion established radio contact with reconnaissance elements of Battle Group Willam, but it was not until 12.45pm that the 92nd Motorised Grenadier Regiment reached Drvar and relieved the paratroopers.","Drvar Region, Western Bosnia",Britain vs Germany vs Partisans vs Soviet Union vs USA vs Yugoslavia,bn8s11.xml,"KNIGHT'S MOVE - 25 May 1944

Drvar Region, Western Bosnia
CO Marshal Josip Broz Tito

Our HQ's in Drvar are surprisingly attacked by enemy airborne troops! Moreover, strong enemy columns move on Drvar from all sides. Beat back the attacks and ensure that our HQ's and the Allies military missions in Drvar do not come to harm!

Hold as much VH as possible for 10 turns! 10 of 12 VH are needed for a BV and at last 6 VH are needed in order not to lose the battle. Furthermore you must ensure that at least one of your 6 MSU survive the enemy attacks!

In this scenario, the AI has the first turn!

Recommended Core:

3 x Guards, Trucks
2 x AB 41
2 x 105mm 105/28, Trucks

3 x Regular
2 x MG-Infantry, Mules
1 x 75mm 75/13, Mules

THE STORY

The offensive began at 5am with the advance of ground forces from their assembly areas surrounding the areas of operations. About 6.35am, five squadrons of Luftwaffe bombers, including Junkers Ju 87 dive bombers, began bombing targets within Drvar and Bosanski Petrovac. A total of 440 sorties were flown on 25 May 1944.

Airborne assault and initial response

500th SS Parachute Battalion began to parachute and glide onto their objectives at 7am, with most parachutists and glider pilots able to land relatively close to their targets despite the smoke and dust from the bombing. Some gliders landed significantly off course, including one that landed in front of the Bastasi cave seven kilometres to the west of Drvar, and several that landed in Vrtoc(e. The occupants of the glider that landed in Bastasi were immediately killed by members of Tito's escort battalion guarding the cave, and the occupants of the gliders at Vrtoce had to fight their way toward Drvar. After landing, the first wave of the 500th SS Parachute Battalion quickly gained control of Drvar.

Panther Group supported by Red Group overcame minimal resistance at the cemetery and Captain Rybka established his headquarters behind the cemetery walls. However, there was no sign of Tito or his headquarters. Greifer Group and Brecher Group were also unsuccessful as the British and American groups had moved following the aerial reconnaissance on 23 May. Parts of Stürmer Group landed their gliders in a field immediately south of the Drvar cave and came under fire from members of Tito's escort battalion on the high ground in the area of the cave. The Draufgänger Group landed their gliders at the ""Western Cross"", then assaulted a building they believed was the Partisan communications centre. However, the building was actually the office of the Communist Party of Yugoslavia Central Committee, who resisted fanatically until the building was levelled using satchel charges. Both Blue Group and Green Group, consisting of parachute troops that landed in the eastern part of Drvar where most of the population lived, were also engaged in heavy fighting. The Young Communist League of Yugoslavia had just finished a conference in Drvar, and many of the delegates were still staying in the town. Many youths took up whatever arms they could obtain and commenced fighting the parachutists who were attempting to establish a cordon on the eastern side of the town.

Two kilometres further east on the road to Mokronoge was a Partisan officer training school with about 130 students. On hearing the fighting from the direction of Drvar, the students marched west initially armed with pistols and a few rifles. They split into two groups, a smaller group which crossed the Unac and advanced west along the railway line on the ridge leading toward Tito's cave, and a larger group which collected arms and ammunition from several stray canisters of German equipment dropped by parachute. The larger group of students attacked Green and Blue Groups from the east around 8am, suffering severe casualties but maintained continuous pressure on the German flank. About 9am, the Germans had largely secured Drvar, and the available troops went from house to house, armed with photographs of Tito, brutally questioning the civilians they could find. Soon after this commenced, Rybka realised that Partisan resistance was concentrated to the north in the vicinity of the cave. He therefore fired the red signal flare to rally his troops for an assault in that direction.

Assault on Tito's cave and the Partisan counterattack

About 10.30am, Rybka launched a frontal attack across the Unac supported by at least one MG42 machine gun firing into the mouth of the cave. The Germans reached the base of the hill, fifty metres from the cave, but suffered severe casualties in the assault. They were also running low on water. Prior to this attack, Tito and around 20 staff had taken refuge in the cave.

While Rybka was assembling his troops for this attack, surrounding Partisan forces were rushed toward Drvar. Three battalions of the 3rd Proletarian Brigade of the 1st Proletarian Division approached from the southeast. One battalion attacked the German position at the cemetery while the other two swung around to strike the Germans from the west.

Tito makes his escape

At about 11.15am, after Rybka's first attack had been defeated, Tito and the small group gathered with him escaped from the cave. There was a platform at the mouth of the cave, and they climbed down a rope through a trapdoor in the platform, although the hysteria displayed by Tito's mistress Davorjanka Paunovic (codenamed ""Zdenka"") and his dog ""Tiger"" caused some delays. The party split up and following a creek leading to the Unac, the small groups climbed the heights to the east and withdrew toward the village of Potoci.

Second German attack and withdrawal

About midday, the second wave of parachute troops were dropped in two groups to the west of the cemetery. The drop zone was within fields of fire of the Partisans to the west of Drvar, and they suffered many casualties during the drop. Collecting the remainder, Rybka mounted a second attack, but the pressure on his flanks was too heavy, and the assault again failed. Fighting continued throughout the afternoon with both sides taking heavy casualties.

In the late afternoon, Rybka ordered a withdrawal of all his forces to the area of the cemetery and formed a defensive perimeter. During the withdrawal, at least one group of troops was cutoff and killed. About 6pm, Rybka was wounded by a grenade blast and was later evacuated with other casualties in the light aircraft intended to carry away Tito after his capture. By 9.30pm, the Germans had consolidated their position in the cemetery, although they were now completely surrounded by the Partisans. During the night the 3rd Proletarian Brigade attacked the cemetery, with elements of the 9th Dalmatia Division reinforcing the assault. At 3.30am on 26 May, the final Partisan attack was launched against the cemetery, breaching the walls in several places, but the paratroopers held on.

Ground force assault and Partisan withdrawal

Throughout 25 May, the ground forces of XV Mountain Corps had not been able to advance as quickly as expected. There had been unexpected resistance from the Partisan 1st, 5th and 8th Corps along their axes of advance, and there was very poor communication between the various elements which resulted in lack of coordination of their movements. They were also subjected to several Allied air attacks.

Escorted by elements of the 3rd Krajina Brigade, Tito made his way to Potoci, where he was met by a battalion of the 1st Proletarian Brigade. At Potoci they were met by the allied mission staff and groups of Partisans. Fortunately the British mission signals officer had brought the only surviving radio. After the final night attack had failed to overrun the Germans in Drvar, and realising that the ground forces would eventually fight their way to the town and relieve the paratroopers, Tito ordered the withdrawal of Partisan forces from the town. About 5am on 26 May, a Luftwaffe fighter-bomber formation engaged the withdrawing Partisan troops. After German troops were observed in the area of Potoci, Tito, his staff and his escort continued toward Kupres, travelling on foot and by horseback, as well as on the wagons of a narrow-gauge logging railway. During this trek, one of the members of the Soviet mission was wounded by shellfire.

Relief of the paratroopers

About 7am on 26 May, the 500th SS Parachute Battalion established radio contact with reconnaissance elements of Battle Group Willam, but it was not until 12.45pm that the 92nd Motorised Grenadier Regiment reached Drvar and relieved the paratroopers."
Yugoslav Front (1941-1945),12,OPERATION RATWEEK - 3 Sep 1944,"3 Sep 1944West of Zagreb, CroatiaCO Commander Peko DapcevicThis is a Hit & Run-operation! In recent days, the USAAF bombed all enemy airfields in Zagreb east of the Sava River. Your task is the capture and destruction of the remaining enemy airfields west of the Sava River! If all airfields are unusable, Zagreb is without fighter protection and the USAAF is able to bomb important factories and railway facilities without significant losses. Act quickly and retreat in time, before the enemy can react!Find and destroy 5 of 5 enemy MSU (Factories and trains in Zagreb) with your bombers (Reinforcement) and don't lose any of your own MSU bombers! To ensure this, all enemy airfields east of the Sava River must be destroyed by your ground forces, otherwise the Luftwaffe shoot down your bombers soon!The time of hiding in the mountains is over! Now comes the time to fight the enemy in open field. The British have given us some modern heavy weapons, upgrade your Corps into a powerful full-motorized force, in order to perform your future tasks! A fighter squadron, trained and equipped by our British Allies, is also subject to your command. Congratulations!Recommended Core:2 x Stuart V6 x Guards, Trucks2 x MG-Infantry, Trucks2 x AEC III3 x 105mm 105/28, Trucks1 x Spitfire VTHE STORYSimply refereed to by Partisan Supreme Headquarters as Destruction of communications on Yugoslav front from 1 to 7 September 1944, operation Ratweek was major joint effort of Allied air forces and Yugoslav partisans.Plan probably originated from ULTRA decrypts revealing planed withdrawal of German Army from Adriatic coastline and Army Group E from Greece where over 350.000 German soldiers were used for occupation and coastal defense duties. Disrupting German withdrawal schedule would have serious consequences as subsequent events showed.Agreement was made during talks between Josip Broz Tito, Winston Churchill and Henry Maitland Wilson from 6 to 14 August 1944 in Caserta and Naples. Goal was to destroy communication network (road and railway) in entire Yugoslavia simultaneously by using eight Partisan Corps (24 division and one operational group with 79 brigades, totaling 120.000 soldiers), four Partisan operational zone and units of regional staffs supported by Allied Balkan Air Force and 15th United States Army Air Force.","West of Zagreb, Croatia",Britain vs Germany vs Partisans vs Yugoslavia,bn8s12.xml,"OPERATION RATWEEK - 3 Sep 1944

West of Zagreb, Croatia
CO Commander Peko Dapcevic

This is a Hit & Run-operation! In recent days, the USAAF bombed all enemy airfields in Zagreb east of the Sava River. Your task is the capture and destruction of the remaining enemy airfields west of the Sava River! If all airfields are unusable, Zagreb is without fighter protection and the USAAF is able to bomb important factories and railway facilities without significant losses. Act quickly and retreat in time, before the enemy can react!

Find and destroy 5 of 5 enemy MSU (Factories and trains in Zagreb) with your bombers (Reinforcement) and don't lose any of your own MSU bombers! To ensure this, all enemy airfields east of the Sava River must be destroyed by your ground forces, otherwise the Luftwaffe shoot down your bombers soon!

The time of hiding in the mountains is over! Now comes the time to fight the enemy in open field. The British have given us some modern heavy weapons, upgrade your Corps into a powerful full-motorized force, in order to perform your future tasks! A fighter squadron, trained and equipped by our British Allies, is also subject to your command. Congratulations!

Recommended Core:

2 x Stuart V
6 x Guards, Trucks
2 x MG-Infantry, Trucks
2 x AEC III
3 x 105mm 105/28, Trucks
1 x Spitfire V

THE STORY

Simply refereed to by Partisan Supreme Headquarters as Destruction of communications on Yugoslav front from 1 to 7 September 1944, operation Ratweek was major joint effort of Allied air forces and Yugoslav partisans.

Plan probably originated from ULTRA decrypts revealing planed withdrawal of German Army from Adriatic coastline and Army Group E from Greece where over 350.000 German soldiers were used for occupation and coastal defense duties. Disrupting German withdrawal schedule would have serious consequences as subsequent events showed.

Agreement was made during talks between Josip Broz Tito, Winston Churchill and Henry Maitland Wilson from 6 to 14 August 1944 in Caserta and Naples. Goal was to destroy communication network (road and railway) in entire Yugoslavia simultaneously by using eight Partisan Corps (24 division and one operational group with 79 brigades, totaling 120.000 soldiers), four Partisan operational zone and units of regional staffs supported by Allied Balkan Air Force and 15th United States Army Air Force."
Yugoslav Front (1941-1945),13,BELGRADE OFFENSIVE - 12 Oct 1944,"12 Oct 1944West of Belgrade, SerbiaCO General Peko DapcevicThe time has come to liberate the Serbian capital from the fascist bondage! With the support of the victorious Red Army, it should not be difficult to drive out the Germans and their collaborators. Long live our leader Comrade Tito, long live the Communist Party!Capture all VH!A fighter-bomber squadron, trained and equipped by our British Allies, is subject to your command. Congratulations!Recommended Core:2 x Stuart V6 x Guards, Trucks2 x MG-Infantry, Trucks2 x AEC III3 x 105mm 105/28, Trucks1 x Spitfire V1 x Hurricane IVTHE STORYThe 4th Guards Mechanized Corps of the Red Army and the Yugoslav 12th Corps broke through the enemy resistance south of Belgrade on 14 October, approaching the city. The Yugoslavs advanced along the roads in the direction of Belgrade south of the Sava River, while the Red Army engaged in fighting on the northern bank outskirts. The assault on the city was delayed due to the diversion of forces for the elimination of thousands of enemy troops surrounded between Belgrade and Smederevo (to the south-east). On 20 October, Belgrade had been completely overrun by joint Soviet and Yugoslav forces.The Yugoslav 13th Corps, in cooperation with the Bulgarian 2nd Army, advanced from the south-east. They were responsible for the area of Nis and Leskovac. The forces were also responsible for cutting off the main for the evacuation of Army Group E, along the rivers of South Morava and Morava. Army Group E had, therefore, been forced to retreat through the mountains of Montenegro and Bosnia and was unable to strengthen the German forces in Hungary.The next day, elements of the 3rd Ukrainian Front stormed Kraljevo and finally cut Thessaloniki highway to Belgrade.The Soviet 10th Guards Rifle Corps of the 46th Army (2nd Ukrainian Front), together with units of the Yugoslav Partisans moving via the Danube - provided more offensive strength from the north-east against the Wehrmacht's position in Belgrade. They cleared the left bank of the Tisa and Danube (in Yugoslavia) and took the town of Pancevo.","West of Belgrade, Serbia",Britain vs Germany vs Partisans vs Soviet Union vs Yugoslavia,bn8s13.xml,"BELGRADE OFFENSIVE - 12 Oct 1944

West of Belgrade, Serbia
CO General Peko Dapcevic

The time has come to liberate the Serbian capital from the fascist bondage! With the support of the victorious Red Army, it should not be difficult to drive out the Germans and their collaborators. Long live our leader Comrade Tito, long live the Communist Party!

Capture all VH!

A fighter-bomber squadron, trained and equipped by our British Allies, is subject to your command. Congratulations!

Recommended Core:

2 x Stuart V
6 x Guards, Trucks
2 x MG-Infantry, Trucks
2 x AEC III
3 x 105mm 105/28, Trucks
1 x Spitfire V
1 x Hurricane IV

THE STORY

The 4th Guards Mechanized Corps of the Red Army and the Yugoslav 12th Corps broke through the enemy resistance south of Belgrade on 14 October, approaching the city. The Yugoslavs advanced along the roads in the direction of Belgrade south of the Sava River, while the Red Army engaged in fighting on the northern bank outskirts. The assault on the city was delayed due to the diversion of forces for the elimination of thousands of enemy troops surrounded between Belgrade and Smederevo (to the south-east). On 20 October, Belgrade had been completely overrun by joint Soviet and Yugoslav forces.

The Yugoslav 13th Corps, in cooperation with the Bulgarian 2nd Army, advanced from the south-east. They were responsible for the area of Nis and Leskovac. The forces were also responsible for cutting off the main for the evacuation of Army Group E, along the rivers of South Morava and Morava. Army Group E had, therefore, been forced to retreat through the mountains of Montenegro and Bosnia and was unable to strengthen the German forces in Hungary.

The next day, elements of the 3rd Ukrainian Front stormed Kraljevo and finally cut Thessaloniki highway to Belgrade.

The Soviet 10th Guards Rifle Corps of the 46th Army (2nd Ukrainian Front), together with units of the Yugoslav Partisans moving via the Danube - provided more offensive strength from the north-east against the Wehrmacht's position in Belgrade. They cleared the left bank of the Tisa and Danube (in Yugoslavia) and took the town of Pancevo."
Yugoslav Front (1941-1945),14,KNIN - 26 Nov 1944,"26 Nov 1944South of Knin, HerzegovinaCO Commander Pavle IlicEnemy troops in strength of two to three divisions entrenches in Knin to keep the Balkans retreat routes open. Through a quick victory in Knin, we would be able to prevent the withdrawal of considerable Wehrmacht contingents and cause a heavy defeat to the fascists!Capture all VH!Recommended Core:2 x Stuart V6 x Guards, Trucks2 x MG-Infantry, Trucks2 x AEC III3 x 105mm 105/28, Trucks1 x Spitfire V1 x Hurricane IVTHE STORYMain battle begun by frontal assault of the 26th Division backed by artillery and armor against German 891st and 892nd Regiments but failed to breach it.On 28 November Army Group E allowed 15th Mountain Corps to begun retreat from Knin to more defensible position north Knin which were to be held during the winter. Two days later Germans begun shortening their front by pulling back from Ostra Glavica, Bulajusi and Lisnik, also fresh 847th Regiment from 392nd Division arrived in area of Padene to boost German defenses in that sector.On 1 December new assault breaks Germans lines, successful morthen outflanking maneuver by 8th Brigade of the 20th Division attacks German forces in Padene area while 26th Division ties down most of Germans to the southern sector. Next day 14th Brigade of the 19th Division reaches Knin - Padene road and connects with 20th Division completing encirclement of German forces in Knin. 1st Dalmatian Brigade breaches German lines in the south advances towards Knin itself.Between 2 and 3am on 3 December, 1st and 12 Dalmatian brigade arrived into Knin across demolished brigade over Krka river and by 4am linked up with 9th Brigade of the 20th Division liberating Knin. Most of German forces were cut off in several pockets, smaller one southeast of Knin was eliminated by 26th Division capturing 1200 German soldiers. Most of 264th Division was surrounded near Stara Straza with only small group lead by division commander Alois Windisch managed to breakthrough during the night of 3/4 November. As a last act of desperation to prevent it from falling into Partisan hands Germans set fire to their ammunition and fuel depot stored in Stara Straza railway tunnel killing around 600 of their wounded which were also located inside.By 4 December most organized resistance ceased with Germans attempting to reach their lines in small groups, amongst captured was Konrad Wild, commander of the 383rd Regiment of the 373rd Division.","South of Knin, Herzegovina",Germany vs Partisans,bn8s14.xml,"KNIN - 26 Nov 1944

South of Knin, Herzegovina
CO Commander Pavle Ilic

Enemy troops in strength of two to three divisions entrenches in Knin to keep the Balkans retreat routes open. Through a quick victory in Knin, we would be able to prevent the withdrawal of considerable Wehrmacht contingents and cause a heavy defeat to the fascists!

Capture all VH!

Recommended Core:

2 x Stuart V
6 x Guards, Trucks
2 x MG-Infantry, Trucks
2 x AEC III
3 x 105mm 105/28, Trucks
1 x Spitfire V
1 x Hurricane IV

THE STORY

Main battle begun by frontal assault of the 26th Division backed by artillery and armor against German 891st and 892nd Regiments but failed to breach it.

On 28 November Army Group E allowed 15th Mountain Corps to begun retreat from Knin to more defensible position north Knin which were to be held during the winter. Two days later Germans begun shortening their front by pulling back from Ostra Glavica, Bulajusi and Lisnik, also fresh 847th Regiment from 392nd Division arrived in area of Padene to boost German defenses in that sector.

On 1 December new assault breaks Germans lines, successful morthen outflanking maneuver by 8th Brigade of the 20th Division attacks German forces in Padene area while 26th Division ties down most of Germans to the southern sector. Next day 14th Brigade of the 19th Division reaches Knin - Padene road and connects with 20th Division completing encirclement of German forces in Knin. 1st Dalmatian Brigade breaches German lines in the south advances towards Knin itself.

Between 2 and 3am on 3 December, 1st and 12 Dalmatian brigade arrived into Knin across demolished brigade over Krka river and by 4am linked up with 9th Brigade of the 20th Division liberating Knin. Most of German forces were cut off in several pockets, smaller one southeast of Knin was eliminated by 26th Division capturing 1200 German soldiers. Most of 264th Division was surrounded near Stara Straza with only small group lead by division commander Alois Windisch managed to breakthrough during the night of 3/4 November. As a last act of desperation to prevent it from falling into Partisan hands Germans set fire to their ammunition and fuel depot stored in Stara Straza railway tunnel killing around 600 of their wounded which were also located inside.

By 4 December most organized resistance ceased with Germans attempting to reach their lines in small groups, amongst captured was Konrad Wild, commander of the 383rd Regiment of the 373rd Division."
Yugoslav Front (1941-1945),15,LIBERATION OF MOSTAR - 6 Feb 1945,"6 Feb 1945Sibenik, CroatiaCO General Petar DrapsinYour Corps is selected for the liberation of Mostar! However, the Germans have already started to retreat inland. Advance with a task force as soon as possible on Visoko and with a second along the coast on Dubrovnik. This way we can surround and destroy the retreating Germans! The British have pledged support from sea and want to eliminate some German bases on the islands. This is your chance for revenge for the 'Battle of the Neretva River' in winter '43!Capture all VH and prevent the escape of more then three enemy units via Exit Point!The Soviet Union supported our fight for liberation extensive with weapons and ammunition. You are now able to provide you Corps with the most modern equipment!Recommended Core:1 x T-34/851 x Stuart V6 x Guards, Trucks1 x SU-851 x MG-Infantry, Trucks2 x AEC III1 x 152mm D-1, Trucks2 x 105mm 105/28, Trucks1 x Spitfire V1 x Hurricane IVTHE STORYThe Mostar Operation was a series of Yugoslav Partisan military operations in Herzegovina from February 6-15, 1945.Mostar guarded left flank for troops of German South-East Command and Army Group E retreating from Serbia and Montenegro through Sarajevo North along Bosna river to Slavonski Brod.Most of central Herzegovina was part of the District of Hum in the Independent State of Croatia. Mostar was also home to an air field of the Air Force of the Independent State of Croatia.Partisans took Siroki Brijeg on February 6 and Mostar without resistance on February 14.","Sibenik, Croatia",Britain vs Germany vs Partisans vs Soviet Union vs Yugoslavia,bn8s15.xml,"LIBERATION OF MOSTAR - 6 Feb 1945

Sibenik, Croatia
CO General Petar Drapsin

Your Corps is selected for the liberation of Mostar! However, the Germans have already started to retreat inland. Advance with a task force as soon as possible on Visoko and with a second along the coast on Dubrovnik. This way we can surround and destroy the retreating Germans! The British have pledged support from sea and want to eliminate some German bases on the islands. This is your chance for revenge for the 'Battle of the Neretva River' in winter '43!

Capture all VH and prevent the escape of more then three enemy units via Exit Point!

The Soviet Union supported our fight for liberation extensive with weapons and ammunition. You are now able to provide you Corps with the most modern equipment!

Recommended Core:

1 x T-34/85
1 x Stuart V
6 x Guards, Trucks
1 x SU-85
1 x MG-Infantry, Trucks
2 x AEC III
1 x 152mm D-1, Trucks
2 x 105mm 105/28, Trucks
1 x Spitfire V
1 x Hurricane IV

THE STORY

The Mostar Operation was a series of Yugoslav Partisan military operations in Herzegovina from February 6-15, 1945.

Mostar guarded left flank for troops of German South-East Command and Army Group E retreating from Serbia and Montenegro through Sarajevo North along Bosna river to Slavonski Brod.

Most of central Herzegovina was part of the District of Hum in the Independent State of Croatia. Mostar was also home to an air field of the Air Force of the Independent State of Croatia.

Partisans took Siroki Brijeg on February 6 and Mostar without resistance on February 14."
Yugoslav Front (1941-1945),16,BATTLE OF SARAJEVO - 1 Apr 1945,"1 Apr 1945Vicinity of Sarajevo, BosniaCO Commander Kosta NadThe encirclement and destruction of the German-Croat forces in the area of Sarajevo is our next planned step. For this we need the motorized and armored units of your Elite-Corps. Advance in the rear of the enemy quickly at Podlugovi and cut the Germans off! The rest should like a walk in the park.Capture all VH and prevent the escape of more then three enemy units via Exit Point!Recommended Core:1 x T-34/851 x Stuart V6 x Guards, Trucks2 x SU-852 x AEC III3 x 152mm D-1, Trucks1 x Spitfire V1 x Hurricane IVTHE STORYSurrounding actions of Yugoslav army from 28 March to 10 April 1945 for purpose of liberating Sarajevo and its wider area. Under command of Operative HQ for liberation of Sarajevo were 2nd, 3rd and 5th Corps of Yugoslav army, 11th and 13th Krajina and 18th Central Bosnian Brigade, Artillery Brigade and Tank Company. Sarajevo and surrounding areas was defended by strong German and NDH forces under command of German 21st Mountain Corps.German defense plan of 22 February named Sarajevo as fortified city which could only be abandoned on permission from Adolf Hitler. This plan was stolen by Sarajevo operatives lead by Vladimir Peric Valter what caused mass arrests including 25 German and 150 NDH soldiers and suicide of LtColonel Vedel, German chief of staff, who kept it in a locked vault. By 20 March failure of German offensive in Hungary and opening offensive of Yugoslav 4th Army in Lika made holding Sarajevo pointless and retreat was ordered with 3000 wounded German soldiers from Sarajevo hospital going first.Interception of Yugoslav wireless communications revealed to Germans that general attack was planed for 28 March and in order to secure their retreat routes several operations were planed and carried out BERGGEIST, MAIGEWITTER and OSTERGLOCKE.After heavy fighting's Sarajevo was liberated on 6 April. During pursuit of enemy, units of JA liberated Visoko, Kakanj and 10 April Busovaca concluding Sarajevo operation.","Vicinity of Sarajevo, Bosnia",Germany vs Yugoslavia,bn8s16.xml,"BATTLE OF SARAJEVO - 1 Apr 1945

Vicinity of Sarajevo, Bosnia
CO Commander Kosta Nad

The encirclement and destruction of the German-Croat forces in the area of Sarajevo is our next planned step. For this we need the motorized and armored units of your Elite-Corps. Advance in the rear of the enemy quickly at Podlugovi and cut the Germans off! The rest should like a walk in the park.

Capture all VH and prevent the escape of more then three enemy units via Exit Point!

Recommended Core:

1 x T-34/85
1 x Stuart V
6 x Guards, Trucks
2 x SU-85
2 x AEC III
3 x 152mm D-1, Trucks
1 x Spitfire V
1 x Hurricane IV

THE STORY

Surrounding actions of Yugoslav army from 28 March to 10 April 1945 for purpose of liberating Sarajevo and its wider area. Under command of Operative HQ for liberation of Sarajevo were 2nd, 3rd and 5th Corps of Yugoslav army, 11th and 13th Krajina and 18th Central Bosnian Brigade, Artillery Brigade and Tank Company. Sarajevo and surrounding areas was defended by strong German and NDH forces under command of German 21st Mountain Corps.

German defense plan of 22 February named Sarajevo as fortified city which could only be abandoned on permission from Adolf Hitler. This plan was stolen by Sarajevo operatives lead by Vladimir Peric Valter what caused mass arrests including 25 German and 150 NDH soldiers and suicide of LtColonel Vedel, German chief of staff, who kept it in a locked vault. By 20 March failure of German offensive in Hungary and opening offensive of Yugoslav 4th Army in Lika made holding Sarajevo pointless and retreat was ordered with 3000 wounded German soldiers from Sarajevo hospital going first.

Interception of Yugoslav wireless communications revealed to Germans that general attack was planed for 28 March and in order to secure their retreat routes several operations were planed and carried out BERGGEIST, MAIGEWITTER and OSTERGLOCKE.

After heavy fighting's Sarajevo was liberated on 6 April. During pursuit of enemy, units of JA liberated Visoko, Kakanj and 10 April Busovaca concluding Sarajevo operation."
Yugoslav Front (1941-1945),17,ADVANCE ON TRIESTE - 14 Apr 1945,"14 Apr 1945Vicinity of Drnis, CroatiaCO Commander Pavle IlicThe last chapter of the liberation of our homeland is opened. Advance with your Corps to Trieste, liberate the city and link up with the from Italy coming Allied troops!Capture all VH!Recommended Core:1 x T-34/851 x Stuart V6 x Guards, Trucks2 x SU-852 x AEC III3 x 152mm D-1, Trucks1 x Spitfire V1 x Hurricane IVTHE STORYFought from 16 April to 7 May 1945 between the units of the 4th Yugoslav Army and the German 97th Army Corps in wider area of mountains Sneznik-Rijeka-Ilirska Bistrica. As part of the Yugoslav Army (JA) closing operations, from 14 April 4th Army advance from the line Crikvenica-Lic-Fuzine-Delnice in direction of Rijeka (Fiume) and Trst (Trieste) and in heavy fighting's which lasted 22 days liberated Crikvenica, Kraljevica, Bakar, Opatija, Labin, Buzet, Rijeka (Fiume), Pula (Pola), Pazin, Umag, Ilirska Bistrica, islands of Cres, Losinj and Krk. Finally was liberated Croatian coast and Istra. The German 97th Corps was surrounded in area of Ilirska Bistrica where it capitulated on 7 May. 16,000 solider and officers including three generals have been taken prisoners together with entire corps equipment.The area of Ilirska Bistrica-Klana-Rijeka was defended by 6 German, 4 Italian and 2 NDH battalions, regiment of SVC and parts of Chetnik Dinara Division, in the area of Postojna-Milje(Muggia)-Trieste-Monfalcone-St.Peter (Pivka) was German 188th Mountain Division with some German and Italian garrisons, two regiments of SVC and around 150 coastal and anti-aircraft guns.","Vicinity of Drnis, Croatia",Germany vs Italy vs Yugoslavia,bn8s17.xml,"ADVANCE ON TRIESTE - 14 Apr 1945

Vicinity of Drnis, Croatia
CO Commander Pavle Ilic

The last chapter of the liberation of our homeland is opened. Advance with your Corps to Trieste, liberate the city and link up with the from Italy coming Allied troops!

Capture all VH!

Recommended Core:

1 x T-34/85
1 x Stuart V
6 x Guards, Trucks
2 x SU-85
2 x AEC III
3 x 152mm D-1, Trucks
1 x Spitfire V
1 x Hurricane IV

THE STORY

Fought from 16 April to 7 May 1945 between the units of the 4th Yugoslav Army and the German 97th Army Corps in wider area of mountains Sneznik-Rijeka-Ilirska Bistrica. As part of the Yugoslav Army (JA) closing operations, from 14 April 4th Army advance from the line Crikvenica-Lic-Fuzine-Delnice in direction of Rijeka (Fiume) and Trst (Trieste) and in heavy fighting's which lasted 22 days liberated Crikvenica, Kraljevica, Bakar, Opatija, Labin, Buzet, Rijeka (Fiume), Pula (Pola), Pazin, Umag, Ilirska Bistrica, islands of Cres, Losinj and Krk. Finally was liberated Croatian coast and Istra. The German 97th Corps was surrounded in area of Ilirska Bistrica where it capitulated on 7 May. 16,000 solider and officers including three generals have been taken prisoners together with entire corps equipment.

The area of Ilirska Bistrica-Klana-Rijeka was defended by 6 German, 4 Italian and 2 NDH battalions, regiment of SVC and parts of Chetnik Dinara Division, in the area of Postojna-Milje(Muggia)-Trieste-Monfalcone-St.Peter (Pivka) was German 188th Mountain Division with some German and Italian garrisons, two regiments of SVC and around 150 coastal and anti-aircraft guns."
Yugoslav Front (1941-1945),18,BATTLE OF POLJANA - 14 May 1945,"14 May 1945Poljana Region, SloveniaCO General Kosta NadMarauding Axis troops, not willing to surrender to us and want to go to British occupied Austria, move toward your positions. Prevent that these units reach the Austrian border. Show no mercy, if they do not want to give up!Find and destroy 58 of 62 enemy units. So make sure that no more than 4 enemy units reach one of the Exit Points!Recommended Core:1 x T-34/851 x Stuart V6 x Guards, Trucks2 x SU-852 x AEC III3 x 152mm D-1, Trucks1 x Spitfire V1 x Hurricane IVTHE STORYJust before 9 am on May 14, a significant force of mostly NDH units with some Montenegrin People's Army and Slovenian Home Guard troops approached Partisan positions at the Surnik farm near Poljana demanding free passage west. This was refused, and firing commenced on both sides. NDH attacks, including artillery fire support, intensified in the afternoon, evening and overnight, finally ceasing on the morning of 15 May with the arrival of around 20 British tanks. Tense negotiations followed, during which British officers made it abundantly clear that they would not offer protection to the collaborators and that unconditional surrender to the Partisans was the only option. White flags of surrender were finally raised around 4 pm on 15 May.The surrender of this last area of Axis resistance 8 days after the official end of World War II in Europe, the surrender of the Germans on Monday 7 May 1945, was the last major battle of World War II in Europe.","Poljana Region, Slovenia",Britain vs Germany vs Partisans vs Russia,bn8s18.xml,"BATTLE OF POLJANA - 14 May 1945

Poljana Region, Slovenia
CO General Kosta Nad

Marauding Axis troops, not willing to surrender to us and want to go to British occupied Austria, move toward your positions. Prevent that these units reach the Austrian border. Show no mercy, if they do not want to give up!

Find and destroy 58 of 62 enemy units. So make sure that no more than 4 enemy units reach one of the Exit Points!

Recommended Core:

1 x T-34/85
1 x Stuart V
6 x Guards, Trucks
2 x SU-85
2 x AEC III
3 x 152mm D-1, Trucks
1 x Spitfire V
1 x Hurricane IV

THE STORY

Just before 9 am on May 14, a significant force of mostly NDH units with some Montenegrin People's Army and Slovenian Home Guard troops approached Partisan positions at the Surnik farm near Poljana demanding free passage west. This was refused, and firing commenced on both sides. NDH attacks, including artillery fire support, intensified in the afternoon, evening and overnight, finally ceasing on the morning of 15 May with the arrival of around 20 British tanks. Tense negotiations followed, during which British officers made it abundantly clear that they would not offer protection to the collaborators and that unconditional surrender to the Partisans was the only option. White flags of surrender were finally raised around 4 pm on 15 May.

The surrender of this last area of Axis resistance 8 days after the official end of World War II in Europe, the surrender of the Germans on Monday 7 May 1945, was the last major battle of World War II in Europe."
Red Army Campaign (1936-1945),0,BATTLE OF SESENA - 29 OCT 1936,"29 OCT 1936South of Madrid, SpainComrade, here is your order - Move west with your armored forces and occupy the towns of Esquivias and Illescas! Support this move with your air force. Your infantry occupied Sesena and defend the town against enemy attacks. Good luck!ORDERSAfter 8 turns control 3/2/1 VH for a BV/V/TV.","South of Madrid, Spain",,bn9s00.xml,"BATTLE OF SESENA - 29 OCT 1936

South of Madrid, Spain

Comrade, here is your order - Move west with your armored forces and occupy the towns of Esquivias and Illescas! Support this move with your air force. Your infantry occupied Sesena and defend the town against enemy attacks. Good luck!

ORDERS
After 8 turns control 3/2/1 VH for a BV/V/TV."
Red Army Campaign (1936-1945),1,BATTLE OF LAKE KHASAN - 2 AUG 1938,"2 AUG 1938Lake Khasan, Far East of Soviet UnionThe sneaky Japanese attacked and beaten our border troops on the Bezymyannaya and Zaozyornaya hills. Attack the Japanese with superior power and recapture the territories we deserve!ORDERSAfter 9 turns control 7/6/5 VH for a BV/V/TV.CORE (recommended)2x Tank (+1)2x Infantry (+2)1x Reconnaissance1x Artillery (+1)","Lake Khasan, Far East of Soviet Union",Japan vs Soviet Union,bn9s01.xml,"BATTLE OF LAKE KHASAN - 2 AUG 1938

Lake Khasan, Far East of Soviet Union

The sneaky Japanese attacked and beaten our border troops on the Bezymyannaya and Zaozyornaya hills. Attack the Japanese with superior power and recapture the territories we deserve!

ORDERS
After 9 turns control 7/6/5 VH for a BV/V/TV.

CORE (recommended)
2x Tank (+1)
2x Infantry (+2)
1x Reconnaissance
1x Artillery (+1)"
Red Army Campaign (1936-1945),2,KHALKHIN GOL - 3 JUL 1939,"3 JUL 1939Khalkhin Gol River, Mongolian People's RepublicThe Japanese crossed the Khalkhin Gol river in the north, occupied the Baintsagan hills and tried to surround our troops with a two-pronged assault. Carry out a vigorous counterattack, thwart the enemy intentions and occupy the Japanese positions west and east of the river!ORDERSCapture all VH!CORE (recommended)2x Tank3x Infantry (+1)1x Reconnaissance1x Artillery1x Fighter Aircraft (+1)","Khalkhin Gol River, Mongolian People's Republic",Japan,bn9s02.xml,"KHALKHIN GOL - 3 JUL 1939

Khalkhin Gol River, Mongolian People's Republic

The Japanese crossed the Khalkhin Gol river in the north, occupied the Baintsagan hills and tried to surround our troops with a two-pronged assault. Carry out a vigorous counterattack, thwart the enemy intentions and occupy the Japanese positions west and east of the river!

ORDERS
Capture all VH!

CORE (recommended)
2x Tank
3x Infantry (+1)
1x Reconnaissance
1x Artillery
1x Fighter Aircraft (+1)"
Red Army Campaign (1936-1945),3,BATTLE OF GRODNO - 20 SEP 1939,"20 SEP 1939Southeast of Grodno, East PolandMove your units across the city of Grodno to the Lithuanian border. Occupy the city and vicinity and break any resistance!ORDERSa. Capture all VH!b. Prevent that more than 2 enemy ground units cross the Polish-Lithuanian border (Exit Points).CORE (recommended)2x Tank4x Infantry (+1)2x Reconnaissance (+1)2x Artillery (+1)1x Fighter Aircraft1x Tactical Bomber (+1)","Southeast of Grodno, East Poland",Poland,bn9s03.xml,"BATTLE OF GRODNO - 20 SEP 1939

Southeast of Grodno, East Poland

Move your units across the city of Grodno to the Lithuanian border. Occupy the city and vicinity and break any resistance!

ORDERS
a. Capture all VH!
b. Prevent that more than 2 enemy ground units cross the Polish-Lithuanian border (Exit Points).

CORE (recommended)
2x Tank
4x Infantry (+1)
2x Reconnaissance (+1)
2x Artillery (+1)
1x Fighter Aircraft
1x Tactical Bomber (+1)"
Red Army Campaign (1936-1945),4,RAATE ROAD - 2 JAN 1940,"2 JAN 1940Raate-Suomussalmi Road, Eastern FinlandOur comrades from the 163rd division in Suomussalmi are cut off and need help. Break through the enemy encirclement and restore the supply route!ORDERSa. Reach the Exit Point (Road to Suomussalmi) with at least 5 of your ground units.b. Prevent that the enemy destroy more than 4 of your units.NOTESa. The Finns will try to surprise you. Be aware!b. Attention - winter conditions! If possible, equip your troops with tracked movement. Check if you can switch between wheeled and tracked movement for free.CORE (recommended)2x Tank4x Infantry2x Reconnaissance2x Artillery2x Fighter Aircraft (+1)1x Tactical Bomber","Raate-Suomussalmi Road, Eastern Finland",,bn9s04.xml,"RAATE ROAD - 2 JAN 1940

Raate-Suomussalmi Road, Eastern Finland

Our comrades from the 163rd division in Suomussalmi are cut off and need help. Break through the enemy encirclement and restore the supply route!

ORDERS
a. Reach the Exit Point (Road to Suomussalmi) with at least 5 of your ground units.
b. Prevent that the enemy destroy more than 4 of your units.

NOTES
a. The Finns will try to surprise you. Be aware!
b. Attention - winter conditions! If possible, equip your troops with tracked movement. Check if you can switch between wheeled and tracked movement for free.

CORE (recommended)
2x Tank
4x Infantry
2x Reconnaissance
2x Artillery
2x Fighter Aircraft (+1)
1x Tactical Bomber"
Red Army Campaign (1936-1945),5,VYBORG BAY - 5 MAR 1940,"5 MAR 1940Karelian Isthmus, FinlandThe Finns asked for a ceasefire because their front is collapsing. But before peace comes, we have to capture the west bank of Vyborg Bay and the city itself! ORDERSAfter 10 turns control 10/8/6 VH for a BV/V/TV.CORE (recommended)2x Tank4x Infantry1x Anti-Tank (+1)2x Reconnaissance3x Artillery (+1)2x Fighter Aircraft1x Tactical Bomber","Karelian Isthmus, Finland",,bn9s05.xml,"VYBORG BAY - 5 MAR 1940

Karelian Isthmus, Finland

The Finns asked for a ceasefire because their front is collapsing. But before peace comes, we have to capture the west bank of Vyborg Bay and the city itself! 

ORDERS
After 10 turns control 10/8/6 VH for a BV/V/TV.

CORE (recommended)
2x Tank
4x Infantry
1x Anti-Tank (+1)
2x Reconnaissance
3x Artillery (+1)
2x Fighter Aircraft
1x Tactical Bomber"
Red Army Campaign (1936-1945),6,BATTLE OF BIALYSTOK-MINSK - 27 JUN 1941,"27 JUN 1941West of Minsk, BelarusThe treacherous Germans have launched a general attack on our homeland. The western front has collapsed and most of our troops are threatened to be encircled west of Minsk. Escape before the pocket closes! Make your way through the mess to the east!ORDERSReach the Exit Points in time with at least 10 of your ground units before the enemy capture all VH!NOTESa. You can't deploy your air force.b. All friendly auxiliary troops are controlled by the AI - you only command your core units.c. Save your core units! Reach the Exit Points as soon as possible - don't get into a fight you can't win. There should also be useful attachments to make your units faster!d. Attention - summer conditions! Don't forget to switch back to wheeled movement.CORE (recommended)2x Tank4x Infantry1x Anti-Tank2x Reconnaissance3x Artillery2x Fighter Aircraft1x Tactical Bomber","West of Minsk, Belarus",Germany,bn9s06.xml,"BATTLE OF BIALYSTOK-MINSK - 27 JUN 1941

West of Minsk, Belarus

The treacherous Germans have launched a general attack on our homeland. The western front has collapsed and most of our troops are threatened to be encircled west of Minsk. Escape before the pocket closes! Make your way through the mess to the east!

ORDERS
Reach the Exit Points in time with at least 10 of your ground units before the enemy capture all VH!

NOTES
a. You can't deploy your air force.
b. All friendly auxiliary troops are controlled by the AI - you only command your core units.
c. Save your core units! Reach the Exit Points as soon as possible - don't get into a fight you can't win. There should also be useful attachments to make your units faster!
d. Attention - summer conditions! Don't forget to switch back to wheeled movement.

CORE (recommended)
2x Tank
4x Infantry
1x Anti-Tank
2x Reconnaissance
3x Artillery
2x Fighter Aircraft
1x Tactical Bomber"
Red Army Campaign (1936-1945),7,YELNYA OFFENSIVE - 2 SEP 1941,"2 SEP 1941Yelnya, Southeast of SmolenskYou'll lead the attack against the semi-circular Yelnya salient which the Germans had extended 50 kilometres south-east of Smolensk, forming a staging area for an offensive towards Vyazma and eventually Moscow. Eliminate the threat and win the much-needed victory for us, Comrade!ORDERSa. Capture all VH!b. Prevent that more than 9 enemy ground units reach the Exit Points.CORE (recommended)3x Tank (+1)4x Infantry1x Anti-Tank2x Reconnaissance1x Flak (+1)3x Artillery2x Fighter Aircraft2x Tactical Bomber (+1)","Yelnya, Southeast of Smolensk",Germany,bn9s07.xml,"YELNYA OFFENSIVE - 2 SEP 1941

Yelnya, Southeast of Smolensk

You'll lead the attack against the semi-circular Yelnya salient which the Germans had extended 50 kilometres south-east of Smolensk, forming a staging area for an offensive towards Vyazma and eventually Moscow. Eliminate the threat and win the much-needed victory for us, Comrade!

ORDERS
a. Capture all VH!
b. Prevent that more than 9 enemy ground units reach the Exit Points.

CORE (recommended)
3x Tank (+1)
4x Infantry
1x Anti-Tank
2x Reconnaissance
1x Flak (+1)
3x Artillery
2x Fighter Aircraft
2x Tactical Bomber (+1)"
Red Army Campaign (1936-1945),8,BATTLE OF MOSCOW - 9 DEC 1941,"9 DEC 1941Dmitrow, North of MoscowThe German offensives against our capital were halted and our strategic counter-offensive started. Your goal is to cross the Moscow-Leningrad railway line and to liberate the city of Klin.ORDERSCapture all VH!NOTESAttention - winter conditions! If possible, equip your troops with tracked movement. Check if you can switch between wheeled and tracked movement for free.CORE (recommended)3x Tank4x Infantry1x Anti-Tank2x Reconnaissance1x Flak4x Artillery (+1)2x Fighter Aircraft2x Tactical Bomber","Dmitrow, North of Moscow",Germany,bn9s08.xml,"BATTLE OF MOSCOW - 9 DEC 1941

Dmitrow, North of Moscow

The German offensives against our capital were halted and our strategic counter-offensive started. Your goal is to cross the Moscow-Leningrad railway line and to liberate the city of Klin.

ORDERS
Capture all VH!

NOTES
Attention - winter conditions! If possible, equip your troops with tracked movement. Check if you can switch between wheeled and tracked movement for free.

CORE (recommended)
3x Tank
4x Infantry
1x Anti-Tank
2x Reconnaissance
1x Flak
4x Artillery (+1)
2x Fighter Aircraft
2x Tactical Bomber"
Red Army Campaign (1936-1945),9,SECOND BATTLE OF KHARKOV - 12 MAY 1942,"12 MAY 1942Volchansk, Northeast of KharkovWe'll start an offensive to liberate Kharkov. With a dual pincer movement from the Volchansk and Barvenkovo salients, we'll surround and free the city. The main attack takes place in the south, your job is to lead the northern attack.ORDERSKill 64 enemy units and prevent that the enemy destroy more than 15 of your units.NOTESAttention summer conditions! Don't forget to switch back to wheeled movement, if wanted.CORE (recommended) 4x Tank (+1)5x Infantry (+1)2x Anti-Tank (+1)2x Reconnaissance1x Flak4x Artillery2x Fighter Aircraft2x Tactical Bomber","Volchansk, Northeast of Kharkov",,bn9s09.xml,"SECOND BATTLE OF KHARKOV - 12 MAY 1942

Volchansk, Northeast of Kharkov

We'll start an offensive to liberate Kharkov. With a dual pincer movement from the Volchansk and Barvenkovo salients, we'll surround and free the city. The main attack takes place in the south, your job is to lead the northern attack.

ORDERS
Kill 64 enemy units and prevent that the enemy destroy more than 15 of your units.

NOTES
Attention summer conditions! Don't forget to switch back to wheeled movement, if wanted.

CORE (recommended) 
4x Tank (+1)
5x Infantry (+1)
2x Anti-Tank (+1)
2x Reconnaissance
1x Flak
4x Artillery
2x Fighter Aircraft
2x Tactical Bomber"
Red Army Campaign (1936-1945),10,BATTLE OF VORONEZH - 28 JUN 1942,"28 JUN 1942Volovo, Northwest of VoronezhThe Germans launch an offensive towards Voronezh. Strong forces are trying to break through our defensive positions. Delay the advance of the fascists until we bring up reserves to defense the city!ORDERSAfter 10 turns control 8/7/5 VH for a BV/V/TV.CORE (recommended)4x Tank5x Infantry2x Anti-Tank2x Reconnaissance2x Flak (+1)4x Artillery3x Fighter Aircraft (+1)2x Tactical Bomber","Volovo, Northwest of Voronezh",Germany,bn9s10.xml,"BATTLE OF VORONEZH - 28 JUN 1942

Volovo, Northwest of Voronezh

The Germans launch an offensive towards Voronezh. Strong forces are trying to break through our defensive positions. Delay the advance of the fascists until we bring up reserves to defense the city!

ORDERS
After 10 turns control 8/7/5 VH for a BV/V/TV.

CORE (recommended)
4x Tank
5x Infantry
2x Anti-Tank
2x Reconnaissance
2x Flak (+1)
4x Artillery
3x Fighter Aircraft (+1)
2x Tactical Bomber"
Red Army Campaign (1936-1945),11,TATSINSKAYA RAID - 22 DEC 1942,"22 DEC 1942Bol'shinka, 200km west of StalingradYou'll lead a raid deep into the German rear - the target is the enemy airfield at Tatsinskaya, the primary operating base for the German airlift efforts to Stalingrad. Inflict significant losses on enemy Air Force by destroying as many planes as possible and force the Germans to divert forces attempting to relieve their forces encircled in Stalingrad!ORDERSReach the Exit Point with at least 8 of your ground units.NOTESa. You don't have to control all VH! You just have to ensure that you keep at least one VH occupied so that the enemy can't win.b. Attention - winter conditions! If possible, equip your troops with tracked movement. Check if you can switch between wheeled and tracked movement for free.CORE (recommended)4x Tank5x Infantry2x Anti-Tank3x Reconnaissance (+1)2x Flak4x Artillery3x Fighter Aircraft2x Tactical Bomber","Bol'shinka, 200km west of Stalingrad",Germany,bn9s11.xml,"TATSINSKAYA RAID - 22 DEC 1942

Bol'shinka, 200km west of Stalingrad

You'll lead a raid deep into the German rear - the target is the enemy airfield at Tatsinskaya, the primary operating base for the German airlift efforts to Stalingrad. Inflict significant losses on enemy Air Force by destroying as many planes as possible and force the Germans to divert forces attempting to relieve their forces encircled in Stalingrad!

ORDERS
Reach the Exit Point with at least 8 of your ground units.

NOTES
a. You don't have to control all VH! You just have to ensure that you keep at least one VH occupied so that the enemy can't win.
b. Attention - winter conditions! If possible, equip your troops with tracked movement. Check if you can switch between wheeled and tracked movement for free.

CORE (recommended)
4x Tank
5x Infantry
2x Anti-Tank
3x Reconnaissance (+1)
2x Flak
4x Artillery
3x Fighter Aircraft
2x Tactical Bomber"
Red Army Campaign (1936-1945),12,THIRD BATTLE OF KHARKOV - 7 MAR 1943,"7 MAR 1943South of Kharkov, UkraineWe expect a German attack on Kharkov again. Stop the attack and inflict maximum losses on the enemy!ORDERSAfter 10 turns control 6/4/3 VH for a BV/V/TV.CORE (recommended)4x Tank5x Infantry2x Anti-Tank3x Reconnaissance2x Flak4x Artillery3x Fighter Aircraft3x Tactical Bomber (+1)","South of Kharkov, Ukraine",Germany,bn9s12.xml,"THIRD BATTLE OF KHARKOV - 7 MAR 1943

South of Kharkov, Ukraine

We expect a German attack on Kharkov again. Stop the attack and inflict maximum losses on the enemy!

ORDERS
After 10 turns control 6/4/3 VH for a BV/V/TV.

CORE (recommended)
4x Tank
5x Infantry
2x Anti-Tank
3x Reconnaissance
2x Flak
4x Artillery
3x Fighter Aircraft
3x Tactical Bomber (+1)"
Red Army Campaign (1936-1945),13,BATTLE OF KURSK - 11 JUL 1943,"11 JUL 1943South of Kursk, RussiaDespite our prepared defensive positions the Germans continue their advance on Kursk. You will counterattack at Prokhorovka and throw back the Germans before they break through the last lines of defense towards Kursk.ORDERSCapture all VH!NOTESAttention summer conditions! Don't forget to switch back to wheeled movement, if wanted.CORE (recommended)4x Tank5x Infantry3x Anti-Tank (+1)3x Reconnaissance2x Flak4x Artillery4x Fighter Aircraft (+1)4x Tactical Bomber (+1)","South of Kursk, Russia",Germany,bn9s13.xml,"BATTLE OF KURSK - 11 JUL 1943

South of Kursk, Russia

Despite our prepared defensive positions the Germans continue their advance on Kursk. You will counterattack at Prokhorovka and throw back the Germans before they break through the last lines of defense towards Kursk.

ORDERS
Capture all VH!

NOTES
Attention summer conditions! Don't forget to switch back to wheeled movement, if wanted.

CORE (recommended)
4x Tank
5x Infantry
3x Anti-Tank (+1)
3x Reconnaissance
2x Flak
4x Artillery
4x Fighter Aircraft (+1)
4x Tactical Bomber (+1)"
Red Army Campaign (1936-1945),14,ZHITOMIR-BERDICHEV OFFENSIVE - 27 DEC 1943,"27 DEC 1943East of Zhitomir, UkraineYou task is to defeat the opposing German 4th Panzer Army of Army Group South and the liberation of the Zhytomyr Oblast region, including the cities of Zhitomir and Berdichev.ORDERSCapture all VH!NOTESAttention - winter conditions! If possible, equip your troops with tracked movement. Check if you can switch between wheeled and tracked movement for free.CORE (recommended - Core build phase completed)5x Tank (+1)6x Infantry (+1)3x Anti-Tank3x Reconnaissance2x Flak5x Artillery (+1)4x Fighter Aircraft 4x Tactical Bomber","East of Zhitomir, Ukraine",Germany,bn9s14.xml,"ZHITOMIR-BERDICHEV OFFENSIVE - 27 DEC 1943

East of Zhitomir, Ukraine

You task is to defeat the opposing German 4th Panzer Army of Army Group South and the liberation of the Zhytomyr Oblast region, including the cities of Zhitomir and Berdichev.

ORDERS
Capture all VH!

NOTES
Attention - winter conditions! If possible, equip your troops with tracked movement. Check if you can switch between wheeled and tracked movement for free.

CORE (recommended - Core build phase completed)
5x Tank (+1)
6x Infantry (+1)
3x Anti-Tank
3x Reconnaissance
2x Flak
5x Artillery (+1)
4x Fighter Aircraft 
4x Tactical Bomber"
Red Army Campaign (1936-1945),15,CRIMEAN OFFENSIVE - 7 MAY 1944,"7 MAY 1944East of Sevastopol, Crimea peninsulaYou're honored to liberate our beloved Sevastopol. The Germans and Romanians have already started evacuation by sea. Don't let a single man escape across the sea!ORDERSa. Capture all VH!b. Prevent that more than 4 enemy ground (naval) units reach the Exit Points.NOTESAttention summer conditions! Don't forget to switch back to wheeled movement, if wanted.","East of Sevastopol, Crimea peninsula",Germany vs Romania,bn9s15.xml,"CRIMEAN OFFENSIVE - 7 MAY 1944

East of Sevastopol, Crimea peninsula

You're honored to liberate our beloved Sevastopol. The Germans and Romanians have already started evacuation by sea. Don't let a single man escape across the sea!

ORDERS
a. Capture all VH!
b. Prevent that more than 4 enemy ground (naval) units reach the Exit Points.

NOTES
Attention summer conditions! Don't forget to switch back to wheeled movement, if wanted."
Red Army Campaign (1936-1945),16,JASSY-KISHINEV OFFENSIVE - 20 AUG 1944,"20 AUG 1944North of Jassy, Eastern RomaniaIn our major offensive on Romania you and your troops will be deployed on the right wing of the attack front. The goal is to encircle and destroy the enemy's 6th Army.ORDERSCapture all VH!","North of Jassy, Eastern Romania",,bn9s16.xml,"JASSY-KISHINEV OFFENSIVE - 20 AUG 1944

North of Jassy, Eastern Romania

In our major offensive on Romania you and your troops will be deployed on the right wing of the attack front. The goal is to encircle and destroy the enemy's 6th Army.

ORDERS
Capture all VH!"
Red Army Campaign (1936-1945),17,BELGRADE OFFENSIVE - 12 OCT 1944,"12 OCT 1944West of Belgrade, SerbiaThe time has come to liberate the Serbian capital from the fascist bondage! With the support of the  Yugoslav Partisans and the Bulgarian Army, it should not be difficult to drive out the Germans and their collaborators.ORDERSCapture all VH!","West of Belgrade, Serbia",Germany vs Partisans vs Yugoslavia,bn9s17.xml,"BELGRADE OFFENSIVE - 12 OCT 1944

West of Belgrade, Serbia

The time has come to liberate the Serbian capital from the fascist bondage! With the support of the  Yugoslav Partisans and the Bulgarian Army, it should not be difficult to drive out the Germans and their collaborators.

ORDERS
Capture all VH!"
Red Army Campaign (1936-1945),18,LAKE BALATON COUNTERATTACK - 16 MAR 1945,"16 MAR 1945East of Lake Balaton, HungaryThe German offensive flagged - the enemy isn't be able to break through to the Danube. Time for us to attack. Advance to Lake Balaton and crush the enemy formations!ORDERSCapture all VH!NOTESAttention - winter conditions! If possible, equip your troops with tracked movement. Check if you can switch between wheeled and tracked movement for free.","East of Lake Balaton, Hungary",Germany,bn9s18.xml,"LAKE BALATON COUNTERATTACK - 16 MAR 1945

East of Lake Balaton, Hungary

The German offensive flagged - the enemy isn't be able to break through to the Danube. Time for us to attack. Advance to Lake Balaton and crush the enemy formations!

ORDERS
Capture all VH!

NOTES
Attention - winter conditions! If possible, equip your troops with tracked movement. Check if you can switch between wheeled and tracked movement for free."
Red Army Campaign (1936-1945),19,ROAD TO VIENNA - 3 APR 1945,"3 APR 1945East of Vienna, AustriaThe Germans are on the run - withdrawing towards Vienna. Chase the enemy and destroy as many units as possible so that the enemy cannot establish an effective line of defense in front of Vienna!ORDERSa. Capture all VH!b. Prevent that more than 44 enemy ground units reach the Exit Points.NOTESAttention summer conditions! Don't forget to switch back to wheeled movement, if wanted.","East of Vienna, Austria",Germany,bn9s19.xml,"ROAD TO VIENNA - 3 APR 1945

East of Vienna, Austria

The Germans are on the run - withdrawing towards Vienna. Chase the enemy and destroy as many units as possible so that the enemy cannot establish an effective line of defense in front of Vienna!

ORDERS
a. Capture all VH!
b. Prevent that more than 44 enemy ground units reach the Exit Points.

NOTES
Attention summer conditions! Don't forget to switch back to wheeled movement, if wanted."
Red Army Campaign (1936-1945),20,MANCHURIAN OFFENSIVE - 9 AUG 1945,"9 AUG 1945Khabarovsk, Far Eastern RussiaAt the Tehran and Yalta Conference, the Soviet Union has promised to enter the Pacific Theater within three months after the end of the war in Europe. So we are going to smash the Japanese puppet state of Manchukuo with a powerful operation. Your task is to overcome the border rivers near Khabarovsk and quickly advance westward into the interior!ORDERSCapture all VH!","Khabarovsk, Far Eastern Russia",Japan vs Soviet Union,bn9s20.xml,"MANCHURIAN OFFENSIVE - 9 AUG 1945

Khabarovsk, Far Eastern Russia

At the Tehran and Yalta Conference, the Soviet Union has promised to enter the Pacific Theater within three months after the end of the war in Europe. So we are going to smash the Japanese puppet state of Manchukuo with a powerful operation. Your task is to overcome the border rivers near Khabarovsk and quickly advance westward into the interior!

ORDERS
Capture all VH!"
Bolshevik Cavalry (1918-1920),0,VORONEZH (22 OCTOBER 1919),,"Comrade Commander! Come quickly, we must act swiftly.  Let me introduce you. I am the political commissar attached to your command.  The capitalist swine's are close to crushing our glorious revolution!  The Great War is over but the war for communism is still in its early phase.  We have overthrown the Tsar but that has not stopped the capitalists, monarchists and other enemies of the people to unite, raise forces and march on our people's republic!  Petrograd lies under attack and Siberia is under enemy control.   Now from the Ukraine a certain traitor named Denikin is directing his army towards our capital of Moscow!",Cavalry vs Russia,ccampore.xml,"VORONEZH (22 OCTOBER 1919)

Comrade Commander! Come quickly, we must act swiftly.  Let me introduce you. I am the political commissar attached to your command.  The capitalist swine's are close to crushing our glorious revolution!  The Great War is over but the war for communism is still in its early phase.  We have overthrown the Tsar but that has not stopped the capitalists, monarchists and other enemies of the people to unite, raise forces and march on our people's republic!  Petrograd lies under attack and Siberia is under enemy control.   Now from the Ukraine a certain traitor named Denikin is directing his army towards our capital of Moscow!

But we are not defeated yet!  While the White armies of Denikin march north, their front becomes wider and wider.  Our Eight Army has just now lost the city of Voronezh at the Don River.  However the army is still intact and resumes fighting.  Reinforcements from Moscow are on their way as we speak!  Your newly formed command of the First Cavalry Army has been ordered to move out and attack Voronezh from the west.  Indeed comrade, you will be cutting through their flank like a knife through butter! 

Do not stop for nothing.  Go for your objectives.  Make terror your weapon!  Liberate the peasants of Voronezh!"
Bolshevik Cavalry (1918-1920),1,ROSTOV (6 January 1920),,"I bring good news from Moscow, comrade!  The leaders are very happy with your progress.  The fear of a successful army full of horse warriors is excellent propaganda material.  Yet it is not only propaganda!  Your army has not been defeated and is close to dealing another crucial blow to the capitalist's cause in southern Russia!",,ccampros.xml,"ROSTOV (6 January 1920)

I bring good news from Moscow, comrade!  The leaders are very happy with your progress.  The fear of a successful army full of horse warriors is excellent propaganda material.  Yet it is not only propaganda!  Your army has not been defeated and is close to dealing another crucial blow to the capitalist's cause in southern Russia!

The momentum still lies with our cause!  The capitalist armies are ever retreating further  south.  Your Army has the opportunity to capture the important communication center of Rostov.  If we control Rostov the Caucasus will also fall into our hands!

Again, comrade, do not watch your back. Only go for Rostov and do not let your troops be stopped by road blocks or anything else important. It is vital that we capture Rostov before the capitalist swines have the time to reinforce the city!"
Bolshevik Cavalry (1918-1920),2,BATTLE OF VOLODARKA (29 May 1920),,"Comrade, finally all of your command has arrived at the new front in the west.  The front against the Poles!  The newly emerged Polish state has invaded our sacred territory both in the Belarus as here in the Ukraine.  Kiev has fallen into Polish hands already but again the enemy is widespread and this offers chances to turn the tide!",Poland,ccampvol.xml,"BATTLE OF VOLODARKA (29 May 1920)

Comrade, finally all of your command has arrived at the new front in the west.  The front against the Poles!  The newly emerged Polish state has invaded our sacred territory both in the Belarus as here in the Ukraine.  Kiev has fallen into Polish hands already but again the enemy is widespread and this offers chances to turn the tide!

Your force will assemble south of Kiev and attack the Polish positions well south of Kiev.  Your goal will be to force a way through the Polish line and open up a gap so we can pour in infantry and cut off the enemy at Kiev.  Your operation will be supported by the 3rd Don Cossack Brigade which is few days march behind you."
Bolshevik Cavalry (1918-1920),3,KIEV COUNTEROFFENSIVE (9 June 1920),,"The Revolution is on its way to the West!  Comrade, a major offensive by our armies north and south of Kiev has pushed back the Polish bandits.  Even blind people can see that Kiev is about to fall.  Or better said, given back to the people of Kiev!",Cavalry vs Poland,ccampkie.xml,"KIEV COUNTEROFFENSIVE (9 June 1920)

The Revolution is on its way to the West!  Comrade, a major offensive by our armies north and south of Kiev has pushed back the Polish bandits.  Even blind people can see that Kiev is about to fall.  Or better said, given back to the people of Kiev!

Your Cavalry Army has taken part of the push south of Kiev and is now in excellent position to cut off the capitalist's troops still in Kiev.  The Twelfth Army is approaching Kiev from the east.  The Polish criminals have no respect for the property of the Kiev people and are likely to demolish the bridges and perhaps even more!  You are ordered to liberate Kiev, and join up with Twelfth Army and advance as far as you can to the west!"
Bolshevik Cavalry (1918-1920),4,DELAY AT ROVNO (1 July 1920),,"No, comrade, you do have to worry about your food supply.  Take anything from the country as you go.  The people will help you and if they do not it is because they are still terrified of repressions by the capitalist pigs.  Now let us go back to our plan of operations, comrade.",Germany vs Poland,ccamprov.xml,"DELAY AT ROVNO (1 July 1920)

No, comrade, you do have to worry about your food supply.  Take anything from the country as you go.  The people will help you and if they do not it is because they are still terrified of repressions by the capitalist pigs.  Now let us go back to our plan of operations, comrade. 

After our success at Kiev, the entire front in the Ukraine is moving west.  And still is! The Polish armies are far from defeated but they lack the power to stop our people's army for once and for all.  While our strategic goal will be Lwow, or Lemberg as the old imperialists from Germany would name it.  However the Poles seem to everything to stop them from liberating the people they are oppressing!

You are near Rovno.  As always you know what to do.  Capture all vital communication centers and push as far west as possible.  Most of all let nothing stop you!  Like a tornado you must use your mobility.  After all it is the symbol for cavalry!"
Bolshevik Cavalry (1918-1920),5,BATTLE OF BRODY (29 July 1920),,The war is going excellently!  The Revolution will soon liberate the rest of Europe and join with other communists all over the continent!  But first we must concentrate on capturing Warsaw in the north and Lwow here in the south!,Poland,ccampbro.xml,"BATTLE OF BRODY (29 July 1920)

The war is going excellently!  The Revolution will soon liberate the rest of Europe and join with other communists all over the continent!  But first we must concentrate on capturing Warsaw in the north and Lwow here in the south!

Yesterday your forces captured the town of Brody.  Your pursuit of the Polish Army has left them shattered and desperately awaiting reserves.  Let them tremble under the hooves of your horses!"
Bolshevik Cavalry (1918-1920),6,BATTLE OF ZADWORZE (17 August 1920),,"Comrade, let me quote something for the French socialist newspaper ""L'Humanite"" from early August.  ""Not a man, not a soul, not a shell for reactionary and capitalist Poland. Long live the Russian Revolution!  Long live the Workmen's International!""  As you can see our struggle against the capitalists is not going unnoticed.  The eyes of the socialists all over the world are upon us!",France,ccampzad.xml,"BATTLE OF ZADWORZE (17 August 1920)

Comrade, let me quote something for the French socialist newspaper ""L'Humanite"" from early August.  ""Not a man, not a soul, not a shell for reactionary and capitalist Poland. Long live the Russian Revolution!  Long live the Workmen's International!""  As you can see our struggle against the capitalists is not going unnoticed.  The eyes of the socialists all over the world are upon us!

Now back to the battle situation, comrade!  There will be time for rejoicing after our victory is certain!  I know I have been saying this for days but Lwow is now really within our grasp.  We stand some 50 kilometers from Lwow and it appears that there is little between us and the city.  However we cannot take a city, always a very hostile terrain for cavalry, without infantry support and better supply.  Hence, it is vital that we capture the railroad junction of Zadworze.  What the capitalists can gather to resist, I cannot tell. What I can tell is that within days we will be marching into Lwow!"
Bolshevik Cavalry (1918-1920),7,LWOW (20 August 1920),,"Comrade there lays the old city of Lwow.  It was the goal of the Tsar in 1914, Brusilov in 1916 and our goal in 1920.  The goal of the Revolution!",Poland vs Soviet Union,ccamplwo.xml,"LWOW (20 August 1920)

Comrade there lays the old city of Lwow.  It was the goal of the Tsar in 1914, Brusilov in 1916 and our goal in 1920.  The goal of the Revolution!

Our Red Army is closing in on the city from the north and east.  Do I have to tell you about the instructions from Moscow?  They are expecting the Red Flag of the Revolution in Lwow as soon as possible!  Divisions of our Fourteenth Army are closely following your cavalry.  Polish resistance is unknown although interrogations have reported that the Poles bought time at Zadworze for defensive and offensive operations.  I believe these are capitalistic and criminal lies imprinted on the Polish soldiers.

Go, comrade, liberate Lwow!!!"
Bolshevik Cavalry (1918-1920),8,BATTLE OF KOMAROW (29 August 1920),,"I have some bad news, comrade.  A few days ago while you were busy trying to capture Lwow; the Polish imperialists started a counteroffensive pushing through the center of the line between Lwow and Warsaw.  After their breakthrough they turned north and now the entire northern command is retreating in order not to be encircled!  Our dreams of capturing Warsaw have to be shelved!",Cavalry vs Poland,ccampkom.xml,"BATTLE OF KOMAROW (29 August 1920)

I have some bad news, comrade.  A few days ago while you were busy trying to capture Lwow; the Polish imperialists started a counteroffensive pushing through the center of the line between Lwow and Warsaw.  After their breakthrough they turned north and now the entire northern command is retreating in order not to be encircled!  Our dreams of capturing Warsaw have to be shelved!

Your cavalry is needed north!  If you sweep northwards and cut into the right flank of the Polish offensive we might again turn the tide and Poland will be liberated from their reactionary capitalists!

The Poles have been able to form some kind of defensive line while you were pulling back from the Lwow operation.  However, this is no reason to be worried.  I am talking about the Cavalry Army!  It has not been defeated for months and just saying the name strikes terror into the enemy!  Strike north, and join up with our people's army in the north!!!"
Bolshevik Cavalry (1918-1920),9,RETREAT FROM ROVNO (18 September 1920),,"Comrade have I ever told you why I joined the Bolshevik party?  No, but you are right. There is no time for such tales.  I have noticed it, comrade.  Morale is low among the ranks.  The sudden change in the course of the war has left its traces.  This is a serious set back.  But it is merely a set back!",Poland,ccampro2.xml,"RETREAT FROM ROVNO (18 September 1920)

Comrade have I ever told you why I joined the Bolshevik party?  No, but you are right. There is no time for such tales.  I have noticed it, comrade.  Morale is low among the ranks.  The sudden change in the course of the war has left its traces.  This is a serious set back.  But it is merely a set back!

The Northern armies will have to retreat on their own to defensive positions while we prepare to strike again and then finally make the wishes of millions of proletarians come true!  In the south it has been quieter but it seems the imperialists in Warsaw have gathered enough men to continue the counteroffensive in the south as well.

There is no hope of stopping the monarchists now but we will not fall into enemy hands. We will retreat, reorganize and make the Polish capitalists pay for this!  The Revolution will not be tamed!  Make your way east, comrade, the town of Rovno has fallen into the dirty hands of the enemy!  Retreat!"
Bolshevik Cavalry (1918-1920),10,KAKHOVKA (20 October 1920),,"That traitor Wrangel still operates like a wolf from the Crimea.  He stabbed the people's army in the back while we were occupied with the war against Poland.  Now that those reactionaries have seen that the Revolution in Russia cannot be stopped, we can muster all resources to bring peace to Russia!  Russia ruled by its people!",Cavalry,ccampwr1.xml,"KAKHOVKA (20 October 1920)

That traitor Wrangel still operates like a wolf from the Crimea.  He stabbed the people's army in the back while we were occupied with the war against Poland.  Now that those reactionaries have seen that the Revolution in Russia cannot be stopped, we can muster all resources to bring peace to Russia!  Russia ruled by its people!

Wrangel has broken out of the Crimea some time ago and captured land north of the Perekop isthmus.  We can only be grateful for a foolish act like that.  His forces are now strung out and have few reserves.  The idiots aligning themselves with Wrangel's fate must now even face the Cavalry Army!

Comrade, cross the Dnjepr River near Kakhovka and quickly penetrate through the enemy lines.  Their force must not reach the Perekop isthmus before we do if we are to gain an easy victory!  The proletariat has suffered enough during the last years!"
Bolshevik Cavalry (1918-1920),11,PEREKOP (28 October 1920),,"Quickly, comrade.  We have almost made it to the Perekop isthmus.  If those Tsarists are willing to make a stand against the glorious people of Russia then they will do it there!",,ccampwr2.xml,"PEREKOP (28 October 1920)

Quickly, comrade.  We have almost made it to the Perekop isthmus.  If those Tsarists are willing to make a stand against the glorious people of Russia then they will do it there!

While other armies are mopping up enemy criminals that have been encircled, all of the remaining people's army not occupied with that task is being directed to the Perekop isthmus. They will be placed under your command as soon as they arrive in the region, comrade! In Moscow they regard you as a military genius!  The Revolution is driving the proletariat to great acts!

Your horses are the most mobile force that we have, comrade.  Dash to the isthmus and force your way into the Crimea!!!"
Bolshevik Cavalry (1918-1920),12,SEVASTOPOL (11 November 1920),,"It all does not matter anymore, comrade.  Strategy?  We want victory!  The Tsarist monarchists know their fate.  Their dream of a Russia full of slaves they can control is gone!  The people have stood up against this injustice and united itself to drive out the capitalist oppressors!",Britain,ccampwr3.xml,"SEVASTOPOL (11 November 1920)

It all does not matter anymore, comrade.  Strategy?  We want victory!  The Tsarist monarchists know their fate.  Their dream of a Russia full of slaves they can control is gone!  The people have stood up against this injustice and united itself to drive out the capitalist oppressors!

There are clear signs that the capitalists from London will send the Royal Navy to Russia and attempt to evacuate Wrangel and his forces.  Comrade, this shows the lies told by the British and Wrangel.  How are they to evacuate a massive army?  Most likely they will only bring him and a few others to safety while the rest await the mercy of the glorious people's army!

Now, go forward and hunt down the criminals of the people of Russia before they can get away!"
"Forward, Comrade! (1939-1945)",0,Battle at the Chalchin Gol,,"Welcome, Herr General. You are facing the 6. Japanese army. The Japanese have passed the Chalchin Gol. Your mission is to put the enemy over the river.",Japan,forward0.xml,"Battle at the Chalchin Gol
Welcome, Herr General. You are facing the 6. Japanese army. The Japanese have passed the Chalchin Gol. Your mission is to put the enemy over the river.
Your troops:
We have chosen some troops for you. You will have six different troops, each of them is of another class. And you are able to order more units in a recent scale.  Keep in mind that your decision can be important in coming battles.
Enemy troops: 
The 6. Japanese army have only a few tanks and very few air support. The Japanese are worn out. They have no rail connection, so they are certainly not able to relieve their troops.
Sgn Major Heinz"
"Forward, Comrade! (1939-1945)",1,Battle of Suomussalmi,,"You surely know, that we are at war with Finland at the moment. Your mission is to break through the finish lines at Suomussalmi.",,forward1.xml,"Battle of Suomussalmi
You surely know, that we are at war with Finland at the moment. Your mission is to break through the finish lines at Suomussalmi. 
Your troops:
You have to solve this mission only with little help from auxiliary troops. 
Enemy troops: 
The Finish have only a few troops. Mainly infantry troops are awaiting you on your way to Suomussalmi.
Sgn. Major Heinz"
"Forward, Comrade! (1939-1945)",2,Pocket of Minsk:,,"Comrade General, you surely know that the Germans have assaulted our country. Now, the situation is really delicate. While we are speaking, every moment German troops can fulfill the closing of the Minsker pocket. The Panzergruppe 2 and 3 have bypassed Minsk in the northern and southern and every moment they can team up near of Borissow to close the pocket. You have the permission to evacuate the pocket in need. But you should try to hold Minsk, the Minsker Airfield and Borissow as long as possible.",Germany,forward2.xml,"Pocket of Minsk:
Comrade General, you surely know that the Germans have assaulted our country. Now, the situation is really delicate. While we are speaking, every moment German troops can fulfill the closing of the Minsker pocket. The Panzergruppe 2 and 3 have bypassed Minsk in the northern and southern and every moment they can team up near of Borissow to close the pocket. You have the permission to evacuate the pocket in need. But you should try to hold Minsk, the Minsker Airfield and Borissow as long as possible. 
Your troops:
You will get help from the soviet Westfront. These troops have only few tank divisions but many artilleries and especially infantry divisions.
 Enemy troops:
You are facing a large part of the Heeresgruppe Mitte. The Germans have contracted a lot of tanks, infantry, artillery, 8.8 PAK and bombers west of Minsk. Hoths Panzergruppe 3 is attacking from the north, Panzergruppe 2 under Guderian is attacking from the south. You will have contact with these troops soon, too. 
Attention! Trying to hold Minsk can be really hard. The Germans are much more experienced then you. If you are a bad player you can evacuate Minsk and trying to hold Borissow and expect the enemy in the outback
Sgn. Major Heinz"
"Forward, Comrade! (1939-1945)",3,Defense of Kishinev,,"The Germans and their allies, the Rumanians, attacking Bessarabia. Stop the advance of the axis troops.",Germany,forward3.xml,"Defense of Kishinev
The Germans and their allies, the Rumanians, attacking Bessarabia. Stop the advance of the axis troops.
Your troops:
You have only your core troops. We cannot provide more troops, because they are all needed on other frontlines.
Enemy troops:
You are facing the 11. German army in the north. Some parts of the Rumanian third and fourth army are attacking from southwest. The Rumanians are inexperienced. It could be a good idea, that you use your inexperienced troops against them.
Sgn. Major Heinz"
"Forward, Comrade! (1939-1945)",4,Battle of Odessa:,,The Rumanian 4. Army has launched its attack on Odessa in the last days. They succeeded in pushing our troops back. Your mission is to launch a counterattack and put the Rumanians back to their starting position.,Germany,forward4.xml,"Battle of Odessa:
The Rumanian 4. Army has launched its attack on Odessa in the last days. They succeeded in pushing our troops back. Your mission is to launch a counterattack and put the Rumanians back to their starting position.
Your troops:
Again, you will nearly have your own troops to deal with your mission.
Enemy troops:
The Rumanian 4. Army is inexperienced. They have only a few tanks, but a lot of cavalry and infantry. We expect that some German troops will arrive in a few days to support the Rumanian attack.
Sgn. Major Heinz"
"Forward, Comrade! (1939-1945)",5,Pocket of Kiev,,"Herr General, the situation is very awkward. Your troops are threatened by encirclement. Western of Kiev, the 6. Army is attacking your positions. From the north the Panzergruppe 2 will show up every moment in the back of your positions and they will join with the advance guard of the 17. Army. Hold Kiev and the surrounding regions as long as possible, so that we have the possibility to bind German troops.",Germany,forward5.xml,"Pocket of Kiev
Herr General, the situation is very awkward. Your troops are threatened by encirclement. Western of Kiev, the 6. Army is attacking your positions. From the north the Panzergruppe 2 will show up every moment in the back of your positions and they will join with the advance guard of the 17. Army. Hold Kiev and the surrounding regions as long as possible, so that we have the possibility to bind German troops.
Your troops:
Parts of the 37. Army are subordinate to your authority. These troops are wet behind the ears and do not have much tanks, but some artillery with big caliber.
Enemy troops:
The Germans proceed in the west with many tanks and infantry. The Panzergruppe 2 and the advance guard of the 17. Army are completely motorized and have mainly Panzer II and Panzer III tanks.
Sgn. Major Heinz"
"Forward, Comrade! (1939-1945)",6,Pocket of Brjansk,,The situation at the Brjansker front is very grave. The XXIV. Motorized Army Corps could brake through your lines south of Brjansk. It may be expected that they will turn northwards and try to encircle your troops. Try to evacuate your troops slowly but do not miss to defend Brjansk and your other targets.,Germany,forward6.xml,"Pocket of Brjansk
The situation at the Brjansker front is very grave. The XXIV. Motorized Army Corps could brake through your lines south of Brjansk. It may be expected that they will turn northwards and try to encircle your troops. Try to evacuate your troops slowly but do not miss to defend Brjansk and your other targets.
Your troops:
The 50. Army is reported to you. Altogether 50 troops will help you. They are still inexperienced, but they should be strong enough to slow the German advance a little bit. 
Enemy troops:
The Germans have many tank divisions, infantry divisions and bomber squadrons. You should calculate with heavy attacks from the west and the south. The strongest German troops are deployed in the southwest. 
Sgn. Major Heinz"
"Forward, Comrade! (1939-1945)",7,Tula Counterattack,,"Now it is time to take the initiative. You are facing the 2. Panzerarmee, which will attack every moment your lines south of Tula. Hold Tula and try to realize a counterattack if possible.",Germany,forward7.xml,"Tula Counterattack
Now it is time to take the initiative. You are facing the 2. Panzerarmee, which will attack every moment your lines south of Tula. Hold Tula and try to realize a counterattack if possible.
Your troops:
You have the command about the 49. and 50. Army. The troops are still inexperienced, but they were reinforced only just. 
We are pleased to tell you, that we have decided to add a new recon unit to your troops.
Enemy troops:
Parts of the 2. Panzerarmee are under the required strength. There are not so much tanks and anti-tanks on the first front line, however the 2. Panzerarmee still have some tank divisions in reserve. Probably the Germans will march them off.
Please notice:
A brilliant victory, a normal victory and a tactical victory will lead to different scenarios. There will be no choice scenario. You should make a save game, if you want to play all scenarios.
A brilliant victory will give you the opportunity to end the war in the early 1942 by encircling the Heeresgruppe Mitte at Krasny Bor.
A normal victory will lead you to the normal progression of the campaign. 
If you achieve only a tactical victory or a loss you have to defend Moskau first, before you can continue with the normal campaign path (Demyansk).
Sgn. Major Heinz"
"Forward, Comrade! (1939-1945)",8,Closing the pocket,,"After your success at Tula we could also break through the German lines north of Moscow. You are now in the near of Smolensk. The Germans had not tried to escape. I believe they have the order to stay in the pocket. Your troops should now deploy northeast and southeast of the city and attacking the last German troops which hold the last position, in which German troops could escape. Close the pocket! Hold in any case the connection to the troops east of you (both victory hexes), so the Germans could not escape. Otherwise there is a risk that your troops will be encircled.",Germany,forward8.xml,"Closing the pocket
After your success at Tula we could also break through the German lines north of Moscow. You are now in the near of Smolensk. The Germans had not tried to escape. I believe they have the order to stay in the pocket. Your troops should now deploy northeast and southeast of the city and attacking the last German troops which hold the last position, in which German troops could escape. Close the pocket! Hold in any case the connection to the troops east of you (both victory hexes), so the Germans could not escape. Otherwise there is a risk that your troops will be encircled. 
Your troops:
We can provide only a few troops for your mission, because most of the soviet armies are needed to hold the pocket closed.
Enemy troops:
The Germans have left the city and have taken positions east of the town. The Germans in this area are really weak. However, the area of the bottleneck is surrounded with mine field and other blockings. We have reliable information that the Germans do big troop movements. They have removed troops from the Heeresgruppe Süd and Heeresgruppe Nord to relieve the pocket. Moreover, troops in the pocket try to meet these troops halfway. Be fast, because the enemy is outnumbered.
Sgn. Major Heinz"
"Forward, Comrade! (1939-1945)",9,Urban Warfare in Moscow,,This is our last opportunity. The Germans have advanced to the western periphery of Moscow. Hold Moscow at any costs!,Germany,forward9.xml,"Urban Warfare in Moscow
This is our last opportunity. The Germans have advanced to the western periphery of Moscow. Hold Moscow at any costs!
Your troops:
You have we command over a tank division, the Moscow garrison and several bunkers and pillboxes. We have tried to mine the way for the German divisions but we could not finish this.
Enemy troops:
You are facing several tanks and infantry divisions. Moreover, you should calculate with heavy attacks from the German Luftwaffe.
Sgn. Major Heinz"
"Forward, Comrade! (1939-1945)",10,Destroying the Demyansk Pocket,,"Comrade General, I have an easy mission for you. Since our offensive in the winter we could encircle the X. Army Corps near of Demyansk. Now we know that the Kampfgruppe Seydlitz is on her way to save the troops in the pocket. Stop the attack of Kampfgruppe Seydlitz and hold the pocket closen.",Germany,forward10.xml,"Destroying the Demyansk Pocket
Comrade General, I have an easy mission for you. Since our offensive in the winter we could encircle the X. Army Corps near of Demyansk. Now we know that the Kampfgruppe Seydlitz is on her way to save the troops in the pocket. Stop the attack of Kampfgruppe Seydlitz and hold the pocket closen.
Your troops:
For this easy mission you will nearly only have your tank army. The deploy-hexes around the pocket are limited.
Enemy troops:
The X. Army corps has lost strength in the battles and have only a few divisions now. Kampfgruppe Seydlitz has an equal strength, but this troops are more dangerous. Do not miss to cut the Kampfgruppe Seydlitz off from the battlefield. They should arrive on our western flank in two days. Be aware of the German Luftwaffe. We have information that several bomber squadrons are in the combat area.
Sgn. Major Heinz"
"Forward, Comrade! (1939-1945)",11,Defense of Voronezh,,"After our successes in the winter the Germans seems to have their troops reinforced. With their Hungarian allies they are starting a big offensive with the target Voronezh. Slow down the advance of the Germans, so we have enough time to prepare new positions.",Germany vs Hungary,forward11.xml,"Defense of Voronezh
After our successes in the winter the Germans seems to have their troops reinforced. With their Hungarian allies they are starting a big offensive with the target Voronezh. Slow down the advance of the Germans, so we have enough time to prepare new positions. 
Your troops:
You have command over the 40. and 13. Army. These troops are equipped with very new prototypes of SU tank destroyers. They could be useful for you.
Enemy troops:
You are facing the 4. Panzerarmee and the 2. Army. Moreover, in the south the 2. Hungarian Army supports them. The Hungarians are not so experienced like the Germans. The Germans have also new assault guns with higher range than our tanks. Be aware of them! Oh, wait, we have just this moment obtained the information that the Germans have marched off more troops with good tanks and tank destroyers. They will arrive in the south of the battlefield in several days.
Sgn. Major Heinz"
"Forward, Comrade! (1939-1945)",12,Rzhew Meat Grinder,,"After our offensive in the winter there is still the German salient at Rzhew. We have decided to start a great attack on the salient with the target of destroying the defendsing German troops. Your troops should attack in the north at Rzhew, in the south at Sychewka and in the middle of the salient, break through the lines and destroy or capture the most forces.",Germany,forward12.xml,"Rzhew Meat Grinder
After our offensive in the winter there is still the German salient at Rzhew. We have decided to start a great attack on the salient with the target of destroying the defendsing German troops. Your troops should attack in the north at Rzhew, in the south at Sychewka and in the middle of the salient, break through the lines and destroy or capture the most forces.
Your troops:
You will have the command over the 30. Army. The Germans hold the only airfield in this area, but the 30. Army has a very experienced engineer troop, which has many experience in buliding airfields.
Enemy troops:
You are facing the 9. German Army. The troops in the salient are still very strong. They have built a coherent front line and break through it could be very difficult but they have no reserves after the first front line. The area is also full of landmines and fortifications. Rzhew`s defenders are very powerfull, you may need a lot of higher range artillery to break through the lines at Rzhew. Be aware, that the reserve troops are deployed in Sychewka. There you have to calculate with heavy resistance, too.
Please notice:
You will gain 100 pp per turn.This money is for refits and you will be over the cap if you do not use it, so feel free to use it.
Sgn. Major Heinz"
"Forward, Comrade! (1939-1945)",13,Operation Uranus,,Be ready for Operation Uranus. Today our great offensive starts with the aim to encircling the 6. Army in Stalingrad. Your troops will attack from the south and the northwest the German and their allied troops.,Germany vs Hungary vs Italy vs Romania,forward13.xml,"Operation Uranus
Be ready for Operation Uranus. Today our great offensive starts with the aim to encircling the 6. Army in Stalingrad. Your troops will attack from the south and the northwest the German and their allied troops. 
Your troops:
You will have command over the 65. Army. This troops will attack the Romanian front in the northeast and will support your attack against the Italian und Hungarian troops in the southeast.
Enemy troops:
In the southwest the 4. Panzerarmee under command of Hermann Hoth is your opponent. In the north the 3. Romanian Army defends the front line. In the southeast Italian and Hungary troops hold the lines. The Romanian, Italian und Hungarian troops have under strength and are bad equipped. They have only a lit bit of ammunition. Although these troops are numerous, they should be no real opponent for your troops. The situation in the southwest looks different. The 4. Panzerarmee still has some tank divisions. There is also a tank troop equipped with the new very dangerous Tiger tank.
Sgn. Major Heinz"
"Forward, Comrade! (1939-1945)",14,Battle at the Myschkowa,,The fascists and their allied try to break up the pocket of Stalingrad. We could stop them at the Myschkowa. You should overrun the enemy troops and throw them back to their starting position.,Hungary vs Italy vs Romania,forward14.xml,"Battle at the Myschkowa
The fascists and their allied try to break up the pocket of Stalingrad. We could stop them at the Myschkowa. You should overrun the enemy troops and throw them back to their starting position. 
Your troops:
You will only have your tank army for this job.
Enemy troops:
The Army Group Hoth is on the other side of the Myschkowa river. We calculate with further reinforcements in the next days. Although this troops will mostly be Italians, Romanians and Hungarians.
Sgn. Major Heinz"
"Forward, Comrade! (1939-1945)",15,Blowed by backhand,,"Herr General, the victory is within one`s reach, or maybe not. The Germans have evacuated the area of Charkow and withdraw their troops. Your army should push forward into the empty area and follow the escaping Germans. Many of our generals believe that the Germans are already beaten and the war will soon be over. But I am not so optimistic. So, be careful.",Germany,forward15.xml,"Blowed by backhand
Herr General, the victory is within one`s reach, or maybe not. The Germans have evacuated the area of Charkow and withdraw their troops. Your army should push forward into the empty area and follow the escaping Germans. Many of our generals believe that the Germans are already beaten and the war will soon be over. But I am not so optimistic. So, be careful. 
Your troops:
You will only have your tank army for this task.
Enemy troops:
Our recons reported nearly no enemies in the area.
Please notice:
If you can hold all VHs you will come to a choice scenario, in which you must decide which Army Group you want to face for the rest of the war. If you cannot hold all VHs you will first have to fend the German attack at Prokhorowka.
Sgn. Major Heinz"
"Forward, Comrade! (1939-1945)",16,Prokhorowka Tank Battle,,The Germans are attacking our lines at Prokhorowka. Resist all Germans attacks and lead a conterattack against Belgorod.,Germany,forward16.xml,"Prokhorowka Tank Battle
The Germans are attacking our lines at Prokhorowka. Resist all Germans attacks and lead a conterattack against Belgorod. 
Your troops: 
We knowed that the Germans we lead this offensive and we could prepare strong positions. You will have command over the 51th Tank Army. This troops are not so experienced but all refreshed to over strenght. The positions before your deployment positions are secured with landmines.
Enemy troops:
You are facing the II. SS-Panzer Corps. You have to calculate with heavy tank attacks. The German Luftwaffe will support the attack of the tanks. So you need a strong air defense and fighters. 
Sgn. Major Heinz"
"Forward, Comrade! (1939-1945)",17,Choice Scenario,,"We want avoid large troop movements for our big offensives, so we have decided that an army stays in the region, whrere it is deployed. You have to come to a decision, where you want to fight. You have three options:",Germany,forward17.xml,"Choice Scenario
We want avoid large troop movements for our big offensives, so we have decided that an army stays in the region, whrere it is deployed. You have to come to a decision, where you want to fight. You have three options:
You can fight against the Heeresgruppe North:
This is the easiest and shortest path. You will attack the Germans at Leningrad and will follow them to Courland.
You can fight against the Heeresgruppe Mitte:
This can be tough, because you will have the option to fight against west allied troops. Otherwise this path will lead you to Berlin.
You can fight against the Heeresgruppe South:
This path contains several scenarios. You will first attack the Kuban-Bridgehead and push the Germans through Romania and Hungary to Prague, where this path will end.
Please notice: After the battles in Europe two of the three paths will have an additional scenario in asia.
What is your choice?
Sgn. Major Heinz"
"Forward, Comrade! (1939-1945)",18,Free Leningrad,,"More then two years ago the Germans began with their blockade of Leningrad. The pitful population of the town had to feel the pinch of hunger. We want to stop the blockade and push the Germans back. In the south and in the central sovietunion the Germans are withdrawed. I am sure they will withdraw their troops, if we will be able to lauch a great attack on the 16th Army.",Germany,forward18.xml,"Free Leningrad
More then two years ago the Germans began with their blockade of Leningrad. The pitful population of the town had to feel the pinch of hunger. We want to stop the blockade and push the Germans back. In the south and in the central sovietunion the Germans are withdrawed. I am sure they will withdraw their troops, if we will be able to lauch a great attack on the 16th Army.
Your troops:
You will only have your tank army for this mission, but we have allocated two divisions with bridging engineers to your troops, because the Germans have destroyed the bridges. 
Enemy troops:
The 16th Army still have some strong troops, but the best of the Germans are fighting in the south and in the central. So the 16th Army has only a few tank divisions. Mostfull infantry divisions will be your opponent.
Sgn. Major Heinz"
"Forward, Comrade! (1939-1945)",19,Battle of Viipuri,,Due to the invasion of west allied troops in France the Germans have withdrawn many troops. Your next operation will be the attack in Karelia. Move forward and capture Viipuri.,Germany,forward19.xml,"Battle of Viipuri
Due to the invasion of west allied troops in France the Germans have withdrawn many troops. Your next operation will be the attack in Karelia. Move forward and capture Viipuri. 
Your troops:
You will only have your tank army for this mission. 
Enemy troops:
You are facing several finish troops. However, you should expect that the Germans will help Finland with some German reinforcements. Nonetheless, the enemy troops should be no problem for you.
Sgn. Major Heinz"
"Forward, Comrade! (1939-1945)",20,Attack on Riga,,After our success in Karelia we now want to free the Baltic states. Your tank army have the mission to attack the Germans in Riga and throw them out of the city.,Germany,forward20.xml,"Attack on Riga
After our success in Karelia we now want to free the Baltic states. Your tank army have the mission to attack the Germans in Riga and throw them out of the city.
Your troops:
You will only have your tank army for this mission. 
Enemy troops:
The 16th army and the 18th Army defends the city. There are some serious tank divisions outside of the city. In Riga fanatic infantry divisions are deployed. They have support fire from several artillery divisions.
Please notice:
The next two scenarios will be with no-auto-refit. You will gain a lot of pp for refits. 
Sgn. Major Heinz"
"Forward, Comrade! (1939-1945)",21,Courland Pocket,,"We have started several trials to elimenate the trapped Germans in Courland, but all attempts were not successful. I think your men are more suitable for this mission. Attack on the front between Liepaja and Saldus, break through the German lines and take Pavilosta.",Germany,forward21.xml,"Courland Pocket
We have started several trials to elimenate the trapped Germans in Courland, but all attempts were not successful. I think your men are more suitable for this mission. Attack on the front between Liepaja and Saldus, break through the German lines and take Pavilosta.
Your troops:
You will only have your tank army for this mission.
Enemy troops:
You are facing the 16th and 18th Army. These troops are worn out, but high experienced. They have only two serious tank troops. The way to the battlefield is blocked with Blockings, Bunkers and Mindfields.
Sgn. Major Heinz"
"Forward, Comrade! (1939-1945)",22,Manchurian Operation,,The war in Europe is over. Now we had to keep our promise and built a second front against Japan in Asia. We could push forward and are now east of Changchun. Your troops should break through the lines of Japanese and Manchukuo troops in the east of the town and capture Changchun.,Japan,forward22.xml,"Manchurian Operation
The war in Europe is over. Now we had to keep our promise and built a second front against Japan in Asia. We could push forward and are now east of Changchun. Your troops should break through the lines of Japanese and Manchukuo troops in the east of the town and capture Changchun.
Your troops:
For this attack you will only have your tank army. We own no airfield in this area. So, you should have a can build unit for this mission in your troops.
Enemy troops: 
You are facing two armies and some Manchukuo troops. These armies are bad equipped but they have entrenched themselves in the mountains east of Changchun. To break through the lines will take time.
Sgn. Major Heinz"
"Forward, Comrade! (1939-1945)",23,Smolensker Offensive,,"Now it is time for our big offensive. You will attack the German Heeresgruppe Mitte at Yelnya. The Germans are well prepared for our attack, but I am sure you will be able to break through their lines.",Germany,forward23.xml,"Smolensker Offensive
Now it is time for our big offensive. You will attack the German Heeresgruppe Mitte at Yelnya. The Germans are well prepared for our attack, but I am sure you will be able to break through their lines.
Your troops:
You will only have your tank army for this mission.
Enemy troops:
The Heeresgruppe Mitte still have strong troops, but they have only few tanks. On the other side you have to calculate with strong fire of high-range artillery and the German Luftwaffe has strong bomber forces in this area. The areas behind the bridges are well prepared for your attack, but if you are breaken through the resistance will be smaller."
"Forward, Comrade! (1939-1945)",24,Operation Bagration,,Now the time four our great offensives is come. Several armies will join the attack in Belorussia. Your troops should take Vitebsk.  Take the town and push forward to the west.,Germany,forward24.xml,"Operation Bagration
Now the time four our great offensives is come. Several armies will join the attack in Belorussia. Your troops should take Vitebsk.  Take the town and push forward to the west.
Your troops:
You will only have your tank army for this mission.
Enemy troops:
Vitebsk is secured by strong fortifications and the IX. Army Corps. Further south the VI. Army Corps hold the positions. The Germans have some good tanks and tank killers like Tiger II tanks and a division of Elefants. It could be a good idea to deploy your best troops in the south and push there forward and the rest can concentrate on Vitebsk.
Sgn. Major Heinz"
"Forward, Comrade! (1939-1945)",25,Battle of Silesia,,"Herr General, meanwhile our armies have arrived Poland. You should take Krakow, west of you which is hold by the 4th Tank Army.",,forward25.xml,"Battle of Silesia
Herr General, meanwhile our armies have arrived Poland. You should take Krakow, west of you which is hold by the 4th Tank Army.
Your troops:
You will only have your tank army for this mission.
Enemy troops:
The 4th tank army has far under strength, but they have some serious Panther and Tiger II tanks. The strongest resistance should be in the Krakow city areal.
Please remember:
The next scenario (and Berlin too) will be no-auto-refit scenarios.
Sgn. Major Heinz"
"Forward, Comrade! (1939-1945)",26,Fortress Küstrin,,"Your troops have arrived the Oder at Küstrin. Take Küstrin, take positions along the river and build a bridgehead over the river at Küstrin.",Germany,forward26.xml,"Fortress Küstrin
Your troops have arrived the Oder at Küstrin. Take Küstrin, take positions along the river and build a bridgehead over the river at Küstrin. 
Your troops:
You will only have your tank army for this mission.
Enemy troops:
Küstrin is hold by a garrison. Behind the Oder some strong German troops will try to prevent that you can build a bridgehead. But altogether the enemy should be no problem for your troops.
Attention please:
A brilliant victory, a normal victory and a tactical victory will lead you into different paths. 
If you win brilliant, you have to end the war with the battle in Berlin. This scenario will be no-auto-refit, too.
If you win normal the west allied have captured Berlin and you have to fight against them. In this path you have the help of German troops, which you can buy for extra pp.
If you win tactical the west allied have captured Berlin and you have to fight against them. The German armies in the east could flee into the west and will support the west allies.
Sgn. Major Heinz"
"Forward, Comrade! (1939-1945)",27,Battle of Berlin,,"Herr General, it is time for the last battle. Your troops have taken positions along the Oder. In this scenario you have several missions.",,forward27.xml,"Battle of Berlin
Herr General, it is time for the last battle. Your troops have taken positions along the Oder. In this scenario you have several missions.
-	Take Cottbus, Schwedt and Oranienburg
-	Cross the Oder at the Seelower Heights and defeat the 9th Army
-	Encircle the rest of the 9th Army in the Pocket of Halbe 
-	Do not let the troops in the pocket flee
-	Take Berlin
-	Stop the advance of the 12th Army and take Eberswalde at the Elbe
Your troops:
The 2nd Belorussian Front will assist your attack in the south and in the north. In the north the 2nd Belorussian Front should take Schwedt and fight against the 4th Tank Army. Remember, this is the last battle. You can use the massive pp for refitting if you need it.
Enemy troops:
The 9th Army, the 12th Army and the 4th Tank Army are high-experienced but worn out troops. They have some serious tank divisions with Tiger II and Panther tanks. In the areal of Berlin unexperienced Volkssturm and Landwehr troops are also common opponents. In Berlin rests of the 9th Army, police troops and Volkssturm troops defeats the city. They are supported by Waffen SS Battle Group Mohnke.
Sgn. Major Heinz"
"Forward, Comrade! (1939-1945)",28,Breakthrough at Dessau,,"After some planning the general stuff has decided that we will attack the allied lines at Dessau. The allies have numerous troops at this front line, so, if we can break through their lines, the allies must withdraw their other troops.",,forward28.xml,"Breakthrough at Dessau
After some planning the general stuff has decided that we will attack the allied lines at Dessau. The allies have numerous troops at this front line, so, if we can break through their lines, the allies must withdraw their other troops.
Your troops:
Besides your tank army one army will support your attack. They are deployed west of your troops.
Enemy troops:
The enemy have several tank divisions. In the air you have to calculate with high resistance, too. The USAF and RAF have several air fleets in the area of Dessau. Several level-bomber squadrons will support the ground troops.
Sgn. Major Heinz"
"Forward, Comrade! (1939-1945)",29,Battle of East Friesland,,We could trap several armies in East Friesland. We have reliable information that the west allied plans to evacuate the troops through the harbors of Emden and Wilhelmshaven. Take Emden and Wilhelmshaven before the ships arrive and destroy most of the enemy's troops to prevent the possibilities of a counterattack.,,forward29.xml,"Battle of East Friesland
We could trap several armies in East Friesland. We have reliable information that the west allied plans to evacuate the troops through the harbors of Emden and Wilhelmshaven. Take Emden and Wilhelmshaven before the ships arrive and destroy most of the enemy's troops to prevent the possibilities of a counterattack.
Your troops: 
Besides your tank army a little army will support you. This troops could be useful for the conquer of Emden.
Enemy troops:
The trapped opponents still have several dangerous tank divisions and plenty infantry. The air force will made problems to you, especially because you will have no airfield at the beginning of the battle. The next airfield is too far away. Be sure that you have troops that can build an airport.   
Sgn. Major Heinz"
"Forward, Comrade! (1939-1945)",30,Battle at the Ruhr,,"The majority of the war production for the west allied comes from the Ruhr area. If we will be able to capture the Ruhr area it will be more difficult for the allied to get supplies. Take the Ruhr area, Düsseldorf and build a bridgehead over the Rhine.",,forward30.xml,"Battle at the Ruhr
The majority of the war production for the west allied comes from the Ruhr area. If we will be able to capture the Ruhr area it will be more difficult for the allied to get supplies. Take the Ruhr area, Düsseldorf and build a bridgehead over the Rhine.
Your troops:
Besides your tank army several divisions will support your troops. Relating to your request we have given you more Flak units for this battle.
Enemy troops:
The enemies are not numerous. In the east of the Ruhr area the west allied have built a front which is saved by blockings, landmines and barbwire. More in the south the resistance seems to be not so hard.
Sgn. Major Heinz"
"Forward, Comrade! (1939-1945)",31,Battle in the Ardennes,,In what the Germans failed once we now want to success. In the Ardennes the allied have build the last defensive line. If we can manage a breakthrough the way to Antwerpen will be free and the allied troops can no longer use the harbor of Antwerpen for reinforcements.,Germany,forward31.xml,"Battle in the Ardennes
In what the Germans failed once we now want to success. In the Ardennes the allied have build the last defensive line. If we can manage a breakthrough the way to Antwerpen will be free and the allied troops can no longer use the harbor of Antwerpen for reinforcements. 
Your troops:
An army will support your attack. A unit of Josef Stalin tanks will assist you, too.
Enemy troops:
The allied troops are still numerous. Beware of assaults in the woody terrain. I remind you, that Josef Stalin tanks only have a few ammunitions and they are vulnerable in this terrain.
Sgn. Major Heinz"
"Forward, Comrade! (1939-1945)",32,Charge on Antwerpen,,The victory is near. Your troops are standing in the near of Antwerpen. Your mission is to eliminate the last allied troops and occupy the harbor of Antwerpen to prevent further allied reinforcements.,,forward32.xml,"Charge on Antwerpen
The victory is near. Your troops are standing in the near of Antwerpen. Your mission is to eliminate the last allied troops and occupy the harbor of Antwerpen to prevent further allied reinforcements.
Your troops:
The harbor of Antwerpen is secured by several ships. You will have command over a part of our fleet. Some bombers will assist you in this fight, too. The allied hold the only airfield in this area. It could be a good idea to build a new airfield at the start of the battle.
Enemy troops:
The defenders have abandoned the area south of Antwerpen and secured it with landmines and blockings. After this line the enemy front line is not so big. In the outback the allied still have some big tanks, like the Sherman Easy Eight type. In the harbor the allied unload unexperienced tank divisions at the moment.
Sgn. Major Heinz"
"Forward, Comrade! (1939-1945)",33,Breakthrough at Dessau,,"After some planning the general stuff has decided that we will attack the allied lines at Dessau. The allies have numerous troops at this front line, so, if we can break through their lines, the allies must withdraw their other troops.",,forward33.xml,"Breakthrough at Dessau
After some planning the general stuff has decided that we will attack the allied lines at Dessau. The allies have numerous troops at this front line, so, if we can break through their lines, the allies must withdraw their other troops.
Your troops:
Besides your tank army one army will support your attack. They are deployed west of your troops.
Enemy troops:
The enemy have several tank divisions. In the air you have to calculate with high resistance, too. The USAF and RAF have several air fleets in the area of Dessau. Several level-bomber squadrons will support the ground troops.
Sgn. Major Heinz"
"Forward, Comrade! (1939-1945)",34,Battle of East Friesland,,We could trap several armies in East Friesland. We have reliable information that the west allied plans to evacuate the troops through the harbors of Emden and Wilhelmshaven. Take Emden and Wilhelmshaven before the ships arrive and destroy most of the enemy's troops to prevent the possibilities of a counterattack.,,forward34.xml,"Battle of East Friesland
We could trap several armies in East Friesland. We have reliable information that the west allied plans to evacuate the troops through the harbors of Emden and Wilhelmshaven. Take Emden and Wilhelmshaven before the ships arrive and destroy most of the enemy's troops to prevent the possibilities of a counterattack.
Your troops: 
Besides your tank army a little army will support you. This troops could be useful for the conquer of Emden.
Enemy troops:
The trapped opponents still have several dangerous tank divisions and plenty infantry. The air force will made problems to you, especially because you will have no airfield at the beginning of the battle. The next airfield is too far away. Be sure that you have troops that can build an airport.   
Sgn. Major Heinz"
"Forward, Comrade! (1939-1945)",35,Battle at the Ruhr,,"The majority of the war production for the west allied comes from the Ruhr area. If we will be able to capture the Ruhr area it will be more difficult for the allied to get supplies. Take the Ruhr area, Düsseldorf and build a bridgehead over the Rhine.",,forward35.xml,"Battle at the Ruhr
The majority of the war production for the west allied comes from the Ruhr area. If we will be able to capture the Ruhr area it will be more difficult for the allied to get supplies. Take the Ruhr area, Düsseldorf and build a bridgehead over the Rhine.
Your troops:
Besides your tank army several divisions will support your troops. Relating to your request we have given you more Flak units for this battle.
Enemy troops:
The enemies are not numerous. In the east of the Ruhr area the west allied have built a front which is saved by blockings, landmines and barbwire. More in the south the resistance seems to be not so hard.
Sgn. Major Heinz"
"Forward, Comrade! (1939-1945)",36,Battle in the Ardennes,,In what the Germans failed once we now want to success. In the Ardennes the allied have build the last defensive line. If we can manage a breakthrough the way to Antwerpen will be free and the allied troops can no longer use the harbor of Antwerpen for reinforcements.,Germany,forward36.xml,"Battle in the Ardennes
In what the Germans failed once we now want to success. In the Ardennes the allied have build the last defensive line. If we can manage a breakthrough the way to Antwerpen will be free and the allied troops can no longer use the harbor of Antwerpen for reinforcements. 
Your troops:
An army will support your attack. A unit of Josef Stalin tanks will assist you, too.
Enemy troops:
The allied troops are still numerous. Beware of assaults in the woody terrain. I remind you, that Josef Stalin tanks only have a few ammunitions and they are vulnerable in this terrain.
Sgn. Major Heinz"
"Forward, Comrade! (1939-1945)",37,Charge on Antwerpen,,The victory is near. Your troops are standing in the near of Antwerpen. Your mission is to eliminate the last allied troops and occupy the harbor of Antwerpen to prevent further allied reinforcements.,,forward37.xml,"Charge on Antwerpen
The victory is near. Your troops are standing in the near of Antwerpen. Your mission is to eliminate the last allied troops and occupy the harbor of Antwerpen to prevent further allied reinforcements.
Your troops:
The harbor of Antwerpen is secured by several ships. You will have command over a part of our fleet. Some bombers will assist you in this fight, too. The allied hold the only airfield in this area. It could be a good idea to build a new airfield at the start of the battle.
Enemy troops:
The defenders have abandoned the area south of Antwerpen and secured it with landmines and blockings. After this line the enemy front line is not so big. In the outback the allied still have some big tanks, like the Sherman Easy Eight type. In the harbor the allied unload unexperienced tank divisions at the moment.
Sgn. Major Heinz"
"Forward, Comrade! (1939-1945)",38,Kuban-Bridgehead,,"Since many months the Germans has the bridgehead at the black sea. We could push them back, but all tries to destroy the Germans and their allied failed. We have reliable information that the Germans plans to evacuate the bridgehead preventing a cut off. We want attack before they can escape. Force an attack and destroy the German forces.",Germany vs Romania,forward38.xml,"Kuban-Bridgehead
Since many months the Germans has the bridgehead at the black sea. We could push them back, but all tries to destroy the Germans and their allied failed. We have reliable information that the Germans plans to evacuate the bridgehead preventing a cut off. We want attack before they can escape. Force an attack and destroy the German forces.
Your troops:
You will only have your tank army for this mission. The Germans control all two airfields in this area. We have provided an engineer troop to your army. It should be able to build a little airfield in a few days.
Enemy troops:
You are facing the 17th German Army. Also, there are several Romanian and Slovak troops. The Romanians and the Slovaks have only a low strength. The German troops has only a few tanks and only one fighter squadron. Maybe there will be no great fightback, but you have to be fast, too.
Sgn. Major Heinz"
"Forward, Comrade! (1939-1945)",39,Zhitomir Counterattack,,"Unfortunately, I have to interrupt your vacation. While we have refitted your troops the situation near Zhitomir have changed in a serious way. The Germans have started a counterattack with five tank divisions after we have recaptured Kiev. Hold Zhitomir and stop every advance to Kiev.",Germany,forward39.xml,"Zhitomir Counterattack
Unfortunately, I have to interrupt your vacation. While we have refitted your troops the situation near Zhitomir have changed in a serious way. The Germans have started a counterattack with five tank divisions after we have recaptured Kiev. Hold Zhitomir and stop every advance to Kiev.
Your troops:
Because of the refits not every of your unit had marched of simultaneously. In the Zhitomir area you will have only a few troops in the beginning. You can calculate with an arrive of your other troops in some days. The 94. Rifle Division defends Zhitomir. These troops will also be under your command.
Enemy troops:
The Germans are not numerous, but they have some serious tanks. Because of the near of the Germans to Zhitomir they may be able to lead a devastating attack onto your troops. So, be careful.
Sgn. Major Heinz"
"Forward, Comrade! (1939-1945)",40,Brody Cauldron,,With your advance the encirclement of six German and Hungarian divisions is complete. We know that the Germans will try to break out of the pocket. You have to prevent that troops of the axis can escape over the river into the west and you have to destroy most of the enemies troops.,Germany vs Hungary,forward40.xml,"Brody Cauldron
With your advance the encirclement of six German and Hungarian divisions is complete. We know that the Germans will try to break out of the pocket. You have to prevent that troops of the axis can escape over the river into the west and you have to destroy most of the enemies troops.
Your troops: 
Some troops of the 1st Ukrainian Front will assist you by your mission.
Enemy troops:
You are facing the XIII Army Corps. The enemy is under strenght and has only some seroius tanks. With a good front is should be easy to repel the breakout.
Sgn. Major Heinz"
"Forward, Comrade! (1939-1945)",41,Battle of Romania,,"After we made peace with Finland, we want to urge Romania out of the war, because with the loss of the Romanian oilfield the Germans will not be able to perform big resistance. You have to break through the Axis lines at Jassy.",Germany vs Romania,forward41.xml,"Battle of Romania
After we made peace with Finland, we want to urge Romania out of the war, because with the loss of the Romanian oilfield the Germans will not be able to perform big resistance. You have to break through the Axis lines at Jassy.
Your troops:
You only have the command about your tank army.
Enemy troops:
The Germans and Romanians have several divisions in this area. More precisely you are fighting against the Heeresgruppe Südukraine which consists of the Army Group Wohler, the Army Group Dumitrescu and the 4th Romanian Army. The Germans have some heavy tanks and will be able to perform a hard counterattack if you are not able to perform a good first strike. The Romanians have suffered heavy losses in the war and their troops are quite under normal strength.
Sgn. Major Heinz"
"Forward, Comrade! (1939-1945)",42,Take Szekesfehervar!,,"While the Germans try to break through our lines at the Lake Balaton in the west, your mission is to break through the German and Hungarian line at Szekesfehervar. With the capture of the town the way to Vienna will be open.",Germany vs Hungary,forward42.xml,"Take Szekesfehervar!
While the Germans try to break through our lines at the Lake Balaton in the west, your mission is to break through the German and Hungarian line at Szekesfehervar. With the capture of the town the way to Vienna will be open.
Your troops:
You will only have your tank army for this mission.
Enemy troops:
Your opponent is the Army Group Balck. The troops are battle-wearied, but they have some serious tanks and fighters. 
!!!Please notice!!!: 
The next two scenarios will be no-auto-refit. So, you should ensure that your troops are in acceptably conditions at the end of the battle.
Sgn. Major Heinz"
"Forward, Comrade! (1939-1945)",43,Battle of Prague,,Berlin is captured by our troops. Now we want to destroy the remaining German armies in Czechia and in Slovakia and free Prague. You have to broke through the German lines at Nagysallo and move north.,Czechoslovakia vs Germany vs Poland vs Romania,forward43.xml,"Battle of Prague
Berlin is captured by our troops. Now we want to destroy the remaining German armies in Czechia and in Slovakia and free Prague. You have to broke through the German lines at Nagysallo and move north.
Your troops: 
The 2nd Ukrainian Front will assist your attack on the German lines. Also, some Romanian, Czech and Polish troops will be under your command. Unfortunately, there is no airfield in this area. So, you have to build one, before your planes can start.
Enemy troops:
You are facing the 8th Army. These troops have lost much of their strength but they were supplied with some serious prototypes in the last days. The Germans have some new fighters in the area, but there is no airfield in the near, so, the fighters can support the German troops only a few days.  
Sgn. Major Heinz"
Zhukov: Red God of War (1939-1945),0,"Good morning comrade Lieutenant-General. STAVKA has decided it is time for you to break the stalemate at Khalkin Gol. The Japanese have been pouring reinforcements into the area, but, as you know, so have we, and we continue to do so. Therefore you will expel the invaders and push them back to where they came from!",,,Japan,ga4_0.xml,"Good morning comrade Lieutenant-General. STAVKA has decided it is time for you to break the stalemate at Khalkin Gol. The Japanese have been pouring reinforcements into the area, but, as you know, so have we, and we continue to do so. Therefore you will expel the invaders and push them back to where they came from!"
Zhukov: Red God of War (1939-1945),1,"Comrade General, as you are now commander of the Kiev Special Military District, we have a special assignment for you to organize! As you know, the Romanians have consented to give us back the territory taken from us during the civil war, but, in disregard of the agreement, they are also attempting to take with them railroad rolling stock, factory equipment, and other supplies as they evacuate the area! To help halt this blatant violation of the agreement, you must secure the Chisinau vicinity by occupying as many cities as possible and by cutting off their routes of exit over the Prut river. We are still trying to determine exactly where they plan on crossing the Prut river, but as soon as we know, you will know...",,,Romania,ga4_1.xml,"Comrade General, as you are now commander of the Kiev Special Military District, we have a special assignment for you to organize! As you know, the Romanians have consented to give us back the territory taken from us during the civil war, but, in disregard of the agreement, they are also attempting to take with them railroad rolling stock, factory equipment, and other supplies as they evacuate the area! To help halt this blatant violation of the agreement, you must secure the Chisinau vicinity by occupying as many cities as possible and by cutting off their routes of exit over the Prut river. We are still trying to determine exactly where they plan on crossing the Prut river, but as soon as we know, you will know..."
Zhukov: Red God of War (1939-1945),2,"Comrade General, STAVKA applauds your decision in rejecting a  defensive posture in favor of a more active stance. As a result, the German offensive has been brought to a halt here in the Yelnya sector. Stalin now requests that You and General Rokossovsky turn the tables on the Germans by retaking Yelnya and securing the remainder of the area....",,,Germany,ga4_2.xml,"Comrade General, STAVKA applauds your decision in rejecting a  defensive posture in favor of a more active stance. As a result, the German offensive has been brought to a halt here in the Yelnya sector. Stalin now requests that You and General Rokossovsky turn the tables on the Germans by retaking Yelnya and securing the remainder of the area...."
Zhukov: Red God of War (1939-1945),3,"Comrade General, the lead German forces now stand less than 30 kilometers away from the Kremlin! Stalin has finally approved the counter offensive proposed by You and General Vasilevsky. You will commence it immediately!",,,Germany,ga4_3.xml,"Comrade General, the lead German forces now stand less than 30 kilometers away from the Kremlin! Stalin has finally approved the counter offensive proposed by You and General Vasilevsky. You will commence it immediately!"
Zhukov: Red God of War (1939-1945),4,"Comrade Zhukov, the desired effect of compelling the Germans to bring up four additional panzer divisions and one motorized division to deal with your attack, (thus effectively depriving their Stalingrad sector of the reinforcements they needed to deal with the Uranus operation), appears to have been accomplished. Therefore, Stalin has now authorized  your order for  the remnants of the 6th Tank Corps and three Cavalry divisions to break the encirclement...",,VICTORY CONDITIONS:,Cavalry vs Germany,ga4_4.xml,"Comrade Zhukov, the desired effect of compelling the Germans to bring up four additional panzer divisions and one motorized division to deal with your attack, (thus effectively depriving their Stalingrad sector of the reinforcements they needed to deal with the Uranus operation), appears to have been accomplished. Therefore, Stalin has now authorized  your order for  the remnants of the 6th Tank Corps and three Cavalry divisions to break the encirclement...

VICTORY CONDITIONS:

Exit 6 Ground units..."
Zhukov: Red God of War (1939-1945),5,"Comrade Zhukov, I am sure that Stalin has already briefed you on the importance of this operation to our starving people trapped in Leningrad. They are depending for their lives on your leadership of the Leningrad and Volkov fronts!",,,,ga4_5.xml,"Comrade Zhukov, I am sure that Stalin has already briefed you on the importance of this operation to our starving people trapped in Leningrad. They are depending for their lives on your leadership of the Leningrad and Volkov fronts!"
Zhukov: Red God of War (1939-1945),6,"Comrade Zhukov, your prediction made back in April has come to pass! The Germans have launched a massive attack towards Kursk. But as you have also foreseen, the German onslaught has more or less stalled in front of our defensive preparations. As per your orders, General Popov's Bryansk front, and General Sokolovsky's Western front,  have a few days ago initiated their attacks in the direction of Orel. As STAVKA  advisor to General Rokossovsky's Central front, Stalin has given the OK for you to now order the Central front to stage a counter-attack in the general direction of the Orel sector, thus unfolding a powerful three-front offensive on the Orel region...",,,Germany,ga4_6.xml,"Comrade Zhukov, your prediction made back in April has come to pass! The Germans have launched a massive attack towards Kursk. But as you have also foreseen, the German onslaught has more or less stalled in front of our defensive preparations. As per your orders, General Popov's Bryansk front, and General Sokolovsky's Western front,  have a few days ago initiated their attacks in the direction of Orel. As STAVKA  advisor to General Rokossovsky's Central front, Stalin has given the OK for you to now order the Central front to stage a counter-attack in the general direction of the Orel sector, thus unfolding a powerful three-front offensive on the Orel region..."
Zhukov: Red God of War (1939-1945),7,"Comrade Marshal, the joint attack by your 1st Ukrainian Front and Marshal Konev's 2nd Ukrainian Front has been approved by Stalin! The 2nd Ukrainian Front will move against Uman tommorrow, and then with any luck, we will end up encircling  the 1st Panzer Armee in the Kamenets-Podolsk region...",,,,ga4_7.xml,"Comrade Marshal, the joint attack by your 1st Ukrainian Front and Marshal Konev's 2nd Ukrainian Front has been approved by Stalin! The 2nd Ukrainian Front will move against Uman tommorrow, and then with any luck, we will end up encircling  the 1st Panzer Armee in the Kamenets-Podolsk region..."
Zhukov: Red God of War (1939-1945),8,"Good Morning Comrade Marshal. Since you are now Stavka coordinator for both the 1st and 2nd Belorussian fronts, and we know how you like to be close to the front lines with your troops, Stalin has given you the option to decide at which front you would like to be...",,"Note: To choose the 1st Belorussian path, go to Staging Area 1. To choose the 2nd Belorussian path, go to Staging Area 2...",,ga4_8.xml,"Good Morning Comrade Marshal. Since you are now Stavka coordinator for both the 1st and 2nd Belorussian fronts, and we know how you like to be close to the front lines with your troops, Stalin has given you the option to decide at which front you would like to be...

Note: To choose the 1st Belorussian path, go to Staging Area 1. To choose the 2nd Belorussian path, go to Staging Area 2..."
Zhukov: Red God of War (1939-1945),9,"Comrade Marshal, latest intelligence and recon reports show that the Germans have made extensive defensive preparations around Bobruisk, and have declared it a fortified area, nonetheless, we will proceed as planned. As you already know, the goal of this operation is twofold: breakthrough the defensive positions and take Bobruisk, and exploit any gaps that are opened, with the objective of forcing open a southern route towards Minsk...",,,Germany,ga4_9.xml,"Comrade Marshal, latest intelligence and recon reports show that the Germans have made extensive defensive preparations around Bobruisk, and have declared it a fortified area, nonetheless, we will proceed as planned. As you already know, the goal of this operation is twofold: breakthrough the defensive positions and take Bobruisk, and exploit any gaps that are opened, with the objective of forcing open a southern route towards Minsk..."
Zhukov: Red God of War (1939-1945),10,"Comrade Marshal, due to the staggering success of the Belorussian operations thus far, Stalin has decided to implement the plan for the expansion of the offensive to the Northern and Southern flanks. You will now ""suggest"" to Rokossovsky that he deploy the left wing of the 1st Belorussian front to the south of the Pripet  Marshes. From there, see to it that  Brest-Litovsk is taken...",,,,ga4_10.xml,"Comrade Marshal, due to the staggering success of the Belorussian operations thus far, Stalin has decided to implement the plan for the expansion of the offensive to the Northern and Southern flanks. You will now ""suggest"" to Rokossovsky that he deploy the left wing of the 1st Belorussian front to the south of the Pripet  Marshes. From there, see to it that  Brest-Litovsk is taken..."
Zhukov: Red God of War (1939-1945),11,"Comrade Marshal, as you know, two bridgeheads over the Vistula have already been secured in preparation for the drive into Warsaw, and now that You and  Rokossovsky are finished preparing, Stalin has given the go ahead for the last remaining key German bridgehead on the east bank to be taken, thus eliminating a dangerous bulge in the Vistula Front, which Stalin would like to have straightened out before starting any large scale operations. But, just between You and Me comrade, I think Stalin also sees this operation as an opportunity to appear to the world as finally addressing the situation in Warsaw...",,,Germany,ga4_11.xml,"Comrade Marshal, as you know, two bridgeheads over the Vistula have already been secured in preparation for the drive into Warsaw, and now that You and  Rokossovsky are finished preparing, Stalin has given the go ahead for the last remaining key German bridgehead on the east bank to be taken, thus eliminating a dangerous bulge in the Vistula Front, which Stalin would like to have straightened out before starting any large scale operations. But, just between You and Me comrade, I think Stalin also sees this operation as an opportunity to appear to the world as finally addressing the situation in Warsaw..."
Zhukov: Red God of War (1939-1945),12,"STAVKA agrees with you Comrade Marshal; the drive to capture Mogilev will be critical to the overall success of the Bagration operation. The German forces holding the Mogilev sector have a high proportion of very good units which cannot be allowed to reinforce either of the sectors to the north or south. Your's and general Zakarov's primary objectives are: capture Mogilev, thus taking control of the network of roads running from Mogilev to Minsk, and also to pin down the bulk of the German 4th Armee while the parallel offensives are taking place around Vitebsk and Bobruisk...",,,Germany,ga4_12.xml,"STAVKA agrees with you Comrade Marshal; the drive to capture Mogilev will be critical to the overall success of the Bagration operation. The German forces holding the Mogilev sector have a high proportion of very good units which cannot be allowed to reinforce either of the sectors to the north or south. Your's and general Zakarov's primary objectives are: capture Mogilev, thus taking control of the network of roads running from Mogilev to Minsk, and also to pin down the bulk of the German 4th Armee while the parallel offensives are taking place around Vitebsk and Bobruisk..."
Zhukov: Red God of War (1939-1945),13,"Comrade Marshal, now that the trapped German 4th Armee has, for the most part, been reduced in the pocket east of Minsk, STAVKA has issued  new objectives for You and general Zakharov; secure the Novogrudok area, capture the key points of enemy resistance, especially Grodno and Volkovysk, and advance in the direction of Bialystok. To aid you in this task, STAVKA has subordinated the 3rd army from the 1st Belorussian front to be under your command, and has ordered elements of the 3rd Belorussian front to provide support for the duration of this operation...",,,Germany,ga4_13.xml,"Comrade Marshal, now that the trapped German 4th Armee has, for the most part, been reduced in the pocket east of Minsk, STAVKA has issued  new objectives for You and general Zakharov; secure the Novogrudok area, capture the key points of enemy resistance, especially Grodno and Volkovysk, and advance in the direction of Bialystok. To aid you in this task, STAVKA has subordinated the 3rd army from the 1st Belorussian front to be under your command, and has ordered elements of the 3rd Belorussian front to provide support for the duration of this operation..."
Zhukov: Red God of War (1939-1945),14,August 6 1944,,"Comrade Marshal, now that you have successfully taken Grodno and Bialystok, STAVKA has issued new objectives for the 2nd Belorussian front; capture the fortress of Osowiec whilst securing the area and moving in the direction of Lomza, enlarging the bridgeheads in preparation for a further advance into East Prussia...",,ga4_14.xml,"August 6 1944

Comrade Marshal, now that you have successfully taken Grodno and Bialystok, STAVKA has issued new objectives for the 2nd Belorussian front; capture the fortress of Osowiec whilst securing the area and moving in the direction of Lomza, enlarging the bridgeheads in preparation for a further advance into East Prussia..."
Zhukov: Red God of War (1939-1945),15,"Comrade Marshal, seeing as the German counter attack has been blunted here in the Arnswalde sector with the result that the Germans are slowly falling back to their staging areas, Stalin suggests that you take the initiative and drive as far west as you can! This will assist Rossokovsky and the 2nd Belorussian front in clearing the enemy from all of Eastern Pomerania between Danzig and Stettin...",,,Germany,ga4_15.xml,"Comrade Marshal, seeing as the German counter attack has been blunted here in the Arnswalde sector with the result that the Germans are slowly falling back to their staging areas, Stalin suggests that you take the initiative and drive as far west as you can! This will assist Rossokovsky and the 2nd Belorussian front in clearing the enemy from all of Eastern Pomerania between Danzig and Stettin..."
Zhukov: Red God of War (1939-1945),16,"Comrade Marshal, in view of the existing military and political situation, STAVKA has decided that the Berlin operation should be launched no later than April 16th, so here we are! Reviewing the plan once more: The main thrust toward Berlin and the capture of the city are entrusted to You and the 1st Belorussian front. Marshal Konev's 1st Ukrainian front is to strike from the Neisse river against enemy forces south of Berlin and cut off the main force of Army Group Center, thus securing your operations from the south. Konev should then be in a position to strike at Berlin from the south if necessary. Since Rossokovsky's 2nd Belorussian front will not be able to cross the Oder river before April 20th, you will have to advance with an uncovered right flank for the first crucial days of the operation, but, we have faith in your abilities!",,,,ga4_16.xml,"Comrade Marshal, in view of the existing military and political situation, STAVKA has decided that the Berlin operation should be launched no later than April 16th, so here we are! Reviewing the plan once more: The main thrust toward Berlin and the capture of the city are entrusted to You and the 1st Belorussian front. Marshal Konev's 1st Ukrainian front is to strike from the Neisse river against enemy forces south of Berlin and cut off the main force of Army Group Center, thus securing your operations from the south. Konev should then be in a position to strike at Berlin from the south if necessary. Since Rossokovsky's 2nd Belorussian front will not be able to cross the Oder river before April 20th, you will have to advance with an uncovered right flank for the first crucial days of the operation, but, we have faith in your abilities!"
Ejercito Popular (1936-1939),0,Batalla por Madrid,,13 de Noviembre de 1936,Spain,gce1.xml,"Batalla por Madrid

13 de Noviembre de 1936

Bien comandante, le pondre al corriente de la situacion presente; 4 meses despues del golpe de Julio la situacion es caotica, algunos sectores de la Peninsula y la totalidad del protectorado de Marruecos se han unido a la sublevacion. Columnas rebeldes provenientes del Norte y el Sur han alcanzado Madrid. Mientras que las columnas del general Mola se han visto detenidas en las sierras del Norte de la capital, el ejercito de Africa al mando del general Franco ha alcanzado los barrios del Sur y del Oeste de la ciudad y constituye una gravisima amenaza, no deben cruzar el rio Manzanares!. Ademas se teme que elementos quintacolumnistas aparezcan dentro de la ciudad segun se vayan acercando las columnas rebeldes.

El gobierno de la Republica ha dado la orden de la formacion de un ejercito popular del que comienzan a formarse las primeras brigadas mixtas. Ademas, contamos con la valerosa aportacion de los voluntarios extranjeros, que hemos agrupado en algunas ''Brigadas Internacionales''. Su mision consistira en dirigir esas unidades de nueva creacion y algunas milicias para defender Madrid. Si Madrid cae, de por sentado que habremos perdido la guerra.
Recuerde el lema de Madrid; No pasaran!.

Batalla por Madrid

November 13th, 1936

Well commander, please listen to me, I will explain you the present situation. 4 months after the coup de'etat of July the situation is chaotic, some peninsular areas and the whole of Spanish Morocco are supporting the uprising. Rebel columns coming from the North, and from the South have reached Madrid. While the columns from the North under the command of the General Mola have been stopped in the mountains north of Madrid, the African Army under the command of the General Franco is now approaching the South and West neighborhoods of Madrid. They are a dangerous menace, and they must not cross the Manzanares river! Also, probably ''5th column'' elements will appear with the rebel approach to Madrid.

The Republican government has finally given the order to form a People's Army, some Mixed Brigades (Brigadas Mixtas, ''BM'') are now ready, and also other International Brigades (consisting mainly of foreign anti-fascist volunteers) should be ready for the battle!

Your mission is to defend Madrid at any cost, if Madrid falls, the whole Spain will fall! Remember the Madrid people's slogan; No pasaran! (""They shall not pass!"")."
Ejercito Popular (1936-1939),1,Jarama Valley,,16 de Febrero de 1937,,gce2.xml,"Jarama Valley

16 de Febrero de 1937

La marcha rebelde sobre Madrid esta completamente detenida por el momento. En las ultimas semanas los movimientos fascistas delatan que los planes del enemigo han cambiado y ahora en lugar del asalto directo a la capital se han decantado por rodearla, primero atacando nuestro sector Sur-Este en el rio Jarama para despues enlazar con las columnas que estan mas al norte.
Por tanto, evite que el enemigo cruce el rio Jarama a cualquier precio!!!. Tampoco se olvide que el importante punto estrategico del Cerro de los Angeles no debe caer en manos rebeldes

Se han tomado un par decisiones para tratar de poner orden en el caos reinante organizando unas cuantas divisiones provisionales para el Ejercito Popular, ademas esperamos que las recientes llegadas de armamento sovietico nos sean de ayuda para acometer esta tarea.

Buena suerte.

Valle del Jarama

February 16th, 1937

The rebel march on Madrid is completely stopped for the moment. In the past weeks, the movements of the fascist have shown us that the enemy's plans have changed. Now they will try to encircle the capital, cutting our communications with Valencia (new seat of the Republican goverment). The High Command thinks that stopping the rebel plans is possible, and the best sector to do it is the Jarama river area (SE of Madrid). Provisional divisions have been formed for this duty.

Your mission is to stop the rebels here, by counterattacking, and keeping open communications with Madrid.

Buena suerte."
Ejercito Popular (1936-1939),2,Guadalajara,,8 de Marzo de 1937,Italy vs Soviet Union,gce3.xml,"Guadalajara

8 de Marzo de 1937

A primeras horas nuestros asesores sovieticos (Rodimtsev y Goriev) nos han informado de una gran concentracion de tropas en la linea Brihuega-Torija, y que se oyen a lo lejos raras canciones italianas, lo que hace indicar que el nucleo de esas tropas es el CTV italiano que capturo Malaga en fechas pasadas.

Tras el exito en el valle del Jarama nuestro objetivo ahora es asestar un duro golpe al enemigo, que tiene una confianza excesiva en sus propios medios, y hacer dudar a los rebeldes de la valia de la cooperacion que reciben de los italianos. 

Una gran victoria aqui podra poner punto y final a las aspiraciones rebeldes sobre Madrid, al menos por el momento.

Guadalajara

March 8th, 1937

Early this morning, our Soviet advisors (Rodimtsev and Goriev) informed us of a large concentration of troops spotted along the Brihuega-Torija line. Our advanced recon units have heard strange Italian songs. There is no doubt the Italian CTV which captured Malaga the past days is on the way to strike again, here in Guadalajara.

After your success in the Jarama Valley, our aim now, is to accomplish a grand victory over the overconfident Italian troops.

A decisive victory here will be the end of the rebel's menacing threat to Madrid, at least for the moment."
Ejercito Popular (1936-1939),3,Ofensiva de Brunete,,6 de Julio de 1937,Soviet Union,gce4.xml,"Ofensiva de Brunete

6 de Julio de 1937

Tras las primeras pruebas de fuego mas o menos victoriosas para el Ejercito Popular, sumado eso a los ultimos envios de armas que han llegado desde la URSS, se puede decir que estamos en posicion de lanzar nuestra primera gran ofensiva de la guerra.
El plan consiste en un ataque desde el Norte y el Este en el sector de Brunete para embolsar a las fuerzas rebeldes aqui presentes. La mayor parte del V y el XVIII cuerpos atacaran desde el Norte en direccion a Brunete y Villafranca del Castillo, mientras que desde Madrid llegara el II cuerpo por el Este en direccion a Villaviciosa de Odon. Tambien llegara la 14 Division posteriormente como refuerzo, ademas de una buena cantidad de aparatos de las FARE.

Los motivos de esta ofensiva son varios, por un lado el objetivo principal es embolsar al enemigo, pero tambien alejar a los fascistas definitivamente de Madrid y conseguir que estos retiren parte de sus tropas del frente Norte, para asi aliviar la presion ejercida sobre el mismo. Desde algunas instancias tambien se espera que esta ofensiva de lugar al final de la guerra, pero entre nosotros, creo que eso es algo complicado.

Espero que a pesar del aplastante calor reinante, sus acciones alcancen los resultados previstos. 

Ofensiva de Brunete

July 6th, 1937

After your first successful actions with the People's Army, and with our new Soviet equipment, received in the past few days, we are in a good position to launch our first big offensive of the war.

The plan consists of an attack from the North and the East on the Brunete sector, to surround the rebel forces there. The main part of the V and the XVIII Army Corps will attack from the North southwards to Brunete and Villafranca del Castillo, while the II Army Corp arrives from Madrid, taking the Villaviciosa de Odon. Also, the 14th Division will arrive as reinforcements, as well as a good number of FARE aircraft.

The High Command wants to encircle the rebel troops, create a pocket, and then destroy it. This will allow us to push the rebel lines far away from Madrid. A success here would make the rebels withdraw troops from the Austrian Front in the North, which is under horrible pressure.

Some people also believe that a major success for us here would finish the war... but personally I don't think so.

I hope that in spite of the African heat we are suffering this Summer, the People's Army will be able to achieve all the scheduled goals.

Buena Suerte."
Ejercito Popular (1936-1939),4,Ofensiva de Aragon,,24 de Agosto de 1937,Spain,gce5.xml,"Ofensiva de Aragon

24 de Agosto de 1937

Bienvenido al frente de Aragon, general. Los objetivos alcanzados en el sector de Brunete no correspondieron finalmente con nuestras aspiraciones, pero la ofensiva franquista sobre el Frente Norte se ha visto afectada.
Para tratar de nuevo de frenar completamente la tremenda presion que los rebeldes ejercen sobre Asturias y Cantabria, el alto mando ha creado esta nueva operacion sobre Aragon, consistente en un ataque concentrico que caera finalmente sobre Zaragoza. En su camino hacia la capital aragonesa encontrara multitud de guarniciones falangistas bien atrincheradas que trataran de resistir hasta la llegada de refuerzos, asi que actue con rapidez. Contara tambien con la ayuda de un grupo de guerrilleros cuya mision es capturar los puentes de Zaragoza...
Tenemos mas equipo que en Brunete, asi que se esperan amplios resultados de esta operacion.

---Historicamente la operacion fue un fracaso, ya que las divisiones republicanas se vieron detenidas por las guarniciones fuertemente atrincheradas, y posteriormente la ofensiva acabaria conociendose como batalla de Belchite.

Ofensiva de Aragon

August 24th, 1937

Welcome to the Aragon front, general. The operation of Brunete did not achieve everything that we wanted. However, the enemy has withdrawn some troops from the Northern Front. In order to try again to stop the rebel offensive in Asturias and Cantabria, the High Command has planned a new operation, here in Aragon. Its purposes are twofold. First, capture the objectives. Second, draw more troops away from our weakened northern front.

This is again a coordinated attack. The goal is Aragon's capital, Zaragoza. On your way to Zaragoza, you will encounter a lot of strongly-entreched falangist garrisons. These garrisons will try to resist, and delay you, until the arrival of rebel reinforcements, so a fast advance is needed. A guerrilla group has been deployed also to capture the Zaragoza bridges, but will not be able to hold them indefinitely.

--- Historically, this operation was a minor victory for the Republicans, achieved in the battle for the small village Belchite, where the rebel reinforcements attacked the Republican left flank. This battle is known as ''Battle for Belchite'' or Batalla de Belchite in Spanish."
Ejercito Popular (1936-1939),5,Batalla de Teruel,,15 de Diciembre de 1937,,gce6.xml,"Batalla de Teruel

15 de Diciembre de 1937

A pesar de los esfuerzos realizados, las operaciones de los meses pasados no alcanzaron sus objetivos primarios, el frente Norte ha caido, y la ofensiva rebelde sobre el Levante se acerca cada vez mas a Valencia (capital de la Republica provisionalmente). Para ayudarse en su avance hacia el Mediterraneo, el enemigo cuenta con la estrategica posicion de Teruel, que capturo tiempo atras. Esta posicion constituye un enorme peligro para Levante, por lo que no podemos permitir que continue en manos rebeldes.
La ofensiva que lanzaremos consiste en otro ataque envolvente que acabara rapidamente con la guarnicion enemiga, pero de por sentado que recibiremos un duro contraataque seguidamente. Las condiciones climatologicas este invierno estan siendo especialmente duras... los -28 grados que hace ahi fuera seran un problema mas.

Buena suerte.

Batalla de Teruel

December 15th, 1937

Althought we have made valiant efforts to change the tactical and strategic situation, recent operations have not achieved the High Command's goals. The Northern front has fallen, and the rebel offensive over the Levante is approaching the Republic's provisional capital in Valencia. Now, the enemy has an important base to aid his advance on the Mediterranean Sea, Teruel. The enemy base at Teruel is a great danger for the whole Levante area. We cannot allow the enemy to continue holding Teruel, if we are to save the Republic!

The planned offensive consist of a concentrated attack on Teruel, in order to quickly finish the rebel garrison defending Teruel. The rebels are commanded by Colonel Rey D'Harcourt, a clever opponent. The High Command thinks the fascists will send a huge number of reinforcements as soon as our troops appear at Teruel, so drive your troops quickly to the objectives and be careful to secure your flanks... Reinforcements of the V Army Corps will arrive to help you.

Ah, one more thing... as you surely already know it's minus 28 degrees (-18 Fahrenheit) and the snow will be another enemy to face for El Ejercito Popular...

Buena suerte."
Ejercito Popular (1936-1939),6,Ofensiva del Ebro,,25 de Julio de 1938,,gce7.xml,"Ofensiva del Ebro

25 de Julio de 1938

El enemigo ha alcanzado el mar Mediterraneo y las cosas no pueden ir peor, tal vez esta sea nuestra ultima oportunidad de encauzar la situacion, general. Se ha concebido un nuevo plan de batalla, esta ocasion es el mas ambicioso de todo cuanto hemos hecho hasta ahora. Nuestro Ejercito Popular ha tomado sigilosamente posiciones en torno al rio Ebro, cerca de Amposta, en Tarragona, con la mision de cruzarlo y romper asi el frente por una zona por la que el enemigo no se lo espera.
El objetivo primario es cruzar el rio y establecer una fuerte cabeza de puente alcanzando la capital de la comarca; Gandesa. Una posible victoria en esta operacion nos permitiria futuros avances que tal vez pudiesen re-equilibrar la situacion.

Buena suerte.

Ofensiva del Ebro

July 25th, 1938

[Handwritten message received by courier]

The enemy has finally reached the Mediterranean sea, and things can't be worse. Maybe this will be our last chance to reverse the fortunes of war, commandante. A new plan has been designed. This offensive is our biggest gamble in the war up to now. People's Army units have silently taken positions along the river Ebro, nearly to the town of Amposta, in the province of Tarragona. The main mission is to cross the great Ebro river and break through the enemy lines here, in a place where an attack is not expected. Your mission is to cross the river, make a bridgehead to allow more troops to cross, and finally reach and conquer the town of Gandesa.

A victory here would allow us further advances. If we are defeated here ... No, failure is too terrible to contemplate.

Buena suerte."
Ejercito Popular (1936-1939),7,Contraofensiva del Ebro,"German airforce is smashing us. Our offensive is a complete dissaster, and our last chance now is to retreat our troops to the right bank of the Ebro river to avoid even greater losses.Your mission is to make an organized retreat to the east bank of the Ebro river, trying to take as few losses as possible. Plus ultra, Senor General""---Instructions: To win this scenario, your should retreat your troops to the East bank of the river, and then take the two Nationalist flags named as ''EXIT''. GETTING A BV YOU WILL LOSE THE SCENARIO! In order to win you should get at least a V, which is considered as a classical TV, and a TV is considered a BV and brings you extra-prestige.",3 de Septiembre de 1938,Germany vs Italy,gce8.xml,"Contraofensiva del Ebro

3 de Septiembre de 1938

Los fascistas han detenido en seco nuestra ofensiva, nos hemos quedado a las puertas de Gandesa y la aviacion Italoalemana nos hostiga continuamente. La ofensiva ha fracasado rotundamente, nuestra unica opcion ahora es retirar nuestras tropas para evitar mayores bajas.
Su mision es hacer una retirada ordenada hacia la otra orilla del rio Ebro, tratando de tener el menor numero posible de bajas.

Instrucciones: Para ganar el escenario debe retirar sus tropas hacia la orilla derecha del Ebro y despues tomar las dos banderas nacionalistas nombradas en el mapa como ''EXIT''. Atencion, obteniendo una BV PIERDE EL ESCENARIO, obtener una V se considera como una TV y una TV se considera como BV y da prestigio.

Contraofensiva del Ebro

September 3rd, 1938

""The fascists have stopped our offensive, we are at the gates of Gandesa, and the enemy Italian - German airforce is smashing us. Our offensive is a complete dissaster, and our last chance now is to retreat our troops to the right bank of the Ebro river to avoid even greater losses.

Your mission is to make an organized retreat to the east bank of the Ebro river, trying to take as few losses as possible. Plus ultra, Senor General""

---Instructions: To win this scenario, your should retreat your troops to the East bank of the river, and then take the two Nationalist flags named as ''EXIT''. GETTING A BV YOU WILL LOSE THE SCENARIO! In order to win you should get at least a V, which is considered as a classical TV, and a TV is considered a BV and brings you extra-prestige."
Ejercito Popular (1936-1939),8,Batalla del rio Segre,,6 de Noviembre de 1938,,gce9.xml,"Batalla del rio Segre

6 de Noviembre de 1938

El rotundo fracaso en el Ebro ha propiciado a los rebeldes lanzar una gran ofensiva sobre Catalunya. El alto mando tiene intencion de al menos detener esa ofensiva y se ha planeado una operacion en el sector de Lerida, destinada a corregir el frente y recuperar dos importantes centrales electricas al otro lado del rio.

Su mision se localizara al Norte del dispositivo, justo al Sur de Lerida, cruce el rio y alcance la localidad de Fraga, donde segun informes de agentes infiltrados se encuentra la comandancia de las tropas enemigas en este sector.

Mucho nos tememos que a pesar de todo la guerra estara perdida pase lo que pase...

Batalla del rio Segre

November 6th 1938

The disaster in the Ebro operation has allow the rebels to launch a big offensive over Catalunya. The high command wants to (at least) stop that offensive, or delay it basically. The current operation consist of an attack in the Segre river sector, Southwards to Lerida, aimed to stabilize our front and to recapture two important electric plants in the other side of the river.

Your mission is to cross the river, and take the town of Fraga, where intelligence reports the enemy command center is deployed.

However, personally I think the fate of the Republica is sealed, my friend.  If you fail, there is no one to help you.

Buena suerte."
Ejercito Popular (1936-1939),9,Batalla del rio Segre,,6 de Noviembre de 1938,,vgce0.xml,"Batalla del rio Segre

6 de Noviembre de 1938

Todas las cancillerias europeas estan absolutamente sorprendidas por el fulgurante cambio de rumbo que la guerra parece estar dando. Para completar la victoria se ha creado una operacion en el sector catalan al sur de Lerida, donde los rebeldes han tratado de avanzar para tratar de equilibrar la situacion. Su mision es salir al encuentro del avance fascista en el sector del rio Segre, encontrar la formacion de tropas atacantes y neutralizarla.

Agentes infiltrados informan de que el puesto de mando enemigo se encuentra en la localidad de Fraga, que constituye uno de los objetivos de la mision.

Buena suerte!, si logramos la victoria total en esta operacion la puerta hacia la capital de Aragon quedara abierta.

Batalla del rio Segre

November 6th, 1938

All the foreign goverments are absolutely amazed by the striking change of the war! To complete the victory over the rebel troops we have planned an attack along the Segre river, southwards from Lerida, where the rebels are trying to advance to halt our attacks. Your mission is to face the rebel attack on the Segre river.

Intelligence reports that the enemy command point is located in the village of Fraga, and obviously that is one of the main goals of your mission.

Buena suerte!  If we can achieve a complete victory, this operation will open the way to Zaragoza again!"
Ejercito Popular (1936-1939),10,Ataque a Zaragoza,,12 de Febrero de 1939,Fascist forces vs France vs Italy vs Soviet Union,vgce1.xml,"Ataque a Zaragoza

12 de Febrero de 1939

Felicidades por su ascenso general!, tras el rotundo exito en la ofensiva del Ebro el enemigo se ha visto obligado a retirarse de las zonas contiguas al Mediterraneo que habia ocupado, sumado a nuestra victoria, los franceses han levantado el cierre de la frontera y las armas sovieticas que esperabamos han logrado pasar la frontera. Gracias a todo esto, es la hora de explotar nuestro exito!, ademas los aliados de los rebeldes estan perdiendo la paciencia con ellos.
Nuevamente el plan es atacar Zaragoza, aprendiendo de los errores del pasado. Zaragoza es la puerta hacia Burgos, la capital fascista. Una gran victoria aqui podria cambiar el curso de la guerra y desestabilizar toda la retaguardia enemiga, incluso incitando al levantamiento en las zonas del Norte contra los ocupantes rebeldes.

Hemos infiltrado algunos grupos de guerrilleros tras las lineas enemigas, que seguro le seran de utilidad. De paso, estos guerrilleros nos informan que los rebeldes han desplegado aqui el CTV al completo, y es probable que la 13 Division vuelva a presentar batalla... 

Esta es la batalla decisiva!!!.

Ataque a Zaragoza

February 12th, 1939

Congratulations on your promotion general! After the big success in the Ebro Offensive the enemy has retreated many troops from the Mediterranean areas. The French government has opened the border and we have received more Soviet weapons. This is the hour to start the exploiting of the present situation! Again, the plan is to attack Zaragoza, taking into account the past experiences in the Aragon front. Capturing Zaragoza will clear the path to Burgos; the Fascist capital!. A major victory here surely will change all our fortunes, and the Northern areas would rise up against the Fascists also.

Some guerrilla groups are beyond the enemy lines, and you can probably use them to our advantage. This guerrilla units have informed us that the enemy troops here are mainly composed of the complete Italian CTV and the famous rebel 13th Division.  Do not underestimate the enemy, General.

Buena suerte."
Ejercito Popular (1936-1939),11,Ceuta,,5 de Agosto de 1939,Italy vs Spain,vgce4.xml,"Ceuta

5 de Agosto de 1939

La rebelion ha terminado en toda la Peninsula, la debilidad de retaguardia del enemigo ha sido clave para que el Norte se levantara contra los rebeldes, e incluso muchas unidades rebeldes se hayan cambiado de bando. Burgos, la capital enemiga ha caido, y las fuerzas insurgentes en el Sur han embarcado hacia el protectorado de Marruecos.

Para terminar la guerra debemos asaltar el protectorado. El plan consiste en atacar el puerto de Ceuta, y despues avanzar hacia Tetuan, donde se ha establecido el centro de mando de los rebeldes. Unidades navales han salido de la base de Cartagena, ademas el V cuerpo ha llegado a costas proximas a Ceuta desde Cadiz.

Algunos de nuestros valerosos guerrilleros operan ya sobre el terreno, nos han remitido informes que muestran que el enemigo cuenta con fuerzas de las que se retiraron de la Peninsula, y que ha organizado en dos divisiones, compuestas por banderas de la Legion; la division ''Ceuta'' y la division ''Tetuan'', asi como otros elementos de la ya famosa 13 Division. Los rebeldes siguen recibiendo cierta ayuda italiana, lo que complicara las cosas.

Buena suerte.

Ceuta

August 5th, 1939

The uprising against the Republic is completely smashed by our People's Army, the weakness of the rear rebel territories has been a key for our final victory, Northern places like Asturias, Santander or Euzkadi started a revolt against the rebel opressors, also, some rebel units joined the People's Army, and Burgos, the enemy capital has fallen. Many rebel troops have embarked to the Spanish Morocco, where they will try to resist with some Italian help.

To finish the war, we must clear Morocco. The high command has designed a plan, disembarking our troops in the Ceuta area and establishing two beach heads to cut the communications between Ceuta and Tetuan.

Intelligence reports the rebel forces are mainly composed by the elements from the 13th Division, and some Legion Banderas, which have been included into two newly formed divisions; the division Tetuan and the division Ceuta, which will surely be extremely hard. Also, Italian units will make harder the things.

Naval forces from the Cartagena base are also here to destroy the rebel naval power, but be careful, Italian submarines have been spotted.

Buena suerte.  Victoria or muerte!"
North Korea (1950-1953),0,SEOUL (25 June 1950),"but only in the south.  The people of North Korea have the full support from our comrades in the Soviet Union.  They have supplied us with weapons, trucks, artillery, mortars, and their famous T-34 tanks!  Now the time has to come to unite Korea under the communist banner and free the people of South Korea from their capitalistic oppressors!!From the border at the 38th Parellel, we will attack on a broad front.  You will be in charge of the operation directed at taking the capital of the South: Seoul.  Intelligence has made it clear that most South Korean divisions are deployed at or near the border.  A perfect opportunity to destroy them, don't you think?  The Southern army has little equipment, and they are lacking tanks, artillery and aircraft.Comrade General, be careful with your equipment.  We have only limited stocks of tanks and artillery which means it will be very hard for us to replace any that are lost.  We will meet again in Seoul!","Welcome, Comrade General, to this historic briefing.  Korea has been in the hands of foreign powers for far too long.  The Imperialist Japanese have been driven off our peninsula only to make room for capitalistic Americans - but only in the south.  The people of North Korea have the full support from our comrades in the Soviet Union.  They have supplied us with weapons, trucks, artillery, mortars, and their famous T-34 tanks!  Now the time has to come to unite Korea under the communist banner and free the people of South Korea from their capitalistic oppressors!!",Japan vs Soviet Union vs USA,ncampseo.xml,"SEOUL (25 June 1950)

Welcome, Comrade General, to this historic briefing.  Korea has been in the hands of foreign powers for far too long.  The Imperialist Japanese have been driven off our peninsula only to make room for capitalistic Americans - but only in the south.  The people of North Korea have the full support from our comrades in the Soviet Union.  They have supplied us with weapons, trucks, artillery, mortars, and their famous T-34 tanks!  Now the time has to come to unite Korea under the communist banner and free the people of South Korea from their capitalistic oppressors!!

From the border at the 38th Parellel, we will attack on a broad front.  You will be in charge of the operation directed at taking the capital of the South: Seoul.  Intelligence has made it clear that most South Korean divisions are deployed at or near the border.  A perfect opportunity to destroy them, don't you think?  The Southern army has little equipment, and they are lacking tanks, artillery and aircraft.

Comrade General, be careful with your equipment.  We have only limited stocks of tanks and artillery which means it will be very hard for us to replace any that are lost.  We will meet again in Seoul!"
North Korea (1950-1953),1,SUWON (30 June 1950),,"I see that you are eager to pursue the capitalist forces and destroy them, now we have the chance.  And we will!  They have concentrated just outside Seoul on the southern bank of the Han River and have blown the bridges.  We are certain that you will find a way to cross the river and liberate more of our beautiful peninsula!",,ncamposa.xml,"SUWON (30 June 1950)

I see that you are eager to pursue the capitalist forces and destroy them, now we have the chance.  And we will!  They have concentrated just outside Seoul on the southern bank of the Han River and have blown the bridges.  We are certain that you will find a way to cross the river and liberate more of our beautiful peninsula!

The United Nations has passed a resolution in which we would have to stop our activities and retreat back behind the 38th Parallel.  Naturally, the capitalistic nations of the world are behind this.  There is a possibility that America and other nations will provide forces in support of the South.  Make speed so that we can liberate all of Korea before any decisive action can take place.  Once liberated the people in the South will show their gratitude and be happy to be reunited!"
North Korea (1950-1953),2,TAEJON (16 July 1950),,"It looks like the United Nations has made good on their threats.  They have blockaded our ports and we have suffered the first bombardments from American aircraft.  Also we have recently encountered American ground units at Osan.  Reconnaissance has shown that the capitalists have deployed units in the direct line of your advance on Taejon, which might be of divisional strength.  However our People's Army has not been defeated and will not be defeated!",USA,ncamptae.xml,"TAEJON (16 July 1950)

It looks like the United Nations has made good on their threats.  They have blockaded our ports and we have suffered the first bombardments from American aircraft.  Also we have recently encountered American ground units at Osan.  Reconnaissance has shown that the capitalists have deployed units in the direct line of your advance on Taejon, which might be of divisional strength.  However our People's Army has not been defeated and will not be defeated!

Comrade, you will take Taejon and advance next on Pusan.  Our 3rd division will frontally assault the American positions at the Kum River while you flank the Americans. This should force the retreat of the capitalists or it will result in their complete destruction!  We will meet in Taejon this time, Comrade General!"
North Korea (1950-1953),3,PUSAN PERIMETER 1 (5 August 1950),,"Comrade General, the end of our campaign for liberation is in sight.  We have driven away the capitalist forces of the South and United Nations down into a corner on our Korean peninsula.  The enemy is getting reinforced and the Southern army has regained strength.  Our army has been advancing for over a month and is getting exhausted but our hatred against the capitalist oppressors is driving us forward!",,ncamppu1.xml,"PUSAN PERIMETER 1 (5 August 1950)

Comrade General, the end of our campaign for liberation is in sight.  We have driven away the capitalist forces of the South and United Nations down into a corner on our Korean peninsula.  The enemy is getting reinforced and the Southern army has regained strength.  Our army has been advancing for over a month and is getting exhausted but our hatred against the capitalist oppressors is driving us forward!

You have been put in command of the entire operation and will command our best comrades.  We will not give the enemy a chance to concentrate its forces by attacking almost across the entire front.  We will destroy them or drive them into the sea!"
North Korea (1950-1953),4,PUSAN PERIMETER 2 (30 August 1950),,"Are you ready, Comrade General?  Good.  We expected nothing less.  We have increased your People's Army's strength as best we could.  Almost 100,000 eager troops are under your command.  Even some new T-34 tanks have been brought forward.  You will lead them in our liberation of the Pusan Perimeter!",,ncamppu2.xml,"PUSAN PERIMETER 2 (30 August 1950)

Are you ready, Comrade General?  Good.  We expected nothing less.  We have increased your People's Army's strength as best we could.  Almost 100,000 eager troops are under your command.  Even some new T-34 tanks have been brought forward.  You will lead them in our liberation of the Pusan Perimeter!

The plan has not changed.  We will attack along the entire front and break the enemy line.  I will de-brief you in Pusan!"
North Korea (1950-1953),5,WONSAN (10 October 1950),,"Ah there you are, Comrade General.  That was a close encounter at that village near Kansong.  Fortunately we both made it out in time!  Quickly, we have no time to lose!  The enemy has crossed the border at the 38th Parallel and is now advancing into North Korea!  While the fury of our people can be seen in every village, our People's Army is in bad shape after retreating for hundreds of miles.  There are many troops fighting as partisans behind capitalist lines and in fact these few men and their equipment are the largest intact force we know of.  Naturally we are rebuilding our army deep in the mountains of North Korea and even across the border in Chinese owned Manchuria!",China,ncampwon.xml,"WONSAN (10 October 1950)

Ah there you are, Comrade General.  That was a close encounter at that village near Kansong.  Fortunately we both made it out in time!  Quickly, we have no time to lose!  The enemy has crossed the border at the 38th Parallel and is now advancing into North Korea!  While the fury of our people can be seen in every village, our People's Army is in bad shape after retreating for hundreds of miles.  There are many troops fighting as partisans behind capitalist lines and in fact these few men and their equipment are the largest intact force we know of.  Naturally we are rebuilding our army deep in the mountains of North Korea and even across the border in Chinese owned Manchuria!

For now, you have other problems to deal with.  You have just reached the large port of Wonsan, but we cannot hold it for long.  Divisions of the capitalistic Southerners are close to Wonsan and might even try to cut off our route of retreat.  To buy us more time you must prevent this from happening and hold Wonsan as long as possible.  An untrained, fresh regiment of Communist Marines will be put under your command and even some mechanized guns are in the city.  We will meet in Hungnam next time!"
North Korea (1950-1953),6,CHONGJU (27 October 1950),,"Great news, Comrade General.  The warnings given by the Chinese premier Zhou Enlai did not turn the stupid capitalist armies.  Now the people of China will support its Korean comrades in the struggle against capitalism.  Our armies have been allowed to reorganize in Manchuria and for days the Chinese have massed forces just across the Yalu waiting for the right moment to launch a counteroffensive!",China vs USA,ncampcho.xml,"CHONGJU (27 October 1950)

Great news, Comrade General.  The warnings given by the Chinese premier Zhou Enlai did not turn the stupid capitalist armies.  Now the people of China will support its Korean comrades in the struggle against capitalism.  Our armies have been allowed to reorganize in Manchuria and for days the Chinese have massed forces just across the Yalu waiting for the right moment to launch a counteroffensive!

Meanwhile we must resist the capitalist advance as long as possible.  This task will be easier with each passing sunrise as the Americans and their South Korean slaves have serious supply problems.   Your force has retreated to Chongju near the Yalu River which is the border with Chinese Manchuria.  You will defend this city and the vicinity against any attacks and if possible advance to pave the way for our Chinese comrades to assemble for a counteroffensive!   We must not let the enemy reach the Yalu River!"
North Korea (1950-1953),7,HONGCH'ON (26 December 1950),,The communist cause is stronger than ever!  The combined might of the expeditionary Chinese Liberation Army and the rebuilt North Korean People's Army will destroy the imperialistic ambitions on the Korean peninsula!  Our Chinese comrades have pushed the enemy back to just below the 38th Parallel.  Unfortunately our advance is losing steam; even spirited citizens cannot endure this much longer!  The United Nations is regaining its strength but we still own the momentum and we will not give it away until we see the last capitalists leave our Korea!,China,ncamphon.xml,"HONGCH'ON (26 December 1950)

The communist cause is stronger than ever!  The combined might of the expeditionary Chinese Liberation Army and the rebuilt North Korean People's Army will destroy the imperialistic ambitions on the Korean peninsula!  Our Chinese comrades have pushed the enemy back to just below the 38th Parallel.  Unfortunately our advance is losing steam; even spirited citizens cannot endure this much longer!  The United Nations is regaining its strength but we still own the momentum and we will not give it away until we see the last capitalists leave our Korea!

Take a look at this map, Comrade General.   It clearly shows that the Chinese have manned a line from the western coast to the central mountains.  Our People's Army will operate in the mountains and along the eastern coast!  Your Corps is deployed near Kansong but now you have orders to attack the southern positions between the coast to the east and the Hwach'on Reservoir to the west.   We still do not have the firepower needed to continue frontal assaults on the enemy.  You are familiar with our doctrine: ""Penetrate as deep as possible and then turn on the enemy flanks"".   We will meet again at your ultimate goal: Honch'on!"
North Korea (1950-1953),8,WONJU DEEP RAID (7 January 1951),,"Sorry for the interruption, Comrade General.  Orders have been given to continue the offensive.  We have reached the important communication center of Wonju.  The town is expected to be heavily guarded by capitalist forces, most likely to prevent an uprising of the Korean people against the imperialists!  Your Corps will attack due south and slip around Wonju from the east.  Making good use of the hills will allow you to penetrate deep into the enemy line.  Our V Corps will keep the forces west and north of Wonju occupied.  The enemy is gaining strength but we have still have them reeling.  Race forward, Comrade General!  Free Korea!",,ncampwdr.xml,"WONJU DEEP RAID (7 January 1951)

Sorry for the interruption, Comrade General.  Orders have been given to continue the offensive.  We have reached the important communication center of Wonju.  The town is expected to be heavily guarded by capitalist forces, most likely to prevent an uprising of the Korean people against the imperialists!  Your Corps will attack due south and slip around Wonju from the east.  Making good use of the hills will allow you to penetrate deep into the enemy line.  Our V Corps will keep the forces west and north of Wonju occupied.  The enemy is gaining strength but we have still have them reeling.  Race forward, Comrade General!  Free Korea!"
North Korea (1950-1953),9,HOENGSONG (11 February 1951),,"Indeed, Comrade General.  It is clear that the imperialists have never heard of Sun Tzu.  Since we are very vulnerable; we should avoid getting involved in their offensive and retreat some miles to a strong defensive position.   Now we are better prepared to go on the offensive again and continue our push south!",China,ncamphoe.xml,"HOENGSONG (11 February 1951)

Indeed, Comrade General.  It is clear that the imperialists have never heard of Sun Tzu.  Since we are very vulnerable; we should avoid getting involved in their offensive and retreat some miles to a strong defensive position.   Now we are better prepared to go on the offensive again and continue our push south!

This night, in cooperation with our Chinese Allies, we have resumed our offensive south.  It is restricted to the central sector near Hoengsong.  Our Chinese comrades have broken through the South Korean positions with their usual infiltrating tactics into enemy lines. Hoengsong itself is likely to be reinforced by the imperialists with their guns made by enslaved comrades in America.  While the Chinese attack from the west and north, you will attack from the east.  Show the communist strength by liberating Hoengsong and destroy any enemy you may find!"
North Korea (1950-1953),10,MUNSAN-NI (22 March 1951),,"Comrade General, follow me into this room.  Here.  This map is top secret.  You can see the advance that the imperialists have made.  In the central and eastern sectors heavy opposition was encountered from the enemy armies and we slowly gave ground, but always organized!   We do not run off like scared the capitalist dogs!  All has been quiet in the western sector and we have almost totally evacuated the region between the Imjin and Han Rivers.  We don't want the enemy to trap us there.  There is only a Chinese rearguard and some of your units still there.  Just half an hour ago I was ambushed by those capitalist swine when driving to Corps HQ.  It seems the enemy has sent in reinforcements from the air to block our retreat.  Yes, Comrade General, indeed.  We just evacuated the bulk of your forces but now go and quickly get your remaining troops out.  Seoul has just been recaptured and we will be under attack from multiple sides!  Once the road is opened we will drive to HQ in Kaesong!  Now hurry up, Comrade General, there is no time to waste!",China,ncampmun.xml,"MUNSAN-NI (22 March 1951)

Comrade General, follow me into this room.  Here.  This map is top secret.  You can see the advance that the imperialists have made.  In the central and eastern sectors heavy opposition was encountered from the enemy armies and we slowly gave ground, but always organized!   We do not run off like scared the capitalist dogs!  All has been quiet in the western sector and we have almost totally evacuated the region between the Imjin and Han Rivers.  We don't want the enemy to trap us there.  There is only a Chinese rearguard and some of your units still there.  Just half an hour ago I was ambushed by those capitalist swine when driving to Corps HQ.  It seems the enemy has sent in reinforcements from the air to block our retreat.  Yes, Comrade General, indeed.  We just evacuated the bulk of your forces but now go and quickly get your remaining troops out.  Seoul has just been recaptured and we will be under attack from multiple sides!  Once the road is opened we will drive to HQ in Kaesong!  Now hurry up, Comrade General, there is no time to waste!"
North Korea (1950-1953),11,SPRING OFFENSIVE FIRST PHASE (22 April 1951),,"This is the moment we have been waiting for, Comrade General.  The Chinese have prepared a huge force for an offensive aimed at destroying the capitalists!  Two North Korean Corps will attack near the eastern coast, while your Corps will attack along the western coast in the direction of Seoul.  The Chinese will attack in the middle.  The imperialists do have more guns, firepower and aircraft than we have but we have more men.  Most importantly are men are highly motivated.  This will overcome any obstacle!  Now go forward and liberate Korea!",China,ncampspr.xml,"SPRING OFFENSIVE FIRST PHASE (22 April 1951)

This is the moment we have been waiting for, Comrade General.  The Chinese have prepared a huge force for an offensive aimed at destroying the capitalists!  Two North Korean Corps will attack near the eastern coast, while your Corps will attack along the western coast in the direction of Seoul.  The Chinese will attack in the middle.  The imperialists do have more guns, firepower and aircraft than we have but we have more men.  Most importantly are men are highly motivated.  This will overcome any obstacle!  Now go forward and liberate Korea!"
North Korea (1950-1953),12,SPRING OFFENSIVE SECOND PHASE (14 May 1951),,"You must have heard it already at the Chinese headquarters Comrade General but let us go through the situation once more.  The offensive directed at Seoul has been halted in favor of a new offensive in the central and eastern sectors where the terrain is more to our advantage.  In the mountains the Americans cannot use their artillery and aircraft to full advantage.  Your Corps, along with major Chinese units, have been transferred to these sectors.  This offensive must succeed, Comrade General.  Do not let us down!",China vs USA,ncampsp2.xml,"SPRING OFFENSIVE SECOND PHASE (14 May 1951)

You must have heard it already at the Chinese headquarters Comrade General but let us go through the situation once more.  The offensive directed at Seoul has been halted in favor of a new offensive in the central and eastern sectors where the terrain is more to our advantage.  In the mountains the Americans cannot use their artillery and aircraft to full advantage.  Your Corps, along with major Chinese units, have been transferred to these sectors.  This offensive must succeed, Comrade General.  Do not let us down!"
North Korea (1950-1953),13,MAJON-NI (11 November 1950),,"Comrade General, our Chinese comrades are pushing south.  Since September we have left many troops behind during our retreat north.  Partisan groups have been formed to harass enemy communications and other targets in its rear.  However strong leadership can only help.  You will be flown by a small aircraft to a partisan group near the village Majon-ni halfway between Wonsan and our capital P'yongyang.  You will lead operations against the enemy there.  We know little but it appears that a South Korean battalion has been cut off.  American troops are on the way to rescue them.  You know what to do.",China vs Partisans vs USA,ncampgue.xml,"MAJON-NI (11 November 1950)

Comrade General, our Chinese comrades are pushing south.  Since September we have left many troops behind during our retreat north.  Partisan groups have been formed to harass enemy communications and other targets in its rear.  However strong leadership can only help.  You will be flown by a small aircraft to a partisan group near the village Majon-ni halfway between Wonsan and our capital P'yongyang.  You will lead operations against the enemy there.  We know little but it appears that a South Korean battalion has been cut off.  American troops are on the way to rescue them.  You know what to do.

In two weeks the Chinese should have passed your area and you will be put back in command of your refitted troops.  Until then, harass the enemy as much as possible, destroy as much equipement as possible and show them that the communist cause will be victorious even after many bad turns!

Technical note: you will not be able to deploy any core units in this scenario. However from the next scenario onwards you can again."
The November Revolution (1918),0,1918 - Sailors revolt,"Sailors revoltNo one still wants war, but the government does not get it. It sends the German fleet into the final battle against the Royal Navy. Your comrades defend themselves. This means mutiny. The ships turned back. The mutineers, however, were captured ...Your comrades need help. Karl Artelt and Lothar Popp, leader of the revolt and USPD members, stand by your side. Go in and win!! Note: The Steinhäuser Patrol is on the way to knock down the revolt ...Historical:The fleet had been moved from Kiel to Wilhelmshaven to set from there sail to the last battle. Despite utmost secrecy the plans came through to the crews.Thereupon the sailors on three ships of the Third Naval Battle Squadron refused to weigh anchor for the last naval battle of WW1.Part of the crew of SMS Thüringen and SMS Helgoland, two battle ships of the First Naval Battle Squadron, committed outright mutiny and sabotage. However, when a day later some torpedo boats directed their cannons onto these ships, the mutineers gave up and were led away without any resistance.The fleet again entered Kiel. 47 sailors were arrested and detained at the naval base 'Wilhelm Souchon'.Some 250 sailors met in the evening of 1 November in the Union House in Kiel and prevented the fleet from setting sail again. The Revolution started from here with the sailor Karl Artelt and shipyard worker Lothar Popp (both USPD) as ringleaders.The next day, police closed the Union House. Several thousand sailors and workers moved to the ""Großer Exerzierplatz"" (large drill ground). Under the slogan: ""peace and bread"" they demanded the release of the mutineers.On 4 November the governor of the naval base, Wilhelm Souchon, gave way and let the detained sailors free. However, foreign troops marched on to defeat the movement.These were intercepted by the rebels, captured, or joined the uprising.On the evening of 4 November's Kiel was firmly in the hands of about 40,000 rebellious sailors, soldiers and workers.Author = Matze (M. Kessler)","No one still wants war, but the government does not get it. It sends the German fleet into the final battle against the Royal Navy. Your comrades defend themselves. This means mutiny. The ships turned back. The mutineers, however, were captured ...",Germany,n_kiel.xml,"1918 - Sailors revolt

No one still wants war, but the government does not get it. It sends the German fleet into the final battle against the Royal Navy. Your comrades defend themselves. This means mutiny. The ships turned back. The mutineers, however, were captured ...
Your comrades need help. Karl Artelt and Lothar Popp, leader of the revolt and USPD members, stand by your side. Go in and win!! 

Note: The Steinhäuser Patrol is on the way to knock down the revolt ...

Historical:
The fleet had been moved from Kiel to Wilhelmshaven to set from there sail to the last battle. Despite utmost secrecy the plans came through to the crews.
Thereupon the sailors on three ships of the Third Naval Battle Squadron refused to weigh anchor for the last naval battle of WW1.
Part of the crew of SMS Thüringen and SMS Helgoland, two battle ships of the First Naval Battle Squadron, committed outright mutiny and sabotage. However, when a day later some torpedo boats directed their cannons onto these ships, the mutineers gave up and were led away without any resistance.
The fleet again entered Kiel. 47 sailors were arrested and detained at the naval base 'Wilhelm Souchon'.
Some 250 sailors met in the evening of 1 November in the Union House in Kiel and prevented the fleet from setting sail again. 
The Revolution started from here with the sailor Karl Artelt and shipyard worker Lothar Popp (both USPD) as ringleaders.
The next day, police closed the Union House. Several thousand sailors and workers moved to the ""Großer Exerzierplatz"" (large drill ground). Under the slogan: ""peace and bread"" they demanded the release of the mutineers.
On 4 November the governor of the naval base, Wilhelm Souchon, gave way and let the detained sailors free. However, foreign troops marched on to defeat the movement.
These were intercepted by the rebels, captured, or joined the uprising.
On the evening of 4 November's Kiel was firmly in the hands of about 40,000 rebellious sailors, soldiers and workers.

Author = Matze (M. Kessler)"
The November Revolution (1918),1,1918 Willhelmshafen,,"After Kiel, the naval base of Wilhelmshaven is now rebelling. Under the leadership of Bernhard Kuhnt, you are now the one representative for the Council of the 21, whom the revolution now badly needs",,n_willhelmsh.xml,"1918 Willhelmshafen

After Kiel, the naval base of Wilhelmshaven is now rebelling. Under the leadership of Bernhard Kuhnt, you are now the one representative for the Council of the 21, whom the revolution now badly needs
Conquer the north, Aurich, Emden and especially the reservists garrison Oldenburg!!!

Historically: 

In Wilhelmshaven-Rüstringen was founded on 6th November 1918, after a mass demonstration of over 20,000 naval and shipyard workers and other civilians a workers and Soldiers Council, with its executive organ, the so-called Council or the 21.
To Chairman of the Council was appointed Bernhard Kuhnt. The ""21er"" Council 
took over the power of the fortified towns,the North Sea Station,the encircling land of Oldenburg in Ostfriesland and all the surrounding islands, without resistance of the military station commands and declared on 10 November 1918 in front of 100,000 enthusiastic demonstrators in Wilhelmshaven,
the Socialist Republic of Oldenburg and the deposition of the Grand Duke of Oldenburg.
Under the impression of demonstrations and pressure from the large majority of Members of Parliament,Grand Duke Friedrich August of Oldenburg declared his abdication on 11 November 1918.
The Free State of Oldenburg was therefore declared in the territory of the Grand Duchy of Oldenburg.
As a provisional government was formed a Land-governing-body, to what, among others, the Rüstringer Member of Parliament Paul Hug and Kuhnt belonged.
Kuhnt became president of the new Free State of Oldenburg.
-------------------------------------

Autor = Matze (M. Kessler)"
The November Revolution (1918),2,1918 The revolt comes upon Frankfurt,,7 November,,n_frankfurt.xml,"1918 The revolt comes upon Frankfurt

7 November

The revolution is fomented. The coastal towns are in our hands. Now freed Frankfurt on Main and  conquer by this the city of Finance, or can Großherzog Ernst Ludwig of Hessen put down the rebellion?

Historical:
According to the Sailors' revolt in Kiel, the revolution spreads to Frankfurt

There they formed Workers' and Soldiers' Councils and called for the abdication of Grand Duke Ernst Ludwig of Hesse. But he refuses ...

Autor = Matze (M. Kessler)"
The November Revolution (1918),3,1918 End of the Monarchy,,"When the Emperor heard of the revolts in Kiel, he orderd the 4th Jäger Regiment to Berlin. The city burns. The insurgents have the working-class neighborhoods under control.",,n_berlin.xml,"1918 End of the Monarchy

When the Emperor heard of the revolts in Kiel, he orderd the 4th Jäger Regiment to Berlin. The city burns. The insurgents have the working-class neighborhoods under control.

Can Police and Jäger put down the rebellion? Or has the Kaiser to quit and leave Berlin?

there is little support announced for both sides ..

Historical :
In reality, everything went bloodless. After the revolt in Kiel, Wilhelmshaven and other towns the USPD planned in Berlin mass demonstrations and a general strike for the 9th November 1918 . This was heard by the competing SPD under leadership of its chairman, Friedrich Ebert.

In order to remain master of the situation, 

To anticipate the USPD, Ebert forced Chancellor Max von Baden to announce the abdication of Wilhelm II. 
The Kaiser was this time at Spa, where the allied armistice terms had been previously negotiated. He then fled to his Dutch exile where he signed the abdication on 28.11.1919.

Autor = Matze (M. Kessler)"
Viet Cong (1964-1975),0,Raid at Binh Gia,,"December, 1964",Vietnam,nvc00.xml,"Raid at Binh Gia

December, 1964

[Your speech to your men] 

Ah brave fighters of the Viet-Cong!  Today will be our first action against our brothers, but do not see them as equals for they are traitors. Yes! Traitors!  They have prostituted their souls to US imperialism!  Now, it's our time to strike and give them a true taste of  Vietnamese fighters. Comrades, under the cover of the night we will take the enemy by surprise."
Viet Cong (1964-1975),1,Escape from Vung Tau,,"December, 1964",,nvc01.xml,"Escape from Vung Tau

December, 1964

Well, comrade commander, you have done very well. Nevertheless, at the first light of day our agents in Saigon have reported that the puny so-called ''ARVN'' will sent a large number of troops to clear the Vung-Tau area of our men.

The central office of the Viet-Cong thinks you must undertake an organized withdrawal to safer positions at the jungle. Your men must not be killed or taken prisoner since they must fight another day against the dirty imperialists. It will be at a more adventageous location of our choice. However, I know the central office would also be happy if you are able to show some resistance to the enemy.  This can be accomplished by holding one objective until the end of this mission. One final thing comrade. Our agents have also reported a heli crash near your positions. At least one company of marines have died in the accident, but we are sure that reinforcements will fly over there to recover the corpses.

So, the choice is save all your fighters or hold a position until the end, the decision is yours.

Victory Conditions:

- Hold one victory hex until the end will be considered as a Brilliant Victory.
- Or retreat at least 5 units to fight another day (the red boardered hex is the retreat point)."
Viet Cong (1964-1975),2,Attack on the Plei Me Camp,,"October, 1965",USA,nvc02.xml,"Attack on the Plei Me Camp

October, 1965

Chao buoi sang comrade. As you know, in the central highlands near to the town of Pleiku, a couple of years ago the Americans constructed a so-called advanced combat base. Your task is to attack and take the camp. To undertake this mission your command will be split into two groups. The northern group must cut the national road and take one of the villages close to the road.  The southern must attack the camp, which it's currently garrisoned by irregular and Montagnard pro-Saigon militia troops.  Obviously it should not be too hard to take. Of course, some kind of retaliation from the Americans dogs is expected, so be careful.

Victory Conditions:

- Hold 2 victory objectives until the end to achieve a Brilliant Victory.
- Hold 1 victory objective until the end to achieve a Tactical Victory."
Viet Cong (1964-1975),3,Ia Drang Valley,,"November, 1965",USA,nvc03.xml,"Ia Drang Valley

November, 1965

Following your recent successes, Headquarters in Hanoi wants to continue the struggle.  You will attack the advanced outposts of the Americans close to the limits of Cambodia. As you know comrade, the puppet capitalist government of Phnom Phem can't prevent us from using their soil to support our operations and that's what we are going to continue to do.

In the jungle our advanced agents have spotted a number of good landing zones made by heli-transported American troops as well as an artillery position to the SE. They probably are trying pay us back for the blow of the Plei Me attack or just cutting our routes to Cambodia. Nevertheless, your mission will be to give the Americans another decisive defeat. Maybe they will learn the price for staying in Vietnam. Reinforcements from our nearby Viet-Cong comrades will arrive though our jungle supplies routes with ammo and men to support your command.  

You must clear the enemy landing zones, at any cost.

Don't forget to watch your back."
Viet Cong (1964-1975),4,Military Region IV Crisis,,"January, 1966",USA,nvc04.xml,"Military Region IV Crisis

January, 1966

The vacations are over, commander. Our spies in Saigon have sent us information about an imminent enemy offensive of considerable size. It will be against our positions near Cu-Chi. Deploy your units quickly and take defensive positions to allow a retreat towards safer positions to the west in War Zone C.  It won't be easy, since we need to save the local VC units. American air strikes have destroyed the connections between our tunnels and War Zone C.  Saving the VC units will allow our troops to return to this area in the future. So, don't lose any VC Local units or the operation will be a failure. We need these comrades to maintain the support of south and its knowledge of the area.

Victory Conditions:

- Retreat 8 units to ''War Zone C''.

- Retreat the local Viet Cong units and avoid them be destroyed."
Viet Cong (1964-1975),5,Asian Clash,,"July, 1967",,nvc05.xml,"Asian Clash

July, 1967

As you know, commander, our positions near Tuy Hoa are right next to the South Korean troops who are supporting the western invaders. Some of our men, are shortage that exists an operation denominated by the Koreans like ''Hong Kil Dong'', that consists of eliminating our defences in the zone.  We must defend the entire area at all costs, thus avoiding the enemy driving us out of here. However, if you need to retreat some units from the battlefield, there are some underground tunnels ready for your men to avoid annihilation... if needed.

Your current situation near the Ho Chi Minh trail will allow you to request units from the PAVN when you have enough prestige to do it. 

Victory Conditions:

- Hold 4 victory objectives until the end to achieve a Brilliant Victory.
- Hold 3 victory objective until the end to achieve a Victory.
- Hold 2 victory objective until the end to achieve a Tactical Victory.

""Some of our spies have reported that exists an operation denominated by the Koreans ''Hong Kil Dong'', that consists of eliminating our defenses in the zone. """
Viet Cong (1964-1975),6,Strike on Kontum,,"November, 1967",,nvc05b.xml,"Strike on Kontum

November, 1967

Comrade commander, we again need your men. As you know, our mid year operations in the province of Kontum have gone well, nevertheless there are still several enemy forward bases that we must destroy. Those bases are too close to our supply routes for Ho the Chi Minh trail and our area 609.  For this reason they must be destroyed. In addition in the province of Kontum an enemy offensive is anticipated and our enemies do not have to count on those outposts.

Victory Conditions:

- Hold 5 victory objectives until the end to achieve a Brilliant Victory.
- Hold 4 victory objective until the end to achieve a Victory.
- Hold 3 victory objective until the end to achieve a Tactical Victory."
Viet Cong (1964-1975),7,Attack on Khe Sanh,,"January, 1968",,nvc06.xml,"Attack on Khe Sanh

January, 1968

Good morning comrade commander. As you know, our campaign of attacking enemy forward bases continues.  Khe Sanh is the provincial capital and the key towards controlling our national Route 9. Your mission is to coordinate the attack against the Yankee base at Khe Sanh. That base is a constant threat against our supply routes through Laos.

After crossing the Ho Chi Minh trail you must deploy your troops to the north of Khe Sanh.  Clear the hills of any enemy troops and then undertake the attack on the enemy base. Reinforcements from the west and the east will arrive to help in the struggle against the enemy positions."
Viet Cong (1964-1975),8,Tet Offensive - Hue and Da Nang,"Hue and Da NangFebruary, 1968Hanoi thinks we can take advantage of the two-day ceasefire announced for the Tet by striking now while the enemy is celebrating the holiday.  They should be in no position to quickly respond.Your command will be split into two groups. One will take Hue, where the enemy 2nd ARVN Division's HQ and the MACV compound are located.  The other one must attack Da Nang wherea yankee marine infantry base is located. Some chinese-made rocket launcher batteries will be put under your command. Select your best troops for the offensive and take advantage of the surprise.I suggest you to be quick, take up good positions before the enemy can react and then counterattack if you can.- Capture and hold 5 victory objectives until the end to achieve a Brilliant Victory.- Capture and hold 4 victory objectives until the end to achieve a Victory.- Capture and hold 2 victory objectives until the end to achieve a Tactical Victory.","February, 1968",,nvc07.xml,"Tet Offensive - Hue and Da Nang

February, 1968

Hanoi thinks we can take advantage of the two-day ceasefire announced for the Tet by striking now while the enemy is celebrating the holiday.  They should be in no position to quickly respond.

Your command will be split into two groups. One will take Hue, where the enemy 2nd ARVN Division's HQ and the MACV compound are located.  The other one must attack Da Nang wherea yankee marine infantry base is located. Some chinese-made rocket launcher batteries will be put under your command. Select your best troops for the offensive and take advantage of the surprise.

I suggest you to be quick, take up good positions before the enemy can react and then counterattack if you can.

- Capture and hold 5 victory objectives until the end to achieve a Brilliant Victory.
- Capture and hold 4 victory objectives until the end to achieve a Victory.
- Capture and hold 2 victory objectives until the end to achieve a Tactical Victory."
Viet Cong (1964-1975),9,Laos Counteroffensive,,"February, 1971",Vietnam,nvc08.xml,"Laos Counteroffensive

February, 1971

Welcome back to the front commander. Once again we need you to re-start the offensive against the enemy. The southern capitalist forces have invaded Laos.  They are trying to cut our supply lines in that country's jungle. By the way Hanoi wants to expunge the south Vietnamese troops from there to preserve our supply lines in Laos.  They also want to show our Laotian allies we can defeat their invaders. Your task is to free the entire Ye Pon river valley from the enemy.

Remember, for the past year we have been receiving a large surplus of weapons from our comrade allies from China and the USSR. You may now re-equip your units with new equipment."
Viet Cong (1964-1975),10,Battle of Kontum,,"May, 1972",,nvc09.xml,"Battle of Kontum

May, 1972

Continuing with our campaign of harassment on our southern capitalist enemies, the next step now is to strike the South Vietnam on their home soil! Since our ... successful ... Tet Offensive the foreign allies of the Saigon government have progressively disappeared from the battlefield. Just a couple of advisors are still present in Vietnam. The main danger from the foreign capitalist powers now comes from the air. Well, but let me explain to you what your next task is going to be. 

You are perfect for this operation since you already know the area around Kontum province. This operation is to attack and capture the provincial capital city of Kontum. The problem involves the enemy ''fire bases''.  They are fortified positions between the Laotian frontier and the outskirts of Kontum city. Take all of these fire bases and then attack Kontum. You will receive support from Regional Viet Cong units. Also, the B3 Front has deployed some AA emplacements near the fire bases, as an ''AA umbrella'' to protect your attack on the enemy fortified positions and yes we expect heavy enemy air attacks.

Chuc may man comrade."
Viet Cong (1964-1975),11,Liberation of Saigon,,"April, 1975",USA,nvc10.xml,"Liberation of Saigon

April, 1975

Commander welcome again to the front. The war with the western imperialists and their South Vietnam puppets is about to end. As you know, our latest offensives against the so-called ARVN have all ended with an overwhelming victory. The northern part of South Vietnam has been cleared of enemies by the People's Army of Vietnam. Hue and Da Nang along other key cities have been also liberated and now it's time for the heart of South Vietnam: Saigon! We need to end this war as soon as possibe since the enemies ''stratofortresses'' are smashing Hanoi killing many woman and children.

As a reward for your past victories Hanoi wants to give you the opportunity to become the liberator of Saigon. The goal of central command is to make a fast advance on Saigon and continue to surprise the world with our lightning victorys over the enemy.  Maybe we can even trap the Americans on the roof of their embassy.

For Hanoi a Tactical Victory will be unacceptable. To help you in your advance some additional divisions have infiltrated into the South."
The Polish-Soviet War: The Red Advance (1919-1920),0,Approach to Wilno,,"April 15th, 1919",Germany vs Poland vs Soviet Union,polsov_01.xml,"Approach to Wilno

April 15th, 1919

Good morning, Colonel. After the Great War, Poland became an independent republic again. But rebuilding of the state was halted by the Soviet attack last winter. Instead of the roads and towns that needed to be built, the army had to be sent in to stop the Bolsheviks. A few weeks ago the Russians crushed Polish positions near Wilno and took the city. Then they occupied other Polish territories. Now it's time to stop the bolsheviks and take Wilno back. 

Victory conditions: Take all VHs.

Intelligence report: We know there are a few weak Red Army units in the vicinity. Some of these units consist of Poles so you either can expect a tough resistance or maybe even desertions. They are our compatriots after all.  Don't expect further reinforcements! And if you delay your attack too much, you may have to fight off more bolsheviks! 
Our western flank is secured by neutral, and the not especially friendly states of Germany and Lithuania. Do not tresspass their borders! 

Good Luck!

Special thanks to Blitzstoper for the concept and for redesigning this scenario."
The Polish-Soviet War: The Red Advance (1919-1920),1,Assault on Wilno,"take all VHs.Intelligence report: There are more enemy regiments in the area. There is not only the Western Division, allegedly Polish, but also a division from Pskow. Wilno is heavilly garrisoned and remnants of the previously beaten enemy can also be found outside of the town. There is the possibility that the Polish citizens of Wilno will stand against the Communists. Do not expect further reinforcements.Good Luck!","April 18th, 1919",Poland vs Soviet Union,polsov_02.xml,"Assault on Wilno

April 18th, 1919

Good morning, Colonel. 
We have just secured the position for the assault. Easter arrives soon so try to liberate the city before the coming holidays. I think the citizens will help you and I hope there will not be  too many casualties. Our young army proved its worth and so did the Red Army. Take Wilno back. 

Victory conditions: Liberate Wilno and secure the roads heading north and east from the town - take all VHs.

Intelligence report: There are more enemy regiments in the area. There is not only the Western Division, allegedly Polish, but also a division from Pskow. Wilno is heavilly garrisoned and remnants of the previously beaten enemy can also be found outside of the town. There is the possibility that the Polish citizens of Wilno will stand against the Communists. Do not expect further reinforcements.

Good Luck!"
The Polish-Soviet War: The Red Advance (1919-1920),2,Liberating Bialorus,,"August 4th, 1919",Poland vs Russia vs Soviet Union,polsov_03.xml,"Liberating Bialorus

August 4th, 1919

Good Morning General!
 As you know, after taking Wilno, Polish authorities issued a Proclamation to the inhabitants of the former Grand Duchy of Lithuania. Poles hoped that liberating Wilno from the hands of the Russians would give them a chance to recreate the historical state.

The next step is to liberate Bialorus and create there another independent state that would serve as an ally separating Poland from Russia.

Our next target will be the city of Minsk Litewski which is the capital of Bialorus. You will lead forces striking south and cutting off the Red Army units. These units should be destroyed by our forces from Wielkopolska and our Bialorussian allies from 1st Dywizja Litewsko-Bialoruska.

Victory conditions: Liberate Minsk, cut off the roads of retreat, and take all VHs.

Intelligence report: The roads here have been devastated by the battles of the Great War and Soviet occupation. You can expect fortifications here so prepare your forces for difficult warfare. Don't expect further reinforcements. White Armies started to attack in the south so the Red Army should not be reinforced in our area. 

Good Luck!

Note: You can buy Central Lithuanian units in this scenario."
The Polish-Soviet War: The Red Advance (1919-1920),3,Battle of Dyneburg,take all VHs.Intelligence report: The weather is terrible: temperatures of -25 ºC (-13 ºF) and thick snow makes any air-support nearly impossible. The Soviet 15th Army is rather weak but hidden in strong fortifications. Be prepared because they use a lot of mines! If you move your infantry cautiously onto the minefield they will be able to possibly remove the mines!Good luck!Note: You can buy Latian units in this scenario.,"January 3rd, 1920",Poland vs Russia vs Soviet Union,polsov_04.xml,"Battle of Dyneburg

January 3rd, 1920

Good Morning General! The liberation of Bialorus was the last Polish operation against the Reds in 1919. The second half of the year was all quiet. Meanwhile, the new Soviet Russians of Lenin fought against the White Russians of Denikin. But General Denikin not only refused to recognize the Polish state, but he also asked France (former Russian ally and current Polish ally) to stop supporting the Poles as well! Because of this, Polish authorities decided not to support Denikins forces and stopped all aggressive operations against the Red Army. This allowed the Bolsheviks to concentrate all available forces against the Whites and they were able to repel them.

By the end of 1919, General Smigly-Rydz decided to conduct a limited operation in the most distant northeastern front against the Red Army which occupied Dyneburg, the town that the Latvians called Daugavpils. Their goals were to link with the Latvians, secure their young independence, and to break the communication between the Bolsheviks and the Lithunian government in Kowno.  

Victory conditions: Together with our Latvian allies liberate Dyneburg - take all VHs.

Intelligence report: The weather is terrible: temperatures of -25 ºC (-13 ºF) and thick snow makes any air-support nearly impossible. The Soviet 15th Army is rather weak but hidden in strong fortifications. Be prepared because they use a lot of mines! If you move your infantry cautiously onto the minefield they will be able to possibly remove the mines!

Good luck!

Note: You can buy Latian units in this scenario."
The Polish-Soviet War: The Red Advance (1919-1920),4,Operation Kijów,,"April 25th, 1920",Soviet Union,polsov_05.xml,"Operation Kijów

April 25th, 1920

Well, it's time to assault Kijów and hopefully inflict a decisive blow against the Red Russians. You must break the enemy line near Zytomierz and advance as fast as you can towards the east. If we can occupy Kijów within a week, the Reds might be too shocked to recover. And the Ukainians would be likely to join the forces of the Ukrainian People's Republic commanded by our ally Symon Petliura.
 
Victory conditions: Take all VHs.

Intelligence report: In the north and south, your forces will be flanked by our cavalry units. Our 4th and 13th infantry divisions are also on their way to reinforce your flanks but it will still take some time for them to join the battle.

Be vigilant for the Russian air force! While not particularly strong, they could weaken your units if you don't support them properly.

Good luck!

Recommended core: You should have a fighter unit. It can be useful in future scenarios, after it gets some experience.

Note: You can buy Ukrainian units in this scenario."
The Polish-Soviet War: The Red Advance (1919-1920),5,Race to Kijów,,"May 5th, 1920",Russia vs Soviet Union,polsov_06.xml,"Race to Kijów

May 5th, 1920

The good news is that Symon Petliura will be able to establish a Ukrainian government in Kijów. The bad news is that our ambush didn't work and the Red Army is fleeing. It seems that they decided not to defend Kijów and instead retreated to the eastern bank of the Dniepr river.   

If we can occupy Kijów fast enough, we can prevent the Russians from stealing many Ukrainian goods, food and documents. The Ukrainian Army will attack south of you. If you secure the bridgeheads before they arrive, we will have a better hand in further political talks. 
But don't expect any cooperation. In the summer of 1919, they invited Denikin's troops to the town and the White Russians betrayed their trust and made a bloodbath there. Now they don't trust foreigners at all.

Victory conditions: Take the VH at (22,12). Be quicker than the Ukrainians. You must achieve your objectives before them.

Intelligence report: The Bolsheviks are fleeing. A few units will try to slow you down. You can also expect some blockroads but HQ is sure that there will be no counterattacks. The 6th Ukrainian Division will attack south of you but don't expect any cooperation from them.

Good luck!

Recommended core: Use only cavalry or motorised units.

Note: You can only deploy 4 units in this scenario.

Special thanks to Blitzstoper for the concept and for redesigning this scenario."
The Polish-Soviet War: The Red Advance (1919-1920),6,Surviving the red tide,,"June 4th, 1920",Soviet Union,polsov_07.xml,"Surviving the red tide

June 4th, 1920

The Russian counterattack is a nightmare that has come true. They are trying to surround and crush our 3rd Army and we won't be able to resist their pressure until reinforcements arrive. We'll have to evacuate Kijów but we need some time to organize our troops and retreat in an orderly fashion towards our rear defence lines. You must resist the enemy attacks for as long as you can so that the rest of our troops have the time they need to retreat safely. 

Victory conditions: After 18 turns you must hold 7 VHs for a BV, 5 VHs for a V, or 3 VHs for a TV.

Intelligence report: Most of the Soviet units are believed to be gathering near the Rastavitsa River and the forests by the eastern shore of the Teterev. You should build solid lines of defence as fast as possible using the terrain features wisely. Your engineer troops can be very useful in delaying the Russian advance.

Good luck!

Note: You can buy Ukrainian units in this scenario."
The Polish-Soviet War: The Red Advance (1919-1920),7,Battle of Warszawa: Poland's last chance,,"August 13th, 1920",Poland vs Soviet Union,polsov_08.xml,"Battle of Warszawa: Poland's last chance

August 13th, 1920

The Soviet offensive has been too strong. Again and again we have been forced to retreat and now the Russian Red Army is ready for its final assault on Warszawa. As the Russian troops cross the Wkra River and advance towards Modlin Fortress, our defeat seems inminent. In a few days Poland could cease to exist as an independent state.

The Russians want to break our defences north of Warszawa so they would be able to strike from behind the city. Our last hope is the counterattack that commander Józef Pilsudski is preparing from the south. But in the meantime you and your troops, as well all the rest of the Polish 5th Army under General Wladyslaw Sikorski, will have to defend the northern area near the Modlin Fortress from an enemy that has superior numbers. 

Victory conditions: Take all VHs.

Intelligence report: On turn 3 you will receive reinforcements coming from the west.

Good luck!"
The Polish-Soviet War: The Red Advance (1919-1920),8,"Komarów, the last cavalry battle",,"August 31st, 1920",Cavalry vs Soviet Union,polsov_09.xml,"Komarów, the last cavalry battle

August 31st, 1920

Our pursuit of the retreating Bolshevik army has been quite successful so far. Now we have an opportunity to encircle and destroy the Russian's 1st cavalry Army, one of the best units in the Red Army.

The Cavalry Army, led by Semyon Budionny, is now near the town of Zamosc. But since it's heavily defended by our infantry units, he has decided to move to Komarów, some 12 miles to the east. If we attack there with our cavalry units, we could trap the Soviets between Zamosc and Niewirków. We count on you for this mission, General.

Victory conditions: Take all VHs.

Intelligence report: On turn 7 you will receive reinforcements coming from the west. But beware of Russian reinforcements.

Good luck!

Recommended core: For the sake of historical accuracy, you should only deploy cavalry and mounted artillery units in this scenario."
The Polish-Soviet War: The Red Advance (1919-1920),9,Riding across the Niemen River,,"September 20th, 1920",Soviet Union,polsov_10.xml,"Riding across the Niemen River

September 20th, 1920

After nearly a month of withdrawal, the Red Army is trying to build a solid defensive line by the river Niemen, near the town of Grodno. We must break that line quickly so that we can continue our offensive before the Russian defenses are completed. Besides, the League of Nations is increasing the pressure to force a cease fire so we have only a few weeks to continue our offensive before they impose an armistice on us.

Regarding this, the High Command has made a very delicate decision. While the bulk of our army attacks Grodno and Wolkowysk, some of your best troops will advance through Sejny and Druskieniki in order to take Lida as soon as possible and thus cutting the Russian lines of retreat. You will have to cross lands that have been occupied by Lithuania, which at least in theory is a neutral country. We know that will cause a diplomatic scandal, but we are determined to take the risk since that action will allow us to advance more rapidly. Apart from that Lithuania is, in fact, a reluctant Russian ally and it claims territories that we consider to be part of Poland. 

Victory conditions: Take all VHs.

Good luck!

Note: You can buy Central Lithuanian units in this scenario."
The Polish-Soviet War: The Red Advance (1919-1920),10,Back to Minsk,,"October 9th, 1920",Russia vs Soviet Union,polsov_11.xml,"Back to Minsk

October 9th, 1920

As a consequence of the peace talks that are taking place in Riga, it seems that a ceasefire is imminent. In a few days Poland and Soviet Russia will sign an armistice and the military operations will end. 

I know that your troops are exhausted, but you must make the most of the time that we have left. Continue your march to the east, towards the city of Minsk. Your objective isn't the city itself, but the roads, the railway lines, and the strategic towns surrounding Minsk. That will help us to get more concessions from the Reds at the negotiation table.

Victory conditions: Take all VHs.

Intelligence report: After their defeat at the Niemen River, the Russians have few units left. Most of them are regrouping in the main towns, where they hope to offer a fierce resistance until the ceasefire comes.
Gen. Bulak-Balachowicz's unit of White Russians sided with Poland some months ago. They are resupplying near your HQ so you could use some of their troops if you need their help.

Good luck!

Note: You can buy White Russian units in this scenario."
Soviet Black Sea Fleet (1941-1944),0,00. FALCIU 1 (22 June 1941),,"Dear Comrade. Today fascist forces from Germany have attacked our borders, from the Baltic to the Ukraine. To make things worse, Rumania has declared war upon us. The situation looks grim but we are prepared. Our Red Army is the biggest army in the world and we have more tanks and aircraft than any other country. Victory will be ours.",Germany vs Soviet Union,rcampfa1.xml,"00. FALCIU 1 (22 June 1941)

Dear Comrade. Today fascist forces from Germany have attacked our borders, from the Baltic to the Ukraine. To make things worse, Rumania has declared war upon us. The situation looks grim but we are prepared. Our Red Army is the biggest army in the world and we have more tanks and aircraft than any other country. Victory will be ours.

Your unit is part of the 150th Rifle Division located in Bessarabia, former part of Rumania. It is likely that the Rumanians will start an offensive here soon. To prevent this and conquer suitable defensive positions to start our own offensive from, you must cross the Prut River at Falciu, capture the bridge and form a bridgehead. Reinforcements will be brought in whenever possible. Beware of the Rumanians who will fight feriously because it is their own soil they will be fighting on. You must succeed. Good luck, Comrade!

NOTE: You do not start with core units. You have to buy them."
Soviet Black Sea Fleet (1941-1944),1,01. FALCIU 2 (7 July 1941),,"The war is not going as we had hoped for. North of the Pripjat Marshes the front has collapsed. However south of it, we have our front intact but are slowly being pushed back.",,rcampfa2.xml,"01. FALCIU 2 (7 July 1941)

The war is not going as we had hoped for. North of the Pripjat Marshes the front has collapsed. However south of it, we have our front intact but are slowly being pushed back. 

For weeks the Rumanians have preparing their offensive. They will first elimenate our bridgehead over the Prut River at Falciu. Comrade, you have orders not to step back and hold your lines at all costs! If possible we will arrange reinforcements. However the burden of the Rumanian counterattack will fall upon your troops. Good luck, Comrade!"
Soviet Black Sea Fleet (1941-1944),2,02. KISHENEV (14 July 1941),,"Comrade! The Germans have broken through our lines and are advancing with high speed. However, to their south, the Rumanians have still not managed a breakthrough thanks to your men. However if you do not retreat immediately you will be cut off and this would be a disaster!",Germany,rcampki1.xml,"02. KISHENEV (14 July 1941)

Comrade! The Germans have broken through our lines and are advancing with high speed. However, to their south, the Rumanians have still not managed a breakthrough thanks to your men. However if you do not retreat immediately you will be cut off and this would be a disaster! 

You have orders to pull back to Odessa at once. First make it to Kishenev which contains the only road leading out of Bessarabia still in our hands. Be quick because the Rumanian and German fascists are on our heals! Good luck, comrade!"
Soviet Black Sea Fleet (1941-1944),3,03. ODESSA 1941 (13 August 1941),,"Comrade, the situation is getting worse and worse. The Fascists are near Leningrad  and Smolensk in the north and Kiev in the south. Here, near the Black Sea coast, the Rumanian fascists with help of their German allies have advanced to the port of  Odessa which is an important base for our Black Sea Fleet. However we are encircled and cut off from land supplylines because the Germans are driving further and leaving the Rumanians to behind to capture Odessa. We will hold it as long as possible. Any supplies and reinforcements will be brought be sea from the Crimea.",Fascist forces vs Germany,rcampode.xml,"03. ODESSA 1941 (13 August 1941)

Comrade, the situation is getting worse and worse. The Fascists are near Leningrad  and Smolensk in the north and Kiev in the south. Here, near the Black Sea coast, the Rumanian fascists with help of their German allies have advanced to the port of  Odessa which is an important base for our Black Sea Fleet. However we are encircled and cut off from land supplylines because the Germans are driving further and leaving the Rumanians to behind to capture Odessa. We will hold it as long as possible. Any supplies and reinforcements will be brought be sea from the Crimea. 

NOTE: You can only lose this scenario. Goal is to play the full 20 turns and keeping your core alive. Then the scenario will end and you will continue to the next scenario!

HINT: There is nothing to win, so do not hesitate to retreat to better defensive positions. Be sure to cover your forces with artillery and keep the artillery resupplied. They are vital for the survival of your units."
Soviet Black Sea Fleet (1941-1944),4,04. PEREKOP (25 September 19411),,"Comrade, although Odessa is still in our hands, the enemy rushes further east. At Kiev we have suffered enormous defeats with the losses of hundreds of thousands of soldiers. But we will continue to resist the invaders nonetheless!",Germany,rcampper.xml,"04. PEREKOP (25 September 19411)

Comrade, although Odessa is still in our hands, the enemy rushes further east. At Kiev we have suffered enormous defeats with the losses of hundreds of thousands of soldiers. But we will continue to resist the invaders nonetheless!

The German fascists now turned their eyes on the Crimean peninsula with the mighty fortress of Sevastopol on it. The Crimea is only connected to the mainland, the Ukraine, with the Perekop peninsula. 24 Hours ago the enemy has surprisingly attacked and almost gained full control of the Perekop peninsula. We must retake Perekop before the fascists are able to pour their reserves into battle and break through. Good luck, comrade."
Soviet Black Sea Fleet (1941-1944),5,05. ROSTOV 1941 (25 November 1941),,"Our situation has reached a new depth. In the north the fascists have reached Leningrad and they are advancing on Moskva on the central front. In the south the fascists have captured Odessa, broken through into the Crimea, and days ago Rostov. Rostov is the gate to the Caucasus and its oilfields. We cannot allow the enemy to hold this position. An immediate counterattack has been ordered!",Germany,rcampro1.xml,"05. ROSTOV 1941 (25 November 1941)

Our situation has reached a new depth. In the north the fascists have reached Leningrad and they are advancing on Moskva on the central front. In the south the fascists have captured Odessa, broken through into the Crimea, and days ago Rostov. Rostov is the gate to the Caucasus and its oilfields. We cannot allow the enemy to hold this position. An immediate counterattack has been ordered!

The Germans have taken Rostov with a number of motorized and armoured formations with lightening speed. However in the urban area of Rostov they have a huge disadvantage. Even more, the fascists advance has created a salient into our lines and this offers the possibility of encircling the fascists at Rostov. The winter has arrived and the plains are covered with snow. This is the time to attack again and drive them back west! Good luck, comrade."
Soviet Black Sea Fleet (1941-1944),6,06. KERCH (26 December 1941),,"On the central front, near Moskva, we have pushed the fasicsts armies almost hundred kilometers back, away from our capitol. Rostov is once again in Soviet hands. Sevastopol on the Crimea remains under our control but the remaining part of the Crimean peninsula is occupied by the Rumanian and German fascists. The enemy is attacking Sevastopol for days and without support it will fall. We must make sure this will not happen. Therefore we will invade the eastern Crimea at both Kerch and at Feodosiya.",Germany vs Soviet Union,rcampker.xml,"06. KERCH (26 December 1941)

On the central front, near Moskva, we have pushed the fasicsts armies almost hundred kilometers back, away from our capitol. Rostov is once again in Soviet hands. Sevastopol on the Crimea remains under our control but the remaining part of the Crimean peninsula is occupied by the Rumanian and German fascists. The enemy is attacking Sevastopol for days and without support it will fall. We must make sure this will not happen. Therefore we will invade the eastern Crimea at both Kerch and at Feodosiya. 

You will lead our forces at the Kerch operation. From the Taman peninsula you will land at various places around the town of Kerch, on the far east end of the Kerch peninsula, part of the Crimean peninsula. The German forces are stretched to defend the coasts but they should be ready to counterattack once you have landed. So be quick, land your forces and attack!"
Soviet Black Sea Fleet (1941-1944),7,07. FEODOSIYA (29 December 1941),,"On the central front, near Moskva, we have pushed the fasicsts armies almost hundred kilometers back, away from our capitol. Rostov is once again in Soviet hands. Sevastopol on the Crimea remains under our control but the remaining part of the Crimean peninsula is occupied by the Rumanian and German fascists. The enemy is attacking Sevastopol for days and without support it will fall. We must make sure this will not happen. Therefore we will invade the eastern Crimea at both Kerch and at Feodosiya.",Germany vs Soviet Union,rcampfeo.xml,"07. FEODOSIYA (29 December 1941)

On the central front, near Moskva, we have pushed the fasicsts armies almost hundred kilometers back, away from our capitol. Rostov is once again in Soviet hands. Sevastopol on the Crimea remains under our control but the remaining part of the Crimean peninsula is occupied by the Rumanian and German fascists. The enemy is attacking Sevastopol for days and without support it will fall. We must make sure this will not happen. Therefore we will invade the eastern Crimea at both Kerch and at Feodosiya. 

You will lead our forces at the Feodosiya operation. From the Taman peninsula you will land at various places around the town of Feodosiya, which lies on the connection of the Kerch peninsula with the larger Crimean peninsula. The German forces are stretched to defend the coasts but they should be ready to counterattack once you have landed. So be quick, land your forces and attack!"
Soviet Black Sea Fleet (1941-1944),8,08. CRIMEA CHOICE SCENARIO (15 December 1941),,This is not a regular scenario but a so called 'player choice scenario'.,,rcampcho.xml,"08. CRIMEA CHOICE SCENARIO (15 December 1941)

This is not a regular scenario but a so called 'player choice scenario'. 

For the next scenario, two scenarios can be played. You can choose which one it will be: Kerch of Feodosiya. Both are similar scenarios, both having an amphibious invasion and followed by ground fighting. No matter what your choice will be, after you played the chosen scenario, you will play all scenarios. Your choice won't affect the further continuation of the campaign, nor the scenarios you will play.

So make a choice. Take a regular ""Victory"" by taking the first hex to play Kerch. Take a ""Tactical Victory"" by taking the second hex to play Feodosiya."
Soviet Black Sea Fleet (1941-1944),9,09. SEVASTOPOL 1942 (6 June 1942),,"Comrade, despite our initial successes in our Winter offensive, it has failed to defeat the fascist invaders. With the start of spring they have regained their iniative and at the moment are preparing a final assault on the fortress city of Sevastopol which is being cut off from our lines since last year. The Black Sea Fleet will transport your forces to Sevastopol where you will reinforce the defenses. The fascist attack is expected to start as we speak!",,rcampsev.xml,"09. SEVASTOPOL 1942 (6 June 1942)

Comrade, despite our initial successes in our Winter offensive, it has failed to defeat the fascist invaders. With the start of spring they have regained their iniative and at the moment are preparing a final assault on the fortress city of Sevastopol which is being cut off from our lines since last year. The Black Sea Fleet will transport your forces to Sevastopol where you will reinforce the defenses. The fascist attack is expected to start as we speak!

The garrison of Sevastopol has months of artillery and air bombardments survived, and repulsed already two fascist attacks to capture the port. Our forces are exhausted and not many reinforcements can be send. Supplies are hard to deliver. You must hold out for at least 15 days. Then Stavka will decide what to do next. Good luck, comrade.

NOTE: You can only lose this scenario. Goal is to play the full 15 turns and keeping your core alive. Then the scenario will end and you will continue to the next scenario!

NOTE: There is nothing to win, so do not hesitate to retreat to better defensive positions. Be sure to cover your forces with artillery and keep the artillery resupplied. They are vital for the survival of your units."
Soviet Black Sea Fleet (1941-1944),10,10. NOVOROSSIYSK 1 (20 September 1942),,"The fascist has started his summer offensive. We expected the fascists to strike against Moskva, our capitol, but they have attacked in the south. Within weeks they had reached the Don River and Stalingrad on the Volga River. Even more south, Rostov has once again switched hands, the oilfields of Maikop have fallen, and German and Rumanian forces poured into the steppes south of Rostov, leading to the Causasus mountains with the valuable oil. A week ago the enemy has taken the Black Sea port of Novorossiyk and if we fail to stop the enemy at the coastal road, other ports will soon be under enemy control as well.",Germany,rcampno1.xml,"10. NOVOROSSIYSK 1 (20 September 1942)

The fascist has started his summer offensive. We expected the fascists to strike against Moskva, our capitol, but they have attacked in the south. Within weeks they had reached the Don River and Stalingrad on the Volga River. Even more south, Rostov has once again switched hands, the oilfields of Maikop have fallen, and German and Rumanian forces poured into the steppes south of Rostov, leading to the Causasus mountains with the valuable oil. A week ago the enemy has taken the Black Sea port of Novorossiyk and if we fail to stop the enemy at the coastal road, other ports will soon be under enemy control as well. 

Your forces must stop the enemy advance down south on the coastal road. Although the recapture of Novorriysk is beyond our limits, you are ordered to contain the German attack and retake several positions in the hills. Good luck, comrade."
Soviet Black Sea Fleet (1941-1944),11,11. SUCHUMI (28 September 1942),,"THe enemy's advance on the coastal road has been halted and that saves many Black Sea ports still in our hands free from an attack on one side. However the German advance has penetrated deep into the southern steppes and has reached the foot of the Caucasus mountain range. There units, mainly mountain trained troops, are trying to cross the Caucasus mountains and attack the Black Sea ports from behind. The fascists stand on less than 25 kilometers of Suchumi. You must make sure the fascist sees no chance in capturing Suchumi.",Germany,rcampsuc.xml,"11. SUCHUMI (28 September 1942)

THe enemy's advance on the coastal road has been halted and that saves many Black Sea ports still in our hands free from an attack on one side. However the German advance has penetrated deep into the southern steppes and has reached the foot of the Caucasus mountain range. There units, mainly mountain trained troops, are trying to cross the Caucasus mountains and attack the Black Sea ports from behind. The fascists stand on less than 25 kilometers of Suchumi. You must make sure the fascist sees no chance in capturing Suchumi.

We have been unable to stop the enemy in the mountains, but we will when they go down and try to reach the coast. Your units must secure the port of Suchumi, the coastal road which is our single supplyline to the front near Novorissiysk, and secure essential positions. Good luck, comrade."
Soviet Black Sea Fleet (1941-1944),12,12. ORDZHONIKIDZE 1 (1 November 1942),,"Comrade, the situation at the fronts is critical. We only possess a number of single buildings in Stalingrad. And in the Caucasus Army the German First Panzer Army has  refueled its offensive over the Terek River towards Grozny, and Baku where the oilfields are. After 48 hours of continuous airbombardment, the fascists are storming at the key town of Ordzhonikidze which is a very important communications center. We must deny the enemy control of this town at all costs!",Germany,rcampor1.xml,"12. ORDZHONIKIDZE 1 (1 November 1942)

Comrade, the situation at the fronts is critical. We only possess a number of single buildings in Stalingrad. And in the Caucasus Army the German First Panzer Army has  refueled its offensive over the Terek River towards Grozny, and Baku where the oilfields are. After 48 hours of continuous airbombardment, the fascists are storming at the key town of Ordzhonikidze which is a very important communications center. We must deny the enemy control of this town at all costs!

Your force will be divided into two. One group will rush to Ordzhonikidze and garrison the city against the Germans. A second group will take part in a smart counterstrike on the German flank in order to destroy the attacking Germans from behind, or at least make them retreat. Good luck, comrade.

NOTE: There are two deployment areas. One on the northern part of the map and in the eastern part of the map.

NOTE: There are various SNOW hexes on the map. These have the same properties as SAND hexes in the desert. Supplying and reinforcing units on those hexes will never be a 100%."
Soviet Black Sea Fleet (1941-1944),13,13. ORDZHONIKIDZE 2 (8 November 1942),,"Of all sectors of the front, from Leningrad to Moscow and to Stalingrad, just here at Ordzhonikidze, we have the iniative, comrade. You have saved Ordzhonikidze from an immediately enemy invasion and cut off the supply lines for the fascist forces at Ordzhonikidze. However, as usual the enemy is persistant, we are sure the Germans have send reinforcements to restore the lines with the trapped Germans. It is likely that the encircled forces will participate in the breakout. If these forces join, then we are likely to lose Ordzhonikidze after all. You must make sure this does not happen by destroying the encircled enemy force and to drive west, away from Ordzhonikidze!",Germany,rcampor2.xml,"13. ORDZHONIKIDZE 2 (8 November 1942)

Of all sectors of the front, from Leningrad to Moscow and to Stalingrad, just here at Ordzhonikidze, we have the iniative, comrade. You have saved Ordzhonikidze from an immediately enemy invasion and cut off the supply lines for the fascist forces at Ordzhonikidze. However, as usual the enemy is persistant, we are sure the Germans have send reinforcements to restore the lines with the trapped Germans. It is likely that the encircled forces will participate in the breakout. If these forces join, then we are likely to lose Ordzhonikidze after all. You must make sure this does not happen by destroying the encircled enemy force and to drive west, away from Ordzhonikidze!

NOTE: There are various SNOW hexes on the map. These have the same properties as SAND hexes in the desert. Supplying and reinforcing units on those hexes will never be a 100%."
Soviet Black Sea Fleet (1941-1944),14,14. MAIKOP (10 January 1943),,"We have had victories these last months, comrade! We have trapped hundreds of thousands fascist near Stalingrad where our forces are still feriously resisting the enemy. And in the Caucasus the Germans are slowly retreating. We started our winter offensive to liberate the Caucasus region all the way up to Novorossiysk and Rostov, some weeks ago. Your forces have been held in reserve but will now be deployed in order to recapture Maikop and hopefully cut off enemy forces. The fascist can only retreat west, to Novorossiysk and the Taman/Kuban peninsula, or north-west to Rostov. With the capture of Maikop we can force the fascist forces to take the longer way, to Rostov, where they should be met by our own forces coming from the Don.",Germany vs Soviet Union,rcampmai.xml,"14. MAIKOP (10 January 1943)

We have had victories these last months, comrade! We have trapped hundreds of thousands fascist near Stalingrad where our forces are still feriously resisting the enemy. And in the Caucasus the Germans are slowly retreating. We started our winter offensive to liberate the Caucasus region all the way up to Novorossiysk and Rostov, some weeks ago. Your forces have been held in reserve but will now be deployed in order to recapture Maikop and hopefully cut off enemy forces. The fascist can only retreat west, to Novorossiysk and the Taman/Kuban peninsula, or north-west to Rostov. With the capture of Maikop we can force the fascist forces to take the longer way, to Rostov, where they should be met by our own forces coming from the Don. 

Your goal is to recapture Maikop and the oilfields, as well as an advance to the Kuban River. The Germans are retreating but do this skillful. And the more west you will arrive, the more tenacious the fascist defenses will become. So be careful. Good luck, comrade!

NOTE: The 'Provisional Soviet Airstrip' can only be used to resupply and and refit air units. No air units can be deployed on it."
Soviet Black Sea Fleet (1941-1944),15,15. ROSTOV 1943 (2 February 1943),,"We have advanced hundreds of kilometers and we once again stand at the gates of Rostov. It is vital that we capture this gate to the Caucasus as soon as possible, because still not all German units have retreated over the Don, back into the Ukraine. Although many Germans are forced back to the Taman/Kuban peninsula, enemy mobile forces are rushing towards Rostov. If you are quick enough than you can trap them before they have crossed the Don River. In any case, it is vital that we do not lose the momentum in this winter offensive. We must push the fascists invaders back, back and back. Good luck, comrade!",Germany,rcampro2.xml,"15. ROSTOV 1943 (2 February 1943)

We have advanced hundreds of kilometers and we once again stand at the gates of Rostov. It is vital that we capture this gate to the Caucasus as soon as possible, because still not all German units have retreated over the Don, back into the Ukraine. Although many Germans are forced back to the Taman/Kuban peninsula, enemy mobile forces are rushing towards Rostov. If you are quick enough than you can trap them before they have crossed the Don River. In any case, it is vital that we do not lose the momentum in this winter offensive. We must push the fascists invaders back, back and back. Good luck, comrade!"
Soviet Black Sea Fleet (1941-1944),16,16. NOVOROSSIYSK 2 (18 March 1943),,"Comrade, althought the fascist invaders cannot do anything about the stunning successes of our winter campaign, they have regained their spirit, again, even after a second winter. In the Ukraine near Kharkov huge battles are being fought and we are not in a position to win easy. We are happy to hold down the Germans. More south, the enemy is still holding the Kuban region, of which the Taman peninsula is only a few miles away from the Kerch peninsula of the Crimea. It offers a safe route of withdrawal for the enemy.",Germany,rcampno2.xml,"16. NOVOROSSIYSK 2 (18 March 1943)

Comrade, althought the fascist invaders cannot do anything about the stunning successes of our winter campaign, they have regained their spirit, again, even after a second winter. In the Ukraine near Kharkov huge battles are being fought and we are not in a position to win easy. We are happy to hold down the Germans. More south, the enemy is still holding the Kuban region, of which the Taman peninsula is only a few miles away from the Kerch peninsula of the Crimea. It offers a safe route of withdrawal for the enemy. 

We have been given orders to drive the enemy out of the Caucasus steppes and the captured Black Sea ports. Attacks on the entire front in the Kuban will be made, but the biggest will take place near Novorossiysk. The Black Sea Fleet has offered a flotilla of cruisers and destroyers as well as thousands of trusty Marines. These, and a part of your force, will land near a large peninula south of Novorossiysk, in order to join up with the force coming from the coast, at Novorissiysk and defeat the enemy. It is a promising plan but it can be done. After all we are pushing the enemy back, west, west, all the the way west where they came from! Good luck, comrade."
Soviet Black Sea Fleet (1941-1944),17,17. KRYMSKAYA (18 April 1943),,"In the Kuban steppes the enemy is stronger than expected. After a month of ferious attacks we have not breached the fascist front. We have only advanced several miles, and the cities of Novorossiysk and Krasnodar are still in enemy hands.  However we must maintain pressure and eventually the German and Rumanian positions must crack.",Germany,rcampkry.xml,"17. KRYMSKAYA (18 April 1943)

In the Kuban steppes the enemy is stronger than expected. After a month of ferious attacks we have not breached the fascist front. We have only advanced several miles, and the cities of Novorossiysk and Krasnodar are still in enemy hands.  However we must maintain pressure and eventually the German and Rumanian positions must crack. 

The fascists have started a counterattack to destroy our bridgehead near Novorossiysk, that you helped to form a month ago, and although we are holding on, we are about to crack. To draw away reserves, and to break through the fascist front in the center, we will attack near Krymskaya. Be aware that the Germans have reserves and will use it. On the other hand, we will commit as much forces as we can in order to force a breakthrough. Good luck, comrade."
Soviet Black Sea Fleet (1941-1944),18,18. NOVOROSSIYSK 3 (9 September 1943),,"The time has come to destory the enemy on the Kuban steppes. They have been there for far too long. And finally, after months of preparations, we are in position for a full-scale attack on the fascist perimeter. Near Kursk, our units are rolling west again. We must follow and make the enemy see that the Red Army has arisen from its ashes!",Soviet Union,rcampno3.xml,"18. NOVOROSSIYSK 3 (9 September 1943)

The time has come to destory the enemy on the Kuban steppes. They have been there for far too long. And finally, after months of preparations, we are in position for a full-scale attack on the fascist perimeter. Near Kursk, our units are rolling west again. We must follow and make the enemy see that the Red Army has arisen from its ashes! 

Your force will attack towards Novorossiysk and beyond. Attacks will come from the bridgehead south of Novorossiysk, as well as along the coastal front. The Black Sea Fleet has once again committed Marines who are waiting to get revenge for their fallen comrades, months earlier. So attack, and let nothing stop you! The enemy is still strong and willing to resist so prepare for a ferious battle. We accept not anything less than the complete destruction of the enemy in the Novorossiysk area! Good luck, comrade."
Soviet Black Sea Fleet (1941-1944),19,19. TAMAN (25 September 1943),,"Those were quite some days, comrade. Krasnodar and Novorossiysk have been liberated and the fascists cowards are fleeing towards the Taman peninsula where they should be evacuated to the Crimea. Our troops are close to exhausted but so is the enemy, and at least we are winning. The enemy will resist feriously but you should drive all the way west, until you have liberated the Kuban steppes totally!",,rcamptam.xml,"19. TAMAN (25 September 1943)

Those were quite some days, comrade. Krasnodar and Novorossiysk have been liberated and the fascists cowards are fleeing towards the Taman peninsula where they should be evacuated to the Crimea. Our troops are close to exhausted but so is the enemy, and at least we are winning. The enemy will resist feriously but you should drive all the way west, until you have liberated the Kuban steppes totally!"
Soviet Black Sea Fleet (1941-1944),20,20. ODESSA 1944 (9 April 1944),,"Our winter offensive has brought us on the other side of the Dnjepr River and Kiev has been liberated. Enemy resistance is still present and the fascists are hurt but not dead. Every day resistance increases. We must make optimal use of the momentum, as long as lasts. We will attack near Perekop and force ourselves into the Crimea. Your force will march along the coast and liberate Odessa.",,rcampod2.xml,"20. ODESSA 1944 (9 April 1944)

Our winter offensive has brought us on the other side of the Dnjepr River and Kiev has been liberated. Enemy resistance is still present and the fascists are hurt but not dead. Every day resistance increases. We must make optimal use of the momentum, as long as lasts. We will attack near Perekop and force ourselves into the Crimea. Your force will march along the coast and liberate Odessa. 

Although the fascists have had a hard time, they are still able to resist. It is unsure if the enemy decides to defend Odessa. Nonetheless, we demand you take this port as soon as possible, and drive west, if possible up to the Rumanian border. Watch out for experienced elements of elite divisions. The past weeks these have been the prime source of resistance to our advance in the Ukraine. Good luck, comrade."
Soviet Black Sea Fleet (1941-1944),21,21. SEVASTOPOL 1944 (7 May 1944),"and we will gain victory!Our forces might run of fuel and ammo before they reach Sevastopol, because of the distances traveled. Also non-motorized units are still on their way to the front. So expect them to arrive anytime. Moskva accepts no delay in taking the city, so you have orders to attack immediately. We are unsure if the enemy is trying to hold the city or to evactuate their forces. Because of the last option, you must attack quick and kill as many fascists as possible so the Crimea is once again free and liberated! Good luck, comrade.","A month ago we broke through fascist lines at the Perekop peninsula, the sole connection of the Crimean peninsula with the Ukrainian mainland. The enemy has retreated from all over the Crimea to Sevastopol which has been turned into a fortress once again. And this time we will be attacker - and we will gain victory!",,rcampse2.xml,"21. SEVASTOPOL 1944 (7 May 1944)

A month ago we broke through fascist lines at the Perekop peninsula, the sole connection of the Crimean peninsula with the Ukrainian mainland. The enemy has retreated from all over the Crimea to Sevastopol which has been turned into a fortress once again. And this time we will be attacker - and we will gain victory!

Our forces might run of fuel and ammo before they reach Sevastopol, because of the distances traveled. Also non-motorized units are still on their way to the front. So expect them to arrive anytime. Moskva accepts no delay in taking the city, so you have orders to attack immediately. We are unsure if the enemy is trying to hold the city or to evactuate their forces. Because of the last option, you must attack quick and kill as many fascists as possible so the Crimea is once again free and liberated! Good luck, comrade."
Soviet Black Sea Fleet (1941-1944),22,22. JASSY (15 June 1944),,"Since our spring offensives we have a bridgehead into Rumania over the Prut River, near Jassy.  The fascists have taken blow after blow but somehow have regained their spirit. We are convinced the enemy has concentrated a huge force to eliminate our bridgehead. We must hold it. It is an ideal starting point for the invasion of Rumania which is plannend within some months.",Germany,rcampjas.xml,"22. JASSY (15 June 1944)

Since our spring offensives we have a bridgehead into Rumania over the Prut River, near Jassy.  The fascists have taken blow after blow but somehow have regained their spirit. We are convinced the enemy has concentrated a huge force to eliminate our bridgehead. We must hold it. It is an ideal starting point for the invasion of Rumania which is plannend within some months. 

Our forces in the Jassy bridgehead are problaby outnumbered and lack supplies and manpower at the moment. The Germans are depending on the worn out Rumanians to have sufficient manpower. They will try to eliminate our bridgehead as long as this situation continues. You are ordered to hold the bridgehead and repel any fascist counterattack. You are permitted to withdraw to a smaller perimeter but in the end we must have a position on the other side of the Prut River! Watch out for the enemy Panther and Tiger tanks. Good luck, comrade!"
Soviet Black Sea Fleet (1941-1944),23,23. FALCIU 3 (22 August 1944),,"After months of preparations, we have invaded Rumania. The biggest ally of the German cowards that invaded our country. Like our offensives in the Baltic and Byelorussia, we have made promising advances. From our bridgehead over the Prut River at Jassy and at a number of other places, we have broken fascist lines and are driving deep into their rear. If we could join two of our pincers near Falciu, at the Prut River, then we can cut of a considarable number of fascist troops.",Germany,rcampfa3.xml,"23. FALCIU 3 (22 August 1944)

After months of preparations, we have invaded Rumania. The biggest ally of the German cowards that invaded our country. Like our offensives in the Baltic and Byelorussia, we have made promising advances. From our bridgehead over the Prut River at Jassy and at a number of other places, we have broken fascist lines and are driving deep into their rear. If we could join two of our pincers near Falciu, at the Prut River, then we can cut of a considarable number of fascist troops. 

Your force is coming from Rumanian soil, on the west side of the Prut River, down south to Falciu. Other forces will try to cross the Prut River from the area south of Kishenev. Be quick and make sure those fascists get caught. I believe you are familiar with this region, comrade. Good luck."
Soviet Black Sea Fleet (1941-1944),24,24. BUCHAREST (30 August 1944),,"Great news from some days ago: the Rumanians have surrendered to the mighty Soviet Union and are now fighting against the Germans. The German fascists are in disarray and lack leadership. Many of their forces find themselves trapped in Rumania. However there are still Rumanian fascists in the Rumanian Army that refuse to surrender and remain loyal to their fascists leaders and the Germans. Your force is closest to the Rumanian capital of Bucharest. You must rush into the city and clear it of any enemy. Moskva does not care who gets shot. Just make sure we are in possession of Bucharest as soon as possible. Watch out for still retreating Germans in the countryside. Also the Germans might plan to send reinforcements to the city by air. You will be supported by Rumanian units that have switched sides. It is a confusing time, but you must succeed.",Germany vs Soviet Union,rcampbuc.xml,"24. BUCHAREST (30 August 1944)

Great news from some days ago: the Rumanians have surrendered to the mighty Soviet Union and are now fighting against the Germans. The German fascists are in disarray and lack leadership. Many of their forces find themselves trapped in Rumania. However there are still Rumanian fascists in the Rumanian Army that refuse to surrender and remain loyal to their fascists leaders and the Germans. Your force is closest to the Rumanian capital of Bucharest. You must rush into the city and clear it of any enemy. Moskva does not care who gets shot. Just make sure we are in possession of Bucharest as soon as possible. Watch out for still retreating Germans in the countryside. Also the Germans might plan to send reinforcements to the city by air. You will be supported by Rumanian units that have switched sides. It is a confusing time, but you must succeed.

I should warn you that you are close to the Bulgarian border. We are not in war with Bulgaria though the country is allied to Germany. You have orders not to cross the Danube and leave the Bulgarians for what they are. On later date Moskva will decide what we will do with Bulgaria.  Good luck, comrade."
Soviet Black Sea Fleet (1941-1944),25,25. RUSE (8 September 1944),,"While the front against the fascists moves west, into Yugoslavia, Hungary, Czechoslovakia and Poland, your force will used in a special mission. Bulgaria and our Soviet Union have never been in war. However the Bulgarians sided with the German fascists. Three days ago we have declared war on Bulgaria. Bulgaria still had German troops on its soil. The Bulgarian Army has been given orders not to fire on our troops. However like in the Rumanian Army there are still fascists in their lines and they will fire back. It is also possible that some units have not received the order. It is a confusing situation again.",Czechoslovakia vs Germany vs Soviet Union vs Yugoslavia,rcamprus.xml,"25. RUSE (8 September 1944)

While the front against the fascists moves west, into Yugoslavia, Hungary, Czechoslovakia and Poland, your force will used in a special mission. Bulgaria and our Soviet Union have never been in war. However the Bulgarians sided with the German fascists. Three days ago we have declared war on Bulgaria. Bulgaria still had German troops on its soil. The Bulgarian Army has been given orders not to fire on our troops. However like in the Rumanian Army there are still fascists in their lines and they will fire back. It is also possible that some units have not received the order. It is a confusing situation again. 

Your force, located near Bucharest, must cross the Danube River at two of its crossings. Near Ruse and near Turlukai. After the crossing you must drive deep into Bulgaria and take control of all important positions. Be aware of fascist, resisting troops, comrade."
Soviet Black Sea Fleet (1941-1944),26,26. SOFIA (12 September 1944),,"The last days, we have not encountered heavy resistance. Most of the Bulgarian Army is deployed in occupied territories in Greece and Yugoslavia. With the sign of our invasion, fascist leaders have ordered some loyal units to come back and defend the Bulgarian capital of Sofia against a Red invasion. The Red Army must help its comrades in Sofia who are supressed by fascists and take control of the city and its vicinity. Bulgarian proletarian partisans might help you during your advance. There are no signs of German fascists in the area, but watch our for some loyal crack Bulgarian fascists. Good luck, comrade.",Germany vs Soviet Union vs Yugoslavia,rcampsof.xml,"26. SOFIA (12 September 1944)

The last days, we have not encountered heavy resistance. Most of the Bulgarian Army is deployed in occupied territories in Greece and Yugoslavia. With the sign of our invasion, fascist leaders have ordered some loyal units to come back and defend the Bulgarian capital of Sofia against a Red invasion. The Red Army must help its comrades in Sofia who are supressed by fascists and take control of the city and its vicinity. Bulgarian proletarian partisans might help you during your advance. There are no signs of German fascists in the area, but watch our for some loyal crack Bulgarian fascists. Good luck, comrade."
Red Destiny (1946-1954),0,"Ah, welcome comrade General!  Allow me to brief you on the tactical situation, and the reasons for which you were called here:",,"The citizens of Bialystok are agitating for the return of Polish independence.  Unfortunately, it seems that some units of the former Polish Army were able to evade our men during our brief campaign through Poland, and these units have quickly seized the area from our local garrision.",Germany vs Poland,rd01.xml,"Ah, welcome comrade General!  Allow me to brief you on the tactical situation, and the reasons for which you were called here:

The citizens of Bialystok are agitating for the return of Polish independence.  Unfortunately, it seems that some units of the former Polish Army were able to evade our men during our brief campaign through Poland, and these units have quickly seized the area from our local garrision.

This rebellion forces us to divert your forces from the front in Germany, comrade General.  You must crush the insurrection quickly and with force.  Paratroopers will be arriving shortly to assist your men.

Show no mercy, Comrade.   Stalin himself has ordered that the villages be razed to the ground."
Red Destiny (1946-1954),1,"Comrade General, the final approach to Berlin has begun.  The foolish Germans have left the approach through the Seelow Heights minimally guarded by their lightest units.  This is an excellent opportunity for you to further become experienced in mobile warfare, comrade General.  Drive to the eastern edge of Berlin, and crush all those who would oppose the wave of Soviet revolution.",,,Germany vs Soviet Union,rd02.xml,"Comrade General, the final approach to Berlin has begun.  The foolish Germans have left the approach through the Seelow Heights minimally guarded by their lightest units.  This is an excellent opportunity for you to further become experienced in mobile warfare, comrade General.  Drive to the eastern edge of Berlin, and crush all those who would oppose the wave of Soviet revolution."
Red Destiny (1946-1954),2,"Comrade General, here lies the German capital of Berlin.  You have been selected by party officials to lead the attack.",,"A British volunteer corps has arrived to assist the defenders of the city, and we suspect that the Germans are well-entrenched. The 5th Division will assist your forces.  Make mother Russia proud, comrade.",Britain vs Germany,rd03.xml,"Comrade General, here lies the German capital of Berlin.  You have been selected by party officials to lead the attack.  

A British volunteer corps has arrived to assist the defenders of the city, and we suspect that the Germans are well-entrenched. The 5th Division will assist your forces.  Make mother Russia proud, comrade."
Red Destiny (1946-1954),3,"Comrade General, due to your exceptional performance in Berlin, the Party has asked you take a transfer to the Far East.  Here, China has been ravaged by an internal war for well over a decade.  Comrade Stalin is indignant at how far north their troops have been able to travel  Now is the time to strike.  Your forces must push over the border demarcation at Ulan-Ude, and retake as much land as possible from the invaders.  However, comrade General, do not underestimate the Chinese Army.  Although they are in a weakened state, they use some of the same purchased American equipment as the European Allies.  They may attempt to counter-attack.  Good luck, comrade General.",,,China vs USA,rd04a.xml,"Comrade General, due to your exceptional performance in Berlin, the Party has asked you take a transfer to the Far East.  Here, China has been ravaged by an internal war for well over a decade.  Comrade Stalin is indignant at how far north their troops have been able to travel  Now is the time to strike.  Your forces must push over the border demarcation at Ulan-Ude, and retake as much land as possible from the invaders.  However, comrade General, do not underestimate the Chinese Army.  Although they are in a weakened state, they use some of the same purchased American equipment as the European Allies.  They may attempt to counter-attack.  Good luck, comrade General."
Red Destiny (1946-1954),4,"There has been a perpetual state of warfare along the Kazakh front for the past five months.  The decadent Chinese recently launched an attack on the city of Almaty and took it from our brave conscripts.  You are to take your corps, positioned north of Almaty, and liberate the area.  The more quickly you can drive the Chinese out of the area, the better.",,,China,rd05a.xml,"There has been a perpetual state of warfare along the Kazakh front for the past five months.  The decadent Chinese recently launched an attack on the city of Almaty and took it from our brave conscripts.  You are to take your corps, positioned north of Almaty, and liberate the area.  The more quickly you can drive the Chinese out of the area, the better."
Red Destiny (1946-1954),5,"Comrade General, have you ever been to Italy? Nyet? Well, you will soon be taking a, how shall we say, tour of the country, da?  The Party has selected you to begin the attack on Italy due to your performance in the battle for Berlin.  The initial strike will be here, at Taranto.  Your forces will be landing against fierce Allied resistance, since the cowardly Italians have pleaded for Allied help against our unstoppable onslaught.  Allied ships pose a major threat to the invasion, so we have sent you a small fleet of our mighty Soviet submarines to sink the badly made Allied tin cans.  Good luck, comrade General.",,,Italy vs Soviet Union,rd04b.xml,"Comrade General, have you ever been to Italy? Nyet? Well, you will soon be taking a, how shall we say, tour of the country, da?  The Party has selected you to begin the attack on Italy due to your performance in the battle for Berlin.  The initial strike will be here, at Taranto.  Your forces will be landing against fierce Allied resistance, since the cowardly Italians have pleaded for Allied help against our unstoppable onslaught.  Allied ships pose a major threat to the invasion, so we have sent you a small fleet of our mighty Soviet submarines to sink the badly made Allied tin cans.  Good luck, comrade General."
Red Destiny (1946-1954),6,"The fight for Italy still continues, comrade General.  However, the party believes the Italian government is on the verge of surrender.  They do not wish to see their beautiful countryside pockmarked by the craters of war, da?  You must bring the conflict to an end, comrade General.  Finish off the last major vestige of Allied power in Italy, at Salerno.  More of our fine submarines are on their way to assist you, should more Allied surface ships be encountered.",,,Italy,rd05b.xml,"The fight for Italy still continues, comrade General.  However, the party believes the Italian government is on the verge of surrender.  They do not wish to see their beautiful countryside pockmarked by the craters of war, da?  You must bring the conflict to an end, comrade General.  Finish off the last major vestige of Allied power in Italy, at Salerno.  More of our fine submarines are on their way to assist you, should more Allied surface ships be encountered."
Red Destiny (1946-1954),7,"Comrade General, the Party has selected you for tactical operations in the invasion of Greece due to your performance in Berlin.  The Allied dogs have holed up in the area of Thermopylae.  I'm sure you know already that the Western nations believe they can hold us off until they can evacuate the country, da?  They think they can do what the Spartans did to the Persians here, in times long ago.",,"Comrade General, you must show them that it is foolish to resist the tides of revolution.  Wipe out the Allied forces and take the area for mother Russia.  Intelligence reports the annoying Allied Navy may try to shell you if you go along the coast, comrade, so beware.",,rd04c.xml,"Comrade General, the Party has selected you for tactical operations in the invasion of Greece due to your performance in Berlin.  The Allied dogs have holed up in the area of Thermopylae.  I'm sure you know already that the Western nations believe they can hold us off until they can evacuate the country, da?  They think they can do what the Spartans did to the Persians here, in times long ago.  

Comrade General, you must show them that it is foolish to resist the tides of revolution.  Wipe out the Allied forces and take the area for mother Russia.  Intelligence reports the annoying Allied Navy may try to shell you if you go along the coast, comrade, so beware."
Red Destiny (1946-1954),8,"Comrade General, the Allies are using the Greek island of Crete as a last bastion.  With the Greek government officially out of the picture, this island is the last obstacle to our rightful rule of the Aegean Sea.  Your forces will land at a predesignated point on the island, in the area of the city of Maleme.  Paratroopers have landed to the west of your landing zone.",,"You will not be pleased to know that the Royal Navy has positioned a significant flotilla here. Our superior submarines, crafted by the loyal workers, will be dispatched to your command to remove the Allied naval threat.  Good luck, comrade General.",,rd05c.xml,"Comrade General, the Allies are using the Greek island of Crete as a last bastion.  With the Greek government officially out of the picture, this island is the last obstacle to our rightful rule of the Aegean Sea.  Your forces will land at a predesignated point on the island, in the area of the city of Maleme.  Paratroopers have landed to the west of your landing zone.  

You will not be pleased to know that the Royal Navy has positioned a significant flotilla here. Our superior submarines, crafted by the loyal workers, will be dispatched to your command to remove the Allied naval threat.  Good luck, comrade General."
Red Destiny (1946-1954),9,"Our glorious Red Army of workers and peasants has begun the invasion of the Low Countries.  Holland fell quickly to our armored forces, but I am most displeased to inform you that the Allied pigs have managed to set up significant defenses around the Belgian port of Antwerp. Your veteran army, having served mother Russia well in the past, has been tasked with securing this vital and important city.  Crush the Allied dogs, comrade General.  The party will not be kind if you fail here.",,,Soviet Union,rd06.xml,"Our glorious Red Army of workers and peasants has begun the invasion of the Low Countries.  Holland fell quickly to our armored forces, but I am most displeased to inform you that the Allied pigs have managed to set up significant defenses around the Belgian port of Antwerp. Your veteran army, having served mother Russia well in the past, has been tasked with securing this vital and important city.  Crush the Allied dogs, comrade General.  The party will not be kind if you fail here."
Red Destiny (1946-1954),10,"The Allies have laid a trap in the Ardennes, and Russia's brave soldiers are now bogged down in a hellish forest.  Your job, comrade General, is to lead them out of this pocket into the beautiful French countryside.  Drive the Allies back with everything you have at your disposal.  Do not let your fate become the same as the general who came before you.",,,France,rd07.xml,"The Allies have laid a trap in the Ardennes, and Russia's brave soldiers are now bogged down in a hellish forest.  Your job, comrade General, is to lead them out of this pocket into the beautiful French countryside.  Drive the Allies back with everything you have at your disposal.  Do not let your fate become the same as the general who came before you."
Red Destiny (1946-1954),11,"The Allied cowards think they can escape socialist justice.  The pathetic remnants of the French army are attempting to escape at Dunkirk, with assistance from German and British troops.  You must show them the futility of their situation, comrade.",,"Comrade Stalin has placed his trust in you and expects you to complete this operation as quickly as possible.  Do not disappoint him, Comrade General...",Britain vs France vs Germany,rd08.xml,"The Allied cowards think they can escape socialist justice.  The pathetic remnants of the French army are attempting to escape at Dunkirk, with assistance from German and British troops.  You must show them the futility of their situation, comrade.  

Comrade Stalin has placed his trust in you and expects you to complete this operation as quickly as possible.  Do not disappoint him, Comrade General..."
Red Destiny (1946-1954),12,"Comrade General, the time has finally come.  Over a year has passed since the Allies fled Europe from the city of Dunkirk, and now our carefully made plans are going into action.",,"Your decorated forces have been specially chosen by comrade Stalin himself to land on the British mainland and secure the beaches at Dover. While the British troops outnumber us almost two-to-one, the majority of them are inexperienced recruits.  The Free French and German troops we expect you to encounter are more experienced but far fewer in number.",Britain vs France vs Germany,rd09a.xml,"Comrade General, the time has finally come.  Over a year has passed since the Allies fled Europe from the city of Dunkirk, and now our carefully made plans are going into action.  

Your decorated forces have been specially chosen by comrade Stalin himself to land on the British mainland and secure the beaches at Dover. While the British troops outnumber us almost two-to-one, the majority of them are inexperienced recruits.  The Free French and German troops we expect you to encounter are more experienced but far fewer in number.  

Submarines have been sent to neutralize the British ships in the area, an assigment of which I am sure they shall have no trouble with. 

Task Force Bear is landing to the west of your position, in order to secure one of the airfields located along the shore. 

There is a rumor that an experienced British force is being sent to reinforce the area within several days.  It would be in your best interest to secure the coast of Dover as quickly as possible.  Good luck, comrade General."
Red Destiny (1946-1954),13,"Are you not excited? This is the last battle, comrade General! The British capital of London lies before our glorious Red Army of workers and peasants.",,"However, as I am sure you know, this is not going to be an easy task, da? The pitiful Allied dogs have rallied what remains of their armies inside of London.  Though the British troops would be some threat to us alone, our intelligence reports that veteran Free German and French troops are supplementing the Allied defense force.  No matter.  With you in command, comrade General, the Allies do not stand a chance.  Go, forward! Destroy the Allies! For comrade Stalin, and mother Russia!",Britain vs France vs Germany vs Soviet Union,rd10a.xml,"Are you not excited? This is the last battle, comrade General! The British capital of London lies before our glorious Red Army of workers and peasants.  

However, as I am sure you know, this is not going to be an easy task, da? The pitiful Allied dogs have rallied what remains of their armies inside of London.  Though the British troops would be some threat to us alone, our intelligence reports that veteran Free German and French troops are supplementing the Allied defense force.  No matter.  With you in command, comrade General, the Allies do not stand a chance.  Go, forward! Destroy the Allies! For comrade Stalin, and mother Russia!"
Red Destiny (1946-1954),14,"Comrade General, we have finally rid France of the Allied scum.  Unfortunately, the French armies to the south were able to retreat into the mountains of Spain and Andorra, supported by a weak pro-Allied Spanish government.",,"Stalin has personally chosen you for the honor of leading the assault on Madrid.  This road is the fastest route to the Spanish capital, comrade General.  Intelligence reports indicate that you can expect heavy Allied resistance and attacks from several directions on this road.  End the resistance of the feeble Spanish government, comrade General.",France vs Spain,rd09b.xml,"Comrade General, we have finally rid France of the Allied scum.  Unfortunately, the French armies to the south were able to retreat into the mountains of Spain and Andorra, supported by a weak pro-Allied Spanish government.

Stalin has personally chosen you for the honor of leading the assault on Madrid.  This road is the fastest route to the Spanish capital, comrade General.  Intelligence reports indicate that you can expect heavy Allied resistance and attacks from several directions on this road.  End the resistance of the feeble Spanish government, comrade General."
Red Destiny (1946-1954),15,"Here at the port of Gibraltar, the Allied dogs have made their final stand in continental Europe. It is up to you, comrade General, to expel them from their hiding spot.",,"The Allies have sent their best troops to hold their fortress, and are heavily dug in. Additionally, the Royal Navy is patrolling the narrow waters around Gibraltar.",Soviet Union,rd10b.xml,"Here at the port of Gibraltar, the Allied dogs have made their final stand in continental Europe. It is up to you, comrade General, to expel them from their hiding spot.  

The Allies have sent their best troops to hold their fortress, and are heavily dug in. Additionally, the Royal Navy is patrolling the narrow waters around Gibraltar.

Intelligence has intercepted an Allied radio transmission; it is possible the Allies may try to send troops from their North African colonies in desperation, in an effort to reinforce their garrison on Gibraltar.  

The party is relying on a victory from you here comrade; show the Allies why it is futile to resist Soviet supremacy!"
Red Destiny (1946-1954),16,"Comrade General, I have grave news. Despite our recent successes in driving the Allies out of Europe, the Ukrainian people have risen against us out of sheer war weariness. There is only one response to such treachery.",,"You must take your troops and kill the traitors, the majority of whom have taken up positions near Kharkov.  I must warn you Comrade General: Though the mutinous Ukrainian troops are nowhere near as experienced as your men, they are using the same combat equipment you have been using against the Allies for several years.  You must be prepared for anything.",,rd11.xml,"Comrade General, I have grave news. Despite our recent successes in driving the Allies out of Europe, the Ukrainian people have risen against us out of sheer war weariness. There is only one response to such treachery.  

You must take your troops and kill the traitors, the majority of whom have taken up positions near Kharkov.  I must warn you Comrade General: Though the mutinous Ukrainian troops are nowhere near as experienced as your men, they are using the same combat equipment you have been using against the Allies for several years.  You must be prepared for anything."
Red Destiny (1946-1954),17,"Comrade General, the time has finally come.  Over three years have passed since the Allies fled Europe from the city of Dunkirk, and now our carefully made plans are going into action.",,"Your decorated forces have been specially chosen by comrade Stalin himself to land on the British mainland and secure the beaches at Dover. While the British troops outnumber us almost two-to-one, the majority of them are inexperienced recruits.  The Free French and German troops we expect you to encounter are more experienced but far fewer in number.",Britain vs France vs Germany,rd12.xml,"Comrade General, the time has finally come.  Over three years have passed since the Allies fled Europe from the city of Dunkirk, and now our carefully made plans are going into action.  

Your decorated forces have been specially chosen by comrade Stalin himself to land on the British mainland and secure the beaches at Dover. While the British troops outnumber us almost two-to-one, the majority of them are inexperienced recruits.  The Free French and German troops we expect you to encounter are more experienced but far fewer in number.  

Submarines have been sent to neutralize the British ships in the area, an assigment of which I am sure they shall have no trouble with. 

Task Force Bear is landing to the west of your position, in order to secure one of the airfields located along the shore. 

There is a rumor that an experienced British force is being sent to reinforce the area within several days.  It would be in your best interest to secure the coast of Dover as quickly as possible.  Good luck, comrade General."
Red Destiny (1946-1954),18,"Are you not excited? This is the last battle, comrade General! The British capital of London lies before our glorious Red Army of workers and peasants.",,"However, as I am sure you know, this is not going to be an easy task, da? The pitiful Allied dogs have rallied what remains of their armies inside of London.  Though the British troops would be some threat to us alone, our intelligence reports that veteran Free German and French troops are supplementing the Allied defense force.  No matter.  With you in command, comrade General, the Allies do not stand a chance.  Go, forward! Destroy the Allies! For comrade Stalin, and mother Russia!",Britain vs France vs Germany vs Soviet Union,rd13.xml,"Are you not excited? This is the last battle, comrade General! The British capital of London lies before our glorious Red Army of workers and peasants.  

However, as I am sure you know, this is not going to be an easy task, da? The pitiful Allied dogs have rallied what remains of their armies inside of London.  Though the British troops would be some threat to us alone, our intelligence reports that veteran Free German and French troops are supplementing the Allied defense force.  No matter.  With you in command, comrade General, the Allies do not stand a chance.  Go, forward! Destroy the Allies! For comrade Stalin, and mother Russia!"
Hungarian Soviet Republic (1919),0,Escaping from Zilah (Zalau),,"April 16, 1919",Czechoslovakia vs Romania,rhu190416.xml,"Escaping from Zilah (Zalau)

April 16, 1919

Comrade Commisar, the situation is dangerous. After our new, revolutionary government refused to retreat behind the new demarcation lines, the imperialist hyenas insited their capitalist lapdogs, the Romanian and the so called ""Czechoslovakian"" reactionists. They mobilized their armies and attacked our weak, inexperienced troops. Your job is securing the railway station at NagykÃ¡roly as long as possible to cover our retreat.

ORDER: Hold at least one VH, keep your MSU alive and move it onto the Escape Hex at NagykÃ¡roly.

NOTES:
- AI moves first.
- The longer you hold on, the better result you get.
- You have 3 free RTP slots.

12 Turns

Scenario designed by Csaba (lvjtn)"
Hungarian Soviet Republic (1919),1,Breaking through Nyíregyháza,,"April 24, 1919",Romania,rhu190424.xml,"Breaking through Nyíregyháza

April 24, 1919

Comrade Commisar, our troops weren't able to stop the overwhelmind Romanian attacks. We executed a few ex-KuK officers but it didn't help too much. We should retreat behind the Tisza River. You'd better hurry, two Romanian pincers are closing around Nyíregyháza.

ORDER: Hold at least one VH, keep your MSU alive and move it onto the Escape Hex at Tokaj.

NOTE: You have 3 free RTP slots.

16 Turns

Scenario designed by Csaba (lvjtn)"
Hungarian Soviet Republic (1919),2,Szolnok: Securing The Bridgehead,,"May 1, 1919",Romania,rhu190501.xml,"Szolnok: Securing The Bridgehead

May 1, 1919

Comrade Commisar, the Romanians have reached the Tisza, and a smaller vanguard has crossed the river at Szolnok. The retreat must end here and now, if the main troops of the reactionists can cross the Tisza, our proletarian state will collapse. Your job is to secure the western bank of the river and form a bridgehead on the eastern bank, if possible. But be cautious, more and more Romanian divisions are on their way.

ORDER: Hold at least 4 VHs and keep your MSU alive.

NOTES:
- You are awarded by an Ammunition Wagon (depot RTP) detachment.
- You can purchase two new units.
- You have 4 free RTP slots.

14 Turns

Scenario designed by Csaba (lvjtn)"
Hungarian Soviet Republic (1919),3,Defending Salgótarján,,"May 9, 1919",Czechoslovakia,rhu190509.xml,"Defending Salgótarján

May 9, 1919

Comrade Commisar, while your troops defended Szolnok, the Czech henchmen of the capitalist warlords took Miskolc, the biggest industrial center in North-East Hungary. Now they are surrounding Salgótarján, the last city with steal factory and strong organized working class outside of Budapest. You should relieve Salgótarján immediately!

ORDER: Hold at least 2 VHs and keep your MSU alive.

NOTES:
- You can purchase three new units.
- You have 4 free RTP slots.

15 Turns

Scenario designed by Csaba (lvjtn)"
Hungarian Soviet Republic (1919),4,Liberating Miskolc,,"May 23, 1919",Czechoslovakia vs Hungary vs Romania vs Soviet Union,rhu190523.xml,"Liberating Miskolc

May 23, 1919

Comrade Commisar, tens of thousands proletars joined the Hungarian Red Army. These factory workers are eager to fight against the capitalist marauders and their mercenaries. Though our new red soldiers aren't trained well enough to defeat the Romanians, we are ready to push back the Czechs, who are famous for their low commitment to fight. Comrade, let's liberate Miskolc!

ORDER: Take all VHs and keep your MSU alive.

NOTES:
- You can purchase two new units.
- You have 5 free RTP slots.

20 Turns

Scenario designed by Csaba (lvjtn)"
Hungarian Soviet Republic (1919),5,Liberating Kassa (Koice),,"May 30, 1919",Czechoslovakia,rhu190530.xml,"Liberating Kassa (Koice)

May 30, 1919

Comrade Commisar, our offensive is going well, and our soldiers are eager to take a revenge for previous losses, another shiny victory would boost their morale. More importantly, there is a good opportunity to deliver a severe blow	to the Czech marauders. Comrade, your job is to liberate Kassa with its important steel industry and railways junctions.

ORDER: Take all VHs and keep your MSU alive.

NOTES:
- You can purchase two new units.
- You have 5 free RTP slots.

18 Turns

Scenario designed by Csaba (lvjtn)"
Hungarian Soviet Republic (1919),6,Bártfa (Bardejov): Reaching The Polish Border,,"June 9, 1919",Czechoslovakia vs Poland vs Romania vs Soviet Union,rhu190609.xml,"Bártfa (Bardejov): Reaching The Polish Border

June 9, 1919

Comrade Commisar, the Czech capitalists are in disarray, they didn't expect how strong the Red Army of workers and peasants could be when they get a proper training about the dialectical materialism. Now we have a unique chance to cut off the Czech defense lines and separate the Romanian and Czech invaders once and for all. Let the Iron Fist of the factory workers smash these imperialist bandits! Your order is to liberate Bártfa near the Polish border.

ORDER: Take all VHs and keep your MSU alive.

NOTES:
- You can purchase two new units.
- You have 5 free RTP slots.

20 Turns

Scenario designed by Csaba (lvjtn)"
Hungarian Soviet Republic (1919),7,Defending Érsekújvár (Nové Zámky),Vág (Váh) - Garam (Hron) rivers. Give these imperialist lapdogs a bloody nose again!ORDER: Hold at least 3 VHs and keep your MSU alive.NOTES:- You can repurchase only the lost units.- Both sides get valuable reinforcements.- You have 5 free RTP slots.20 TurnsScenario designed by Csaba (lvjtn),"June 13, 1919",Czechoslovakia vs Soviet Union,rhu190613.xml,"Defending Érsekújvár (Nové Zámky)

June 13, 1919

Ah, dear Comrade Commisar, have you got the dedicated copy of Lenin's The State and Revolution? Comrade Szamuely has just arrived from Moscow with the warmest greetings and this special present for you. Our international revolution is going well, our Slovakian comrades will declare their Soviet Republic within days. Unfortunately these pesky Czech marauders simply can't accept their defeat, and they launched a strong counterattack in the area of Nyitra (Nitra) - Vág (Váh) - Garam (Hron) rivers. Give these imperialist lapdogs a bloody nose again!

ORDER: Hold at least 3 VHs and keep your MSU alive.

NOTES:
- You can repurchase only the lost units.
- Both sides get valuable reinforcements.
- You have 5 free RTP slots.

20 Turns

Scenario designed by Csaba (lvjtn)"
Hungarian Soviet Republic (1919),8,Szolnok-Mezöhegyes Offensive,,"July 19, 1919",Romania,rhu190719.xml,"Szolnok-Mezöhegyes Offensive

July 19, 1919

The imperialists fooled us. They promised the Romanian troops would withdraw behind the demarcation line declared on March 20 in exchange for our withdrawal from the Fölvidék (Upper Hungary). But the enemies of our communist revolution broke their words, and their Romanian mercenaries are still staying behind the Tisza. It's time to teach these truce-breakers a hard lesson and liberate our proletarian sisters and brothers by force! Lead our troops to victory, Comrade Commisar!

ORDER: Take all VHs and keep your MSU alive.

NOTES:
- You can repurchase only the lost units.
- AI gets valuable reinforcements.
- You have 6 free RTP slots.

20 Turns

Scenario designed by Csaba (lvjtn)"
Hungarian Soviet Republic (1919),9,Szolnok: The Collapse,,"July 24, 1919",Romania vs Soviet Union,rhu190724.xml,"Szolnok: The Collapse

July 24, 1919

Comrade Commisar, the situation is critical. Though we have managed to cross Tisza at three locations, and we have gained a large bridgehead east of Szolnok, our offensive has stalled. Our soldiers are exhausted, we have serious difficulties to resupply them, while more and more fresh Romanian troops are arriving at the battlefields. We suspects some of the former KuK officiers in our rank have betrayed our Soviet Republic and delivered important intels to the imperialists. Comrade, a strong and overwhelming capitalist counterattack is imminent! Save our revolution and do not let them cross the Tisza!

ORDER: Hold at least three VHs and keep your MSU alive.

NOTES:
- AI moves first.
- You can repurchase only the lost units.
- AI gets valuable reinforcements.
- You have 4 free RTP slots.

20 Turns

Scenario designed by Csaba (lvjtn)"
Red Star Over China (1927-1949),0,Nanchang Uprising,,"1-8-1927, Nanchang, Jiangxi, SE China.",China,mao1.xml,"Nanchang Uprising

1-8-1927, Nanchang, Jiangxi, SE China.

[Your speech to your men before the action]

Brave soldiers under my command!  The so-called ''united front'' with the Kuomingtan is over.  Today we will join the revolution against the ancient oppressors of the Chinese people and against the likes of Chiang-Kai-Shek.  Some of our comrades in other army units will also join us in our glorious uprising against the enemies of the people.  They are just now coming here to help us in the assault on the old city of Nanchang!  The end of the oppression, the capitalism, and the humiliations begins here on the West bank of the Gan River!  We are surrounded by the local warlords KMT troops, but our comrades will attack them from different directions, and the victory will be ours!

Men long live the revolution!

[Applause from the crowd..]"
Red Star Over China (1927-1949),1,Autumn Harvest Uprising,,"7-9-1927, Changsha, Hunan, South-Central China.",China vs Soviet Union,mao2.xml,"Autumn Harvest Uprising

7-9-1927, Changsha, Hunan, South-Central China.

The uprising at Guangzhou against the local warlords was successful and access by sea for Soviet aid was secured.  Now, comrade Mao from Hunan is planning an assault on the city fortress of Changsha against the local warlords and KMT troops placed at that city. The central Chinese Communist Party director dislikes this operation, but we are going to dispatch your troops there to help our comrades in the offensive.  Personally, I don't want the prestige of Mao Zedong to overly influence the ChCP.  He seems to gain more power each day.

Yun qi!"
Red Star Over China (1927-1949),2,KMT Anihilation Campaign,,"10-11-1930, Jinggangshan mountains, Jiangxi, SE China.",Germany vs Soviet Union,mao3.xml,"KMT Anihilation Campaign

10-11-1930, Jinggangshan mountains, Jiangxi, SE China.

Comrade Mao has established a ""Soviet Commune'' here in the Jinggangshan Mountains.  It is well protected and hidden from our enemies by a heavy wilderness and bamboo trees.  All the access points to our base are under continuous servalance and our Soviet GRU spies report that the Kuomingtan enemies and the Warlords are planning to eradicate us at once.  They are supported by German advisors who think the best way to eliminate us from here is the so-called strategy ''ferocious walls''.  They are blocking our exits by constructing blockhouses.  We will resist their attacks as long as possible.  Mao thinks we will leave here soon and go North which is much closer to the Soviet border.

Our Soviet advisors suggest that we let the enemy troops pass through the mountains and then annihilate them on a familiar battlefield.

Yu qi."
Red Star Over China (1927-1949),3,Long March - Luding Bridge,"Luding Bridge29-5-1935, Luding, Sichuan, Central China.Welcome again commander.  We have escaped from Jingghanshan in our long march to the North.  Today the Dadu River lies in front of us, and your task is to cross that river.  The problem is, we have in front the city of Luding, which is in the hands of the local pro-KMT Warlord Liu Wenhui.  I see the chains bridge over the Dadu River is on fire, but our long march can't be stopped!  Go ahead soldier![Historically the crossing of the Dadu River by the chains bridge on fire is just a legend.  During the 80's, some PRC sources admitted the ChCP troops crossed the bridge without too many problems because the local warlord willingness of fight was not very high... like most other warlords.]","29-5-1935, Luding, Sichuan, Central China.",,mao4.xml,"Long March - Luding Bridge

29-5-1935, Luding, Sichuan, Central China.

Welcome again commander.  We have escaped from Jingghanshan in our long march to the North.  Today the Dadu River lies in front of us, and your task is to cross that river.  The problem is, we have in front the city of Luding, which is in the hands of the local pro-KMT Warlord Liu Wenhui.  I see the chains bridge over the Dadu River is on fire, but our long march can't be stopped!  Go ahead soldier!

[Historically the crossing of the Dadu River by the chains bridge on fire is just a legend.  During the 80's, some PRC sources admitted the ChCP troops crossed the bridge without too many problems because the local warlord willingness of fight was not very high... like most other warlords.]"
Red Star Over China (1927-1949),4,Pingxingguan Pass,,"25-9-1937, Pingxingguan Pass, near Datong, Northern China.",Japan,mao5.xml,"Pingxingguan Pass

25-9-1937, Pingxingguan Pass, near Datong, Northern China.

As you know, we have signed an alliance with our former enemies, the nationalists.  Now, the enemy is the foreign imperialist invader, it's time to forget our quarrel with the KMT for a while.  We are united with them against a common enemy: the Japanese Empire.  While the KMT troops are dealing with the Japanese armies in other parts of China, our guerrillas have been surrounded by the enemy advance in Manchuria and other many places in Northern China, and you (yes, you), a veteran ChCP commander will show the dirty invaders a bit of the people's revolution power.  We must harass the Japanese rearguard as much as possible without taking too many losses.  I'm sure the current KMT-ChCP alliance will not long too much longer.

This is your duty commander; the 5th Japanese division is driving south towards the Pingxingguan Pass. You must block their path, and then, annihilate all the Japanese, using your famous guerrilla tactics."
Red Star Over China (1927-1949),5,100 Regiments Offensive,,"1-11-1940, Shanzi, North-Central China",China vs Japan,mao5_2.xml,"100 Regiments Offensive

1-11-1940, Shanzi, North-Central China

Again, the central committee of the ChCP has agreed to launch another guerrilla assault on the Japanese rearguard in co-operation with our Kuomingtan ''allies''.  Comrade Mao dislikes this attack, but China is calling for Chinese action against the invaders, and that's what we are going to carry out.  The main objectives must be the capture of enemy resources present in your area: the coal mines and factories.  Your battle plan includes some cities and don't forget to cut all enemy lines of communication.

Act as quick as possible, the Japanese are going to use all available means to defeat any try to stop their penetration into China.

Fu qi!"
Red Star Over China (1927-1949),6,Central Plains Breakout,,"22-6-1946, Wuhan, Hubei province.",Japan vs Soviet Union,mao6.xml,"Central Plains Breakout

22-6-1946, Wuhan, Hubei province.

Nice to see you again... I hope the lessons you have reciently taken in the USSR about the modern warfare will be useful for us now. Well, please sit down, I have some information to bring you about the current situation.

As you know, the Soviet victory agaisnt the Japanese in Manchuria the past year has opened the gate of the regular support of hardware and weapons to us. Now, the ChCP troops are better equipped and trained. The Soviets have given us some Japanese captured equipment from Manchuria, like tanks and artillery and the Japanese prisoners are training our brave men. They had no choice: work in Siberia or work with us!.

However, it's still soon to enjoy our new training and equipment... the bad news?, well the mission of the US general George Marshall to pacificate China and reach an agreement between us and the KMT is a clear failure. The Kuomingtan have taken advantage of the time just to rearm their units, and now they are clearly taking positions around our areas, probably to anihilate us like in the 30's. In case of the outbreak of the war... your mission is to drive your units in Wuhan to the West, to join the central ChCP units in Central China."
Red Star Over China (1927-1949),7,Linjiang Campaign,,"8-3-1947, Jilin Province, NE China.",Soviet Union,mao7.xml,"Linjiang Campaign

8-3-1947, Jilin Province, NE China.

Congratulations on your promotion to commander of our reciently created People's Liberation Army!. Your actions were enough to support your upgrade decided in the ChCP council... Mao Zedong it's also pleased with you as PLA's general.

Your first assignment as PLA's commander will be in the Jilin province, our base there is placed at Linjiang. The situation in Manchuria is complex. We need Manchuria for some reasons, first, it's border is close with the USSR and the support we are receiving from the Soviets, and second, Manchuria is the most industrialised area in the whole China, we need the resources from here, and we need to avoid the profits the Kuomingtang can get from here.

General, deploy your forces along the front lines we have reached in the past months. Be careful, the lines are not safe; althought we are near to Jilin, Changchun and Siping, the KMT forces still keep a strong attack axis near to our base at Linjiang. The mission will be a complete success if you can besiege Changchun and Jilin, and stop the KMT's assault on Linjiang, GRU spies reports our enemies will also try to recapture the section of the Beijing-Changchun railroad, which is also now our main supply line, protect it at any costs!

Fu qi!."
Red Star Over China (1927-1949),8,Summer Offensive 1947,,"16-5-47, Jilin Province, NE China.",,mao8.xml,"Summer Offensive 1947

16-5-47, Jilin Province, NE China.

Orders from the central ChCP comitte: it's time to capture Changchun, Siping, and Jilin to complete the conquest of Manchuria. The success on this offensive is extremely important, because it would allow us to undertake further penetrations on to Beijing and Nanjing in the next months.

It won't be easy, the nationalists still have good units with good equipment, but we count on your elite units to deal with the Kuomingtan troops. The planned Summer Offensive must be victorious."
Red Star Over China (1927-1949),9,Winter Offensive,,"1-12-1947 Liaoning Province, NE China.",,mao9.xml,"Winter Offensive

1-12-1947 Liaoning Province, NE China.

The KMT troops are badly wounded.  Our victories at Changchun and Siping have decimated their men, commander, and you must put an end to the nationalist resistance in Manchuria.  Your mission is to secure the communications between our base at Siping and our groups in the South, near to Shenyang.  Then you must take Shenyang.  It is the historical Manchurian capital and is both an important industrial and political center.  The capture of Shenyang will open the way to Beijing and Nanjing.

I don't think the snow and the bad weather conditions of the Manchurian Winter will be a major problem for you."
Red Star Over China (1927-1949),10,Pyongyang Liberation [Korean War],,"25-11-1950 Chongchon River, near the Chinese border.",China vs USA,mao11.xml,"Pyongyang Liberation [Korean War]

25-11-1950 Chongchon River, near the Chinese border.

Nice to see you again commander. Your next mission is highly secret and will take you to the Sino-Korean border.  The dirty North American invaders and their South Korean allies have smashed the North Koreans.  Kim-Il-Sung was close to a total victory during the past summer, but he didn't protect his rearguard and as you know, the capitalist operation at Inch'on and Seoul has completely defeated the North Korean advance on Pusan.

We can't allow this situation; the capitalist unification of Korea must not be completed.  A capitalist state in Korea would be like a gun aimed at the People's Republic of China, and we know that the puny North American general McArthur has maintained some conversations with Chaing-Kai-Shek about a possible continuation of the war against us.

Build your army, and cross the Yalu River to help the North Koreans and strike the UN forces.  Liberate Pyongyang to allow further advances to the 38 parallel and beyond.  We will have help from the air from our recently created People's Liberation Army Air Force. Remember all the principles of the People's War doctrine on your way.

Fu qi, commander."
Red Star Over China (1927-1949),11,Chosin Reservoir [Korean War],,"27-11-1950 Chosin Reservoir, N of North Korea.",USA,mao12.xml,"Chosin Reservoir [Korean War]

27-11-1950 Chosin Reservoir, N of North Korea.

Your quick advance has created a salient in the enemy lines, like the one at the Chosin Reservoir.  This sector is protected by a North American division.  Your task is to make a surprise attack from two different directions and destroy the entire enemy division.  Be careful, our spies report that it's a crack division and they have air support from an improvised airstrip near the reservoir.  Air reinforcements are on the way."
Red Star Over China (1927-1949),12,Hungnam Pocket [Korean War],,"11-12-1950, Hungnam, North Korea.",,mao13.xml,"Hungnam Pocket [Korean War]

11-12-1950, Hungnam, North Korea.

Again, your smashing attack has left the enemy forces on the ground isolated.  This is the situation at Hungnam.  The UN forces are surrounded from the North and South by us while the North Korean units will attack from the East.  However, the Hungnam port continues to be their main lifeline, supported by their overwhelming naval power.

Your mission is to reach the port of Hungnam while destroying all enemy forces along your way.  You must stop any UN evacuation as soon as possible.  A successful evacuation will be a victory for them.  The 2nd, 6th and 10th North Korean divisions (the 2nd Korean People's Army) will be under your direct command and the 20th PLA will arrive from the South as reinforcements."
Red Star Over China (1927-1949),13,Seoul: UN Counterattack,,"Seoul, beyond the 38th Paralell, near to the former DMZ.",,mao13_2.xml,"Seoul: UN Counterattack

Seoul, beyond the 38th Paralell, near to the former DMZ.

25-1-1951

The lightning advances of December and early January provide us with the opportunity to easily retake Seoul for the North Koreans.  However, the situation is becoming dangerous.  Our supply lines to China are long and are constantly being bombed and strafed by the UN air force.  Because of this they are preparing a counterattack to again liberate Seoul.  Our Korean spies have told us that a great number of troops are concentrating South of Suwon, including modern tanks and heavy artillery.

Be careful, our troops are nearly exhausted due to the quick advances in the past months. Your mission is to protect Seoul at all costs and if possible defeat the capitalist advance."
Red Star Over China (1927-1949),14,Spring Offensive [Korean War],,"22-4-1951 Seoul, near the 38th Paralell.",,mao14.xml,"Spring Offensive [Korean War]

22-4-1951 Seoul, near the 38th Paralell.

It's time to go back to Seoul.  We have deployed a large number of PLA and KPA units Northwards toward Seoul and with your armies nothing will stop us in our drive.  The South Korean capital must be in our hands again.

The UN forces have massed their units to protect their silly so-called ''No-Named line''.  Anyway, this situation fits perfectly with our People's War doctrine.  Launch your armies and over run the dirty capitalist's invaders on your way to recapture Seoul."
Red Star Over China (1927-1949),15,Pusan Revisited,,"27-6-1951 Pusan, South Korea",,mao14_2.xml,"Pusan Revisited

27-6-1951 Pusan, South Korea

Just like last year, the UN forces are again encircled on the ''Pusan Perimeter''.  Now, with the bulk of the North Korean forces are guarding the rear, we can assault the enemy positions without the fear of an assault on our back like last years landings at Inch'on.

You have one mission; destroy the remnants of the capitalist forces.  Otherwise, they will receive more reinforcements and support from their stronghold at Pusan.  Quick drive them into the sea and Korea will become the unified Korean People's Republic."
Red Star Over China (1927-1949),16,Taiwan Strait - Nuclear Crisis,"Nuclear Crisis1-9-1953, Sea of China.I hope you had enough rest from your participation on the Korean War.  As one of the heroes of the PRC the High Command of the PLA has a new mission for you.  The new North American government has retired the fleet that was guarding the Taiwan Strait.  This is the opportunity we have been waiting for; the assault on the rebel province of Taiwan.  You must end the existence of the KMT and its leader, Chiang-Kai-Shek.Embark your units in Tianjing and reach the Taiwanese coast as soon as possible.  Beijing is sure the UN will take part in operations like in Korea, this time supporting the KMT in Taiwan.  Your highest priority is the conquest of Taipei.  With this city we will complete the unification of all the Chinese territories.","1-9-1953, Sea of China.",China vs USA,mao15.xml,"Taiwan Strait - Nuclear Crisis

1-9-1953, Sea of China.

I hope you had enough rest from your participation on the Korean War.  As one of the heroes of the PRC the High Command of the PLA has a new mission for you.  The new North American government has retired the fleet that was guarding the Taiwan Strait.  This is the opportunity we have been waiting for; the assault on the rebel province of Taiwan.  You must end the existence of the KMT and its leader, Chiang-Kai-Shek.

Embark your units in Tianjing and reach the Taiwanese coast as soon as possible.  Beijing is sure the UN will take part in operations like in Korea, this time supporting the KMT in Taiwan.  Your highest priority is the conquest of Taipei.  With this city we will complete the unification of all the Chinese territories."
Red Star Over China (1927-1949),17,Sino - Soviet Incident,"Soviet Incident1-10-1955, Amur river, Sino-Soviet border, near Khabarovsk, Far Eastern Siberia.A chain of unfortunate incidents with the Soviets along the Chinese - Soviet border has opened the way for the outbreak of full scale military operations.  As you know, the relationship with our former Soviet allies has badly deteriorated.  Moscow doesn't like our own interpretation of Marxism and wants to take us back to the ''correct'' communist system.  To punish us, they have launched an invasion across the Amur River, the natural border between the PRC and the USSR.  They have captured a many square kilometers of Chinese territory, including some villages.You are the commander of the best units in the whole PLA, and your mission is to counter-strike the Soviet invaders.  If we want to continue with our own interpretation of the Marxism, we must defeat the Soviets.  Also Mao would be most pleased, if your men capture the important city of Khabarovsk.  He says that these territories are historically Chinese and no soviets must remain on Chinese lands! Fu qi!","1-10-1955, Amur river, Sino-Soviet border, near Khabarovsk, Far Eastern Siberia.",China vs Soviet Union,mao16.xml,"Sino - Soviet Incident

1-10-1955, Amur river, Sino-Soviet border, near Khabarovsk, Far Eastern Siberia.

A chain of unfortunate incidents with the Soviets along the Chinese - Soviet border has opened the way for the outbreak of full scale military operations.  As you know, the relationship with our former Soviet allies has badly deteriorated.  Moscow doesn't like our own interpretation of Marxism and wants to take us back to the ''correct'' communist system.  To punish us, they have launched an invasion across the Amur River, the natural border between the PRC and the USSR.  They have captured a many square kilometers of Chinese territory, including some villages.

You are the commander of the best units in the whole PLA, and your mission is to counter-strike the Soviet invaders.  If we want to continue with our own interpretation of the Marxism, we must defeat the Soviets.  Also Mao would be most pleased, if your men capture the important city of Khabarovsk.  He says that these territories are historically Chinese and no soviets must remain on Chinese lands! 

Fu qi!"
Red Star Over China (1927-1949),18,Great Leap Forward,,"1-12-1955, Beijing.",China vs Soviet Union vs USA,mao17.xml,"Great Leap Forward

1-12-1955, Beijing.

Private Tovarich!  Nice to see you again.  It has been a while since our last meeting at Khabarovsk.  It was a shame to lose the battle against you, but now we can re-negotiate the conditions of the peace treaty.  This is Top Secret and I hope you have told no one of our plans.  As our men from the KGB have told you, we are ready to support you, if you finally decide to undertake a coup against Mao Zedong and his reformed communism.  It is literally destroying China.  We need to take China back to the right and true communist way.  We think you and your so-called ''Gang of Four'' are the perfect team to take down the Maoist system and that destructive plan named ''Great Leap Forward''.  That woman of your gang, ''Madame Mao'' can be very useful in the near future, when you will need to destroy the political image of Mao.

This is the plan we suggest; in the past month the units under your direct management have been deployed on the coast of the Sea of China in preparation for the Coup.   We are ready to support you by sea.  The Chinese navy will remain loyal to Mao, but it is not powerful enough to deal with a minor Soviet submarine unit.  After we secure the entire coast by taking Tanggu, you must launch the counterattack against the government loyalist units which surely will be sent to defeat our plans.  Take the Tanggu airfield as soon as possible as this will allow us to send you reinforcements by air.  Our planes will be painted with the PRC symbols.  You must avoid the Americans as we don't need any problems with them now.  The incident should be only between Chinese forces.

The last stand will be Beijing, this won't be easy, as you know, the best PLA units are deployed there.  The price maybe high, but it deserves a try.  You can become the new premier of the People's Republic of China!

Udachi tovarich!"
Sim Pobedishi! - The Red East (1918-1920),0,Until you find somebody: the Komuch offensive (I),,"June 8th, 1918",Czechoslovakia vs Germany,simpob_00.xml,"Until you find somebody: the Komuch offensive (I)

June 8th, 1918

Without any doubt, 1917 was the worst year of my life. The Tsar was dethroned and, some time later, taken prisoner. My beloved Russia lost the Great War against Germany. And, on top of all that, the Bolsheviks took power in most of the country. My motherland seemed to be withering, and so did my soul. Wishing to die, and being certain that my end was near, in the first weeks of 1918 I returned to my hometown near Samara, where at least I'd spend my last days with my parents and sisters.

But it all changed when the Czech Legion, intending to leave Russia, revolted against the Bolsheviks, who had denied the Legion safe passage along the Trans-Siberian Railway  towards Vladivostok.

The Czechs soon took several towns along the railway, and during the first days of June they occupied Samara. Almost immediately, the anti-Bolshevik leaders in the town formed a provisional government, the Komuch, contolled by members of the Socialist-Revolutionary Party, and called for the mobilization of a People's Army.

The mobilization didn't succeed. The Komuch had many supporters among the peasants and the factory workers, but they were tired after four years of war, and most of them, showing a short-sighted attitude that could lead them to death, refused to fight. For their part, the monarchists and the conservatives considered that the Komuch was scum, almost as bad as the Bolsheviks, so the majority of the right-wingers just stayed at home, denying the Komuch any help.

Instead, I decided to volunteer. I hated the idea of serving a socialist government and fighting under a red flag, but it was better than waiting at home for the Bolsheviks to shoot me. At least I'd have a last chance to die with my boots on.

The same evening, the officers who were at that time in Samara and had decided to join the Komuch Army discussed who could unite us and lead us. Nobody wanted to take that responsibility. People hesitated, and we were embarrased and silent. One captain even suggested drawing lots. Then, lieutenant colonel Vladimir Kappel, one of the youngest officers, stood up and said ""if nobody wants to lead then, until you find somebody with higher rank, let me lead the military units against the Bolsheviks"".

And that's how it began. A strange mixture of unreliable Czech veterans, a few hundreds of socialist volunteers and a handful of army officers joined in Samara and decided to fight the Bolsheviks. We'd start taking strategically important towns located along the railways, or on the shores of the Volga.

Victory conditions:
- Take all the VHs."
Sim Pobedishi! - The Red East (1918-1920),1,Uncountable trophies: the Komuch offensive (II),,"August 4th, 1918",Czechoslovakia vs Hungary vs Soviet Union,simpob_01.xml,"Uncountable trophies: the Komuch offensive (II)

August 4th, 1918

As soon as we took Simbirsk, Kappel started to plan an offensive to capture Kazan, against the orders of the Komuch, that still wanted an attack on Saratov.

According to Kappel's plan, the People's Army and the Czechs would advance along both shores of the Volga and would attack the Bolsheviks from several directions, trapping them in the town or forcing them to flee. The communists outnumbered us three to one, so the greater mobility of our troops would be decisive. We'd use all the river boats that we had been able to find in order to advance along the Volga faster.

Besides, we knew that among the best Soviet units there were some foreign fighters, especially Serbians, that were discontent with their communist masters and would rebel against them if they had the chance. Not all the non-Russians would do the same. Most of the Latvians, the Tatars and the Hungarians seemed to be loyal to the Bolsheviks, and they were all veteran soldiers. We knew that the battle would be tough, but we were confident after our past victories in Samara and Simbirsk.

Victory conditions:
- Take all the VHs.

Special note:
- When you take the VHs at Kazan, new units will join your core."
Sim Pobedishi! - The Red East (1918-1920),2,Harvest of sorrow: the end of the Komuch,,"September 18th, 1918",Britain vs Soviet Union,simpob_02.xml,"Harvest of sorrow: the end of the Komuch

September 18th, 1918

Trotsky coordinated the Soviet counterattack so well that, even before our evacuation of Kazan was complete, the Bolsheviks had taken Simbirsk, and Syzran and Samara were already in danger.

Three Red Armies were participating in the offensive. The Fifth Army, commanded by the Latvian Slavens, which had followed us from Kazan, was in the north, ready to cut the railroad at Melekess and encircle us. Tukhachevsky's First Army was in the west, controlled Simbirsk, and was going to attack Syzran and Samara from the north. Finally, Chwiesin's Fourth army was in the south, on both shores of the Volga, and would attack Syzran and Samara coordinated with the First Army.

We were so badly outnumbered that we knew that defeating the Bolsheviks was impossible. The only thing that we could do was to resist for a few weeks, avoiding to be trapped by the Soviet pincers, and giving the civilians enough time to be evacuated to Siberia, where we could continue the resistance.

Meanwhile, the Komuch delegates were meeting in Ufa with representatives of other anti-Bolshevik governments, organisations and political parties. The most important one was the Provisional Siberian Government (PSG), created in Omsk at the end of June. Just like the Komuch, the majority of the PSG were members of the Socialist-Revolutionary Party, but thanks to the British influence, the Tsarists, the conservatives and the military officers still retained much power.

The goal of the Ufa Conference was to unite the different anti-Bolshevik organisations of eastern Russia and approve a coordinated strategy to defeat the Soviet plague. If they came to an agreement, our efforts on the battlefield wouldn't be in vain.

Victory conditions:
- You must evacuate 7 civilian units through the EH at (41,23). All of them are MSUs.

- If, during the BV and the V turns, the Soviets manage to control the VHs of Simbirsk (8,6) and Syzran (8,26) at the same time, you will lose.

Special note: 
- The railroads will be very important for evacuating the civilians. Be careful, and try not to blow them with artillery fire."
Sim Pobedishi! - The Red East (1918-1920),3,At the gates of Europe: Ufa,,"January 6th, 1919",Czechoslovakia vs Russia vs Soviet Union,simpob_03.xml,"At the gates of Europe: Ufa

January 6th, 1919

The end of 1918 was very hard to us. At least,  Admiral Kolchak was our new Supreme Governor, and he was doing his best to win the war, but problems arose everywhere. We couldn't trust he Czechs, so most of them were retired from the front, and they were ordered to guard the Trans-Siberian Railway. It was the best possible decision, but it had a great flaw: thousands of armed foreigners were controlling our only supply line. Not surprisingly, they soon started to use the trains to secure their own evacuation, while our men in the front lacked proper equipment and reinforcements.

Most of the soldiers that sympathized with the Socialist Revolutionary Party had already deserted, or even changed sides. And, on top of all, the Bolsheviks kept on attacking us, taking one village after another.

Everything seemed to change at the end of December, when our troops defeated the Red Army in Perm. Pepelyayev and his Siberians recovered the city on December 24th, after routing the communist 3rd Army. That victory gave us hope.

But, south of Perm, the 5th Army continued its advance, and on December 31st we had to evacuate Ufa. Knowing the strategical importance of that city, a few days later Kolchak ordered us to counterattack.

Victory conditions:
- Take all the VHs.

Intelligence report:
- Some Bolshevik units have been seen trying to cross the mountains. Don't forget to protect your rear.

Special note: 
- This is a mostly fictional scenario. Actually, the White counterattack was very weak, and there never was a chance to recover Ufa until the spring."
Sim Pobedishi! - The Red East (1918-1920),4,Breakthrough: the Spring Offensive,,"March 1st, 1919",Britain vs Russia vs Soviet Union,simpob_04.xml,"Breakthrough: the Spring Offensive

March 1st, 1919

After recovering Ufa, Kolchak's staff started to plan our Spring Offensive. For better or worse, it would start in March. Our supply lines were still a mess, and many of our soldiers didn't have a decent training, but we couldn't wait any longer. 
In the north, our Siberian units would advance from Perm to Vyatka and Vologda, trying to connect with Yudenich and the British near Petrograd. In the south, Dutov's cossacks would attack Orenburg. In the centre, our final mission was to liberate Kazan, Simbirsk and Samara. But first we'd have to defeat the five Red divisions that were deployed east of Belebei.

Victory conditions:
- Take all the VHs.

Special note: 
- This is a semi-fictional scenario. The Whites didn't control Ufa when the Spring offensive began."
Sim Pobedishi! - The Red East (1918-1920),5,Rush: the Spring Offensive,,"March 14th, 1919",Britain vs Soviet Union,simpob_05.xml,"Rush: the Spring Offensive

March 14th, 1919

As soon as we cancelled our unfortunate winter operation against Ufa, Kolchak's staff started to plan our Spring Offensive. For better or worse, it would start in March. Our supply lines were still a mess, and many of our soldiers didn't have a decent training, but we couldn't wait any longer. 
In the north, our Siberian units would advance from Perm to Vyatka and Vologda, trying to connect with Yudenich and the British near Petrograd. In the south, Dutov's cossacks would attack Orenburg. In the centre, our final mission was to liberate Kazan, Simbirsk and Samara. But first we'd have to defeat the five Red divisions that were deployed between Belebei and Ufa. The good news was that, a few days before they ordered me to attack Ufa, some of our units had crossed the Belaya and had taken positions west of that city, so we had a great opportunity to outflank the Reds and storm their rear.

Victory conditions:
- Take all the VHs."
Sim Pobedishi! - The Red East (1918-1920),6,Song of the Cossacks: Orenburg,,"April 17th, 1919",Soviet Union,simpob_06.xml,"Song of the Cossacks: Orenburg

April 17th, 1919

By the middle of April, our offensive was progressing very well. After recovering Sterlitamak, Meleuz and Belebei, Bugulma and Buguruslan were the next important towns that were taken on our way to the Volga. But our advance had some vulnerable points, and Orenburg, on our left flank, was the most critical one.

The steppe cossacks were anxious to liberate their capital, which they had lost in January. Unfortunately, Hetman Dutov's Separate Orenburg Army did not have sufficient artillery, or even infantry troops, to assault a fortified city like Orenburg with any chances of success, so Kolchak decided that part of our Western Army would reinforce Dutov. He knew that the Soviets had two veteran divisions in the area, as well as several units of communist militias, and he didn't want to take any risks. 

Besides, he decided that we'd make the main attack, from the northeast, at the confluence of the Salmysh and Sakmara rivers. The cossacks would support us from the east and southeast, but our staff believed that sending the cossack light cavalry against the Soviet trenches and machine gun nests was suicidal. Thus, the responsibility for taking Orenburg would be ours. 

Victory conditions:
- Take all the VHs.

Special notes:
- You can buy equipment from the Cossack Hosts in this scenario.
- From now on, your new units will start the game with 99 exp."
Sim Pobedishi! - The Red East (1918-1920),7,Clutching at straws: defense of Belebei,,"May 15th, 1919",Soviet Union,simpob_07.xml,"Clutching at straws: defense of Belebei

May 15th, 1919

I wish you never experience that ominous state of mind of perpetual sadness, when all your efforts seem pointless, and everything that you love and cherish seems about to die. That terrible disease of the soul during which even breathing causes an immense pain, until you end up envying the stray dogs on the streets, hungry and full of ticks, but free of worries.

That's how I was feeling when the failure of our Spring Offensive became clear. I really believed that we could destroy the Bolshevik revolution and win the war, and just two months later all that I could do was to wait impotently until the Reds, fully reinforced and resupplied, decided to recover their lost ground. I could hardly cope with that. I felt sick and weak, and finding the strength to carry on was harder every passing day.

But even then I believed that not everything was lost. If, somehow, we managed to stop the communist swarm, a counterattack would be possible. I had to cling to that last hope.

Victory conditions:
- After 10 turns, you must hold 5 VHs for a BV, 3 VHs for a V, and 2 VHs for a TacV.

Special notes:
- In this scenario, the option ""skip first player turn"" is activated.
- From now on, your new units will start the game with 99 exp."
Sim Pobedishi! - The Red East (1918-1920),8,The tide turns: Chistopol,,"May 26th, 1919",Soviet Union,simpob_08.xml,"The tide turns: Chistopol

May 26th, 1919

The spring wasn't over yet, and it seemed that we were about to repel the last counterattacks made by the Bolsheviks. Reaching the Volga wasn't a long term plan anymore. Victory was so close that I could almost grasp it. 

But there was a last effort that we had to do. Most of the Second Red Army had gathered in Chistopol, and it had launched a new, desperate counteroffensive against us. I trusted my men, but I knew that the attack of our enemies was dangerous. If we didn't stop the communists Bugulma would fall, Ufa would be in danger, and all our front could fall apart. That could not happen. Not then. Not when the Volga was so near. We had to prevail.

Victory conditions:
- After 19 turns, you must hold 5 VHs for a BV, 4 VHs for a V, and 3 VHs for a TacV."
Sim Pobedishi! - The Red East (1918-1920),9,,,,,simpob_09.xml,
Sim Pobedishi! - The Red East (1918-1920),10,We'll never leave again: Kazan,,"June 10th, 1919",Soviet Union,simpob_10.xml,"We'll never leave again: Kazan

June 10th, 1919

After taking Chistopol we spent a few days resting and resupplying, but we continued our offensive as soon as we could. We were anxious to reach the shores of the Volga before the Red Army could recover. It would be our best chance to recover Kazan and its neighbouring area  once and for all.

Victory conditions:
- Take all the VHs."
Sim Pobedishi! - The Red East (1918-1920),11,Where it all began: Samara,,"July 14th, 1919",Soviet Union,simpob_11.xml,"Where it all began: Samara

July 14th, 1919

After securing Kazan, Simbirsk and Samara were our next obvious steps. I was confident that both cities would fall with relative ease. Unlike Kazan, their defenders had not built strong fortifications that could stop our assaults. We also knew that many Bolshevik regiments had fled to Saratov, and Kolchak had sent one cossack division to reinforce us. So I believed that nothing could stop our men.

Of course, I had heard the rumours about a surge of the partisan activity along the railroads, but to be honest, I had not paid much attention to them. After one year of war against the Red Army, the idea of worrying for a bunch of peasants with forks seemed hilarious to me.

Victory conditions:
- Take all the VHs.

Special notes:
- You can buy equipment from the Cossack Hosts in this scenario.
- Be careful with the possible partisan activity on your rear."
Sim Pobedishi! - The Red East (1918-1920),12,No mercy: Vyatka,,"October 20th, 1919",,simpob_12.xml,"No mercy: Vyatka

October 20th, 1919

I don't like to remember the weeks that we spent repairing our railroads and fighting against the partisans. There was nothing noble in that. Only ruthless, bloody skirmishes. That summer war showed us its ugliest face.

I envied Denikin and his men. At least they were battling against real armies. They had crushed the Makhnovists in Ukraine and the Bolsheviks in Oboyan, and had kept advancing towards Orel. Meanwhile, we had been chasing murderous ghosts.

However, in the end we succeeded. By mid October all our supply lines were safe, from Vladivostok to the Volga, and we finally started to plan our new offensives. Then, just a few days later, the first snows came, at the worst possible moment. That forced Kolchak to study our different options carefully.

This time Kappel suggested to attack Saratov and join with Denikin once and for all. Kolchak considered it, before finally postponing that operation. Other generals convinced him that taking Vyatka was prioritary. During the summer the Siberian Army had assaulted the city three times, and the Bolsheviks had always rejected them. The liberation of Vyatka had thus become a matter of honour, and it was decided that it would be our next objective. Since the Siberians were exhausted after their failed offensives, Kolchak ordered us to launch the final attack.

Victory conditions:
- Take all the VHs."
Sim Pobedishi! - The Red East (1918-1920),13,The Black Baron: Saratov,,"November 13th, 1919",Soviet Union,simpob_13.xml,"The Black Baron: Saratov

November 13th, 1919

The battle for Saratov was finally coming. The Bolsheviks had fortified the city, knowing that its defences were all that stood between Denikin's Armed Forces of Southern Russia and us. However, they had been forced to retire many units from the Volga, in order to defend Moscow. In October, Denikin's generals had finally crushed the Red Army in Orel, and they were approaching Tula. Lenin and his henchmen had motives to reinforce the capital of Russia.

Our plan consisted in attacking Saratov from three sides. We would come from the north, a small group of cossacks from the east, and part of Denikin's forces from the south. They were commanded by Baron Piotr Wrangel, one of the best generals of the AFSR. It was unlikely that the Soviets could stop us.

Victory conditions:
- Take all the VHs.

Special notes:
- From now on, you may buy equipment from the Cossack Hosts in every scenario.
- Be careful with the Soviet attacks against your starting position."
Sim Pobedishi! - The Red East (1918-1920),14,Mousetrap: Ryazan,,"December 12th, 1919",Soviet Union,simpob_14.xml,"Mousetrap: Ryazan

December 12th, 1919

The Military Directory decided that Denikin's elite troops would lead the frontal attack against Moscow, while Wrangel and Diterikhs flanked them. Other units, including mine, would attack other points of the Bolshevik defensive perimeter, in order to weaken our enemies, prevent them from reinforcing the capital, and blocking as many Red escape routes as possible.

Specifically, our new mission would be the taking of Ryazan and Kolomna, southeast of Moscow.  I was determined to succeed, no matter the cost.

Victory conditions:
- Take all the VHs."
Sim Pobedishi! - The Red East (1918-1920),15,As though nothing could fall: Klin,,"December 30th, 1919",Soviet Union,simpob_15.xml,"As though nothing could fall: Klin

December 30th, 1919

The Bolsheviks had decided to make a last stand near Moscow, hoping to delay our advance. That way, they would gain enough time to finish a strong defensive line in Petrograd. 

We were not going to tolerate that. The final victory against the communists was too close for that. We travelled as fast as we could and we deployed our forces south of Klin. We were eager to win a last battle against the hateful Soviets.

Victory conditions:
- Take all the VHs."
Sim Pobedishi! - The Red East (1918-1920),16,Peace through strength: Zhitomir,,"May 19th, 1920",Germany vs Poland vs Soviet Union,simpob_16.xml,"Peace through strength: Zhitomir

May 19th, 1920

During 1919 Poland was a formidable foe for the Red Army, that tried in vain to expand to the west only to be defeated by the brave Poles. I am convinced that, were it not for Poland, the Bolsheviks would have reached the borders of Germany, Hungary and other countries, where they would have instigated successful communist revolutions. Most people in Europe don't realise how much they owe to Poland, that acted as a barrier to the Soviet expansion. Personally, I respect and appreciate what the Poles did.

However, the respect that we had for the Polish army, and the fact that the Bolsheviks were our common enemies for many months, couldn't hide the mutual enmity that existed between us. We knew that, once the Red Army was finally destroyed, Poland would become our new main enemy, at least in the short term.

But I must be clear about this: in 1920 we didn't want a war with Poland. Kolchak was resigned to accept the demands of the League of Nations and to leave the Poles alone. It was them who, blinded by their victories against the Bolsheviks, believed that they could force us to leave Belarus and Ukraine, where they would support the establishment of independent republics that (of course!) would be allies of Poland and enemies of Russia.

And that was how, in April 1920, Poland invaded Ukraine. Naturally, that act of aggression against us was condemned by the League of Nations, whose delegates made us know that if Russia used an armed force against the Polish Army, only for defensive purposes, the League would support us. That was all that Kolchak wanted, and he immediately sent an army to Volinia, in western Ukraine, in order to stop the Polish invasion.

Victory conditions:
- Take all the VHs."
Sim Pobedishi! - The Red East (1918-1920),17,You've got to know when to walk away: farewell to Ufa,,"May 29th, 1919",Soviet Union,simpob_17.xml,"You've got to know when to walk away: farewell to Ufa

May 29th, 1919

The situation was chaotic. The Red Army was approaching from three different sides and nothing seemed to be able to stop them. Rumours indicated that part of the Turkestan Army had crossed the river Belaya north of Ufa. If that was true, the Bolsheviks could cut our only retreat line in just a few days.

The civilians, and many of our soldiers, were on the verge of panic. Nobody thought about the Spring Offensive any more. The defeat of the Red Army, the liberation of Moscow... all of those ideas appeared like distant dreams, like something unreal that we had imagined decades ago. The present was completely different, far worse than anything that we could have imagined. Having thought about victory seemed foolish. There and then, survival was the only thing that mattered.

And, despite all our problems and all our fears, we had to persist. We had to delay the Bolsheviks for as long as we could. If they wasted enough time, we could evacuate the civilians, the wounded, our equipment, and most of our troops. We could make an orderly retreat and, beyond the Urals, we would have more chances to stop the red wave.

Victory conditions:
- Take all the VHs."
Sim Pobedishi! - The Red East (1918-1920),18,Cry for the Romanovs: Ekaterinburg,,"July 12th, 1919",Soviet Union,simpob_18.xml,"Cry for the Romanovs: Ekaterinburg

July 12th, 1919

Our defensive actions at Ufa could not stop the Red Army for a long time, and when they received fresh units from the west they resumed their counteroffensive. Their next objectives were Perm and Ekaterinburg, where they had murdered the Tzar and his family in 1918. This time the High Command ordered us to stay there, acting as reserve troops.

Perm fell rather easily, and on July 5 the operations against Ekaterinburg began. Initially, the  offensive of the Red Second Army was stopped by our shock regiments, but then the 28th Soviet Infantry Division outflanked their positions and attacked from the rear, surrounding and defeating our Siberian Army. 

The Bolshevik advance was too fast for us to intervene. Knowing that the city was lost, we decided to organize the evacuation of Ekaterinburg. While we kept the railroads open, we would have to defend the positions that we didn't have lost yet.

Victory conditions:
- You must evacuate 6 units through the EH at (36,9). All of them must be MSUs.
- Don't lose your VH.

Special note: 
- The railroads will be very important for the evacuation. Be careful, and try not to blow them with artillery fire."
Sim Pobedishi! - The Red East (1918-1920),19,The bear against the red wolves: Chelyabinsk,"Ekaterinburg and advance into the rear of the 5th Army. In the meantime, our southern group, commanded by Kappel, would destroy the Soviet 26th Division, closing the trap.Victory conditions:- Take all the VHs.","July 25th, 1919",Czechoslovakia vs Soviet Union,simpob_19.xml,"The bear against the red wolves: Chelyabinsk

July 25th, 1919

While we were successfully evacuating Ekaterinburg, we received worrisome news from our left flank. The Soviet 5th Army was attacking our Chebarkul-Irtyash line. Our High Command believed that our men couldn't resist for a long time there, so very soon the city of Chelyabinsk would be in danger, too.

The High Command reacted quickly. All ou army was reorganized, our units went to the Chelyabinsk area as a reinforcement, and as a part of our newly created 3rd Army we were told to deploy southeast of Chelyabinsk. The plan was to lure the Red units into the city, and then encircle them and defeat them.

On July 24th the Reds entered Chelyabinsk. Our couteroffensive would start the next day. The northern group (under the command of the Czech Sergej Vojcechovsky) would cut the railway Chelyabinsk - Ekaterinburg and advance into the rear of the 5th Army. In the meantime, our southern group, commanded by Kappel, would destroy the Soviet 26th Division, closing the trap.

Victory conditions:
- Take all the VHs."
Sim Pobedishi! - The Red East (1918-1920),20,Not dead yet: The Tobol offensive (I),,"September 1st, 1919",Poland vs Soviet Union,simpob_20.xml,"Not dead yet: The Tobol offensive (I)

September 1st, 1919

All our efforts during the summer of 1919 had allowed us to retreat in order to the relative protection of the river Ishim. However, we knew that if we didn't launch a counteroffensive, the Red Army would destroy us completely before the next year. In fact, the Soviets acted as if they had already defeated us. Having learnt nothing from their setbacks at Ekaterinburg and Chelyabinsk, their quick advances in Siberia had convinced them that we were a bunch of corrupt incompetents, and they even had started to retire some units from the front, in order to send them against Denikin's Armed Forces of Southern Russia, or even further to the west, against the Polish Army.

The arrogance of the Bolsheviks gave us a chance to surprise them. As I've already written before, in July Kolchak had ordered the reorganization of the front and the unification of the Siberian Army and Western Army. General Diterikhs had been appointed as Commander in Chief of the Eastern Front. New armies and independent groups were created, mainly the 1st, the 2nd and the 3rd Armies. When the Tobol offensive began, I was serving in the latter.

Once the reorganization was complete, Diterikhs prepared our armies for the counteroffensive, which would begin in September. All our units would participate, but the 3rd Army, along with the Separate Siberian Cossack Corps, would inflict the main blow along the Omsk-Petropavlovsk-Kurgan railroad line, on our left flank. While our other units pinned the enemy down near the Ishim, the Cossacks and the 3rd Army would penetrate deeply into the rear of the 5th Red Army, allowing the encirclement and destruction of the Bolshevik divisions that were deployed further to the north.

It was a daring plan, and it needed to be perfectly executed if we were to have any chances of success. As the beginning of the offensive came close, I was overwhelmed by anxiety. I knew that this would be our last chance. If we let the Soviets live to fight another day, they would attack again soon, stronger that ever. And if that moment came, we'd have nothing left to defend ourselves.

Victory conditions:
- Take all the VHs.

Special note:
- You can buy equipment from the Cossack Hosts in this scenario."
Sim Pobedishi! - The Red East (1918-1920),21,,,,,simpob_21.xml,
Sim Pobedishi! - The Red East (1918-1920),22,Better to burn out: The Tobol offensive (II),,"September 25th, 1919",Soviet Union,simpob_22.xml,"Better to burn out: The Tobol offensive (II)

September 25th, 1919

The day that we were expecting finally arrived. We were told to follow our advance along the railroad, eliminating the Bolshevik resistance until we reached the river Tobol.

Then our orders were to cross the river, take Kurgan and go to the north, completing the encirclement of the 2nd and the 3rd Red Armies. If we suceeded, Lenin's minions would be trapped, and nothing could stop us from liberating all of Siberia.

Victory conditions:
- Take all the VHs.

Special note:
- You can buy equipment from the Cossack Hosts in this scenario."
Sim Pobedishi! - The Red East (1918-1920),23,Darkness falling: Novonikolayevsk,,"December 7th, 1919",Czechoslovakia vs Poland vs Soviet Union,simpob_23.xml,"Darkness falling: Novonikolayevsk

December 7th, 1919

With a great effort, we reached the Tobol river. That's true. However, it didn't become our first step towards victory. It was just our swan song, and the Bolsheviks knew it. They simply waited on the western shore of the river until they were ready. And then, on October 14th, they advanced again. We could do nothing to stop them.

At the beginning of November they had already routed us. We had lost nearly half of our men, most of our best equipment, and desertions were common. Petropavlovsk fell with little resistance, as well as Omsk, the capital of our government. The United Kingdom and all the other friendly countries were discreetly retiring their support, and were ""recommending"" us to accept our defeat and leave Russia forever. 

Leaving! Ha! Like we could! The railroads were controlled by the Czech Legion, and they were using them for their own purposes. It was just a matter of time before they betrayed us and left us to die of cold. All the foreign fighters wanted to return to their countries, and they had no qualms about stealing our trains in order to secure their own evacuation. 

Actually, I couldn't blame them. Even the local Siberian politicians, most of them Socialist- Revolutionaries, were eager to get rid of us and make a deal with their new Bolshevik masters. The fools believed that Lenin and his minions would have mercy on them.

Our remaining units were withdrawn to the Obi, and our armies were reorganized. Our next mission would be de defense of Novonikolayevsk, along with a couple of Siberian regiments and the 5th Polish Division, which was still loyal. 

On November 20th the Soviets started their offensive. They quickly took Tatarsk and Semipalatinsk, and then marched against Barnaul, Kolyvan and Novonikolayevsk, where we were waiting for them.

And then, on December 7th, at the worst possible moment, there was an uprising of our 2nd Barabinsk Regiment in the city. Under the influence of the Socialist-Revolutionaries, those traitors wanted to expel us from Novonikolayevsk and hand it over to the communists. We couldn't let it happen, we had to resist and stop the Bolsheviks at the Obi.

Victory conditions:
- Take all the VHs.

Special notes:
- You can deploy only 18 ground units.
- This will be the last scenario with upgrading, auto-refit, auto-supply and train transports."
Sim Pobedishi! - The Red East (1918-1920),24,Crying souls: The Ice March (I),,"January 4th, 1920",Soviet Union,simpob_24.xml,"Crying souls: The Ice March (I)

January 4th, 1920

Our problems grew with each passing day. Behind us, the Red Army was approaching. In front of us we had to deal with continuous mutinies, desertions and attacks from the partisans. We had lost our communications with the remnants of our First and Third armies. Tomsk and other towns had been lost. In fact, we only controlled the ground that we stepped on.

Kappel allowed everyone who wished to go home, or to surrender, to do so. Thus, we kept only the most reliable fighters. Then he planned to go to the Baikal, hoping that we could continue our resistance there. But first we'd have to reach Krasnoyarsk. We wouldn't find any friends there. A few days before the commander of our garrison in that town, General Zinevich, and the governor of the Yenisei province, had betrayed us and had started to negotiate an armistice with the Bolsheviks. One of our own generals! Can you imagine that?

Zinevich tried to persuade Kappel to negotiate with the communists, too. Naturally, Kappel refused, and decided to attack Krasnoyarsk. Zinevich would pay for what he had done, and we'd get supplies that we desperately needed.

Victory conditions:
- Take and/ or defend all the VHs.

Special note:
- You can deploy only 11 ground units."
Sim Pobedishi! - The Red East (1918-1920),25,Once we were here: The Ice March (II),,"January 27th, 1920",Czechoslovakia,simpob_25.xml,"Once we were here: The Ice March (II)

January 27th, 1920

There was no time to lose. Although the Allied representatives in Siberia had told the Czechs to safely escort Kolchak to Vladivostok, when they ascertained that the Bolsheviks would oppose resistance, they quickly turned Kolchak over to the Political Centre. That's how the Socialist- Revolutionaries in Irkutsk called themselves. Of course, we all knew that the Czechs would do that.

As you can imagine, the Centre was as useless and weak as the old Komuch. After just a few days they surrendered to the Bolsheviks, who were the ones who had Kolchak at the end of January. They would kill them if we couldn't rescue him first. Then we'd have to flee to the Baikal. If we managed to cross it, we'd be relatively safe.

We didn't know what to expect in Irkutsk. There were Bolshevik troops and Socialist militias. Both of them would be hostile to us. As for the Czech units that were roaming along the railroads, I wasn't sure if they'd be willing to attack us, but we didn't trust them. Finally, the Siberian cossacks were opportunistic scum, but I doubted that they'd dare to fight against us.

Victory conditions:
- Go to Irkutsk, free Kolchak and take him to the EH at Bolshoye Goloustnoye (40,19).

Special notes:
- You can deploy only 11 ground units.
- This is a fictional scenario. Historically, Kappel died before reaching Irkutsk, and Kolchak was killed a few days later. When they received the news, the Kappelites decided to bypass the town. They crossed the frozen lake Baikal, where many of them died. Finally, the survivors reached Chita, where they could be evacuated to China."
Spartacus: The Slave Revolt (73-71 BC),0,AC 073 The escape from the gladiatorial school,"200 gladiators are behind you !!! Flee to the east and try to reach the Vesuvius . ""Historical: Spartacus was born about 110 BC in the area around the middle course of the Strymon(modern-day Struma river, Bulgaria) 82 BC he was sold to Lentulus Batiatus, owner of a gladiatorial school (ludus) near Capua. He appointet Spartacus to sword trainer for his school.In 73 BC, Spartacus was among a group of gladiators plotting an escape.The plot was betrayed but about 78 men seized kitchen implements, fought their way free from the school, and seized several wagons of gladiatorial weapons and armor.","""Spartacus! How long do you want to train great men, to slaughter each other in the arena?",,spa0.xml,"AC 073 The escape from the gladiatorial school

""Spartacus! How long do you want to train great men, to slaughter each other in the arena? 
No, it can´t go on!
Arise - 200 gladiators are behind you !!! Flee to the east and try to reach the Vesuvius . ""

Historical: 
Spartacus was born about 110 BC in the area around the middle course of the Strymon
(modern-day Struma river, Bulgaria) 82 BC he was sold to Lentulus Batiatus, owner of a gladiatorial school (ludus) near Capua. He appointet Spartacus to sword trainer for his school.
In 73 BC, Spartacus was among a group of gladiators plotting an escape.
The plot was betrayed but about 78 men seized kitchen implements, fought their way free from the school, and seized several wagons of gladiatorial weapons and armor."
Spartacus: The Slave Revolt (73-71 BC),1,AC073 - Liberation of the surrounding area,"Liberation of the surrounding areaYour escape from Capua was succesfull !!! Now go get food and weapons from the transport and freed the slaves of the surrounding area. Along with these new followers you perhaps have a chance to see your homeland !!!Historical:After escaping from Capua they settled at the foot of Vesuvius, and hold up transports to get to food. So they also came to weapons. In the course of time, more and more slaves and outlaws joined the group, as their leader Spartacus was chosen. His lieutenants were the Celts Crixus and Oinominos. The response of the Romans was hampered by the absence of the Roman legions, which were already engaged in fighting a revolt in Hispania and the Third Mithridatic War. So the Senate sent propraetor C. Claudius Glaber with only 3000 recruits.",Your escape from Capua was succesfull !!! Now go get food and weapons from the transport and freed the slaves of the surrounding area. Along with these new followers you perhaps have a chance to see your homeland !!!,,spa1.xml,"AC073 - Liberation of the surrounding area

Your escape from Capua was succesfull !!! Now go get food and weapons from the transport and freed the slaves of the surrounding area. Along with these new followers you perhaps have a chance to see your homeland !!!

Historical:

After escaping from Capua they settled at the foot of Vesuvius, and hold up transports to get to food. So they also came to weapons. In the course of time, more and more slaves and outlaws joined the group, as their leader Spartacus was chosen. His lieutenants were the Celts Crixus and Oinominos. 
The response of the Romans was hampered by the absence of the Roman legions, which were already engaged in fighting a revolt in Hispania and the Third Mithridatic War. So the Senate sent propraetor C. Claudius Glaber with only 3000 recruits."
Spartacus: The Slave Revolt (73-71 BC),2,AC 073 - Battle at Vesuvius (Schlacht am Vesus),"Battle at Vesuvius (Schlacht am Vesus)Spartacus - Months have passed and your followers entreched at Vesuvius. Gaius Claudius Glaber by now received the order to put down the rebellion.Spartacus ! Now it's your turn to avert this threat. The first real battle is to win !Historical:Propraetor C. Claudius Glaber drove with 3000 recruits Spartacus and his bunch before him, up to Mount Vesuvius, where he wanted to starve out the slaves. Spartacus was not discouraged, raided one night foolhardy the besiegers, who thought they were safe, and put them to flight.The arrogant error of Glaudius Glaber, to dispense the usual fortification with wooden palisades, retaliated strongly. The frightened recruits fled and Glaber barely escaped. This sensational victory not only caused more slaves, but also impoverished farmers, farm workers and adventurers to join Spartacus.",Spartacus - Months have passed and your followers entreched at Vesuvius. Gaius Claudius Glaber by now received the order to put down the rebellion.,,spa2.xml,"AC 073 - Battle at Vesuvius (Schlacht am Vesus)

Spartacus - Months have passed and your followers entreched at Vesuvius. Gaius Claudius Glaber by now received the order to put down the rebellion.
Spartacus ! Now it's your turn to avert this threat. The first real battle is to win !

Historical:
Propraetor C. Claudius Glaber drove with 3000 recruits Spartacus and his bunch before him, up to Mount Vesuvius, where he wanted to starve out the slaves. Spartacus was not discouraged, raided one night foolhardy the besiegers, who thought they were safe, and put them to flight.
The arrogant error of Glaudius Glaber, to dispense the usual fortification with wooden palisades, retaliated strongly. The frightened recruits fled and Glaber barely escaped. This sensational victory not only caused more slaves, but also impoverished farmers, farm workers and adventurers to join Spartacus."
Spartacus: The Slave Revolt (73-71 BC),3,Conquest of Nola (Die Eroberung von Nola),"In fact, he was on the way, but Spartacus could Nola leave on time.","Our army is growing, and the city of Nola lies ahead. The local slaves will help us in conquering by opening the doors at night. A daring plan!",,spa3.xml,"Conquest of Nola (Die Eroberung von Nola)

Our army is growing, and the city of Nola lies ahead. The local slaves will help us in conquering by opening the doors at night. A daring plan! 
Can you manage to conquer Nola, free the slaves and saturate your army?

Historical:
The army of Spartacus conquered the city of Nola, after slaves opened the town gates from the inside. The former slaves rage in the city, killing their former masters through no vault of Spartacus. He can only stop them when he announced that praetor Publius Varinius is with his troops on the march - In fact, he was on the way, but Spartacus could Nola leave on time."
Spartacus: The Slave Revolt (73-71 BC),4,Battle of Acerrae - Spartacus vs. Furius,"Spartacus vs. FuriusNola you have left  in chaos behind you, but your pursuers are already within reach. Furius, sergeant of praetor Publius Varinius, stands with 3,000 men at Acerrea.Show them who you are Historical:Praetor Publius Varinius was elected by Rome to put down the uprising. His sergeant, Furius, met first on the slave army. With 3,000 men, Furius saw towards an easy victory. But Spartacus had set his troops excellent, and Furius lost the battle.Where the battle took place is not known to me, Acerrae is selected fictitious.","Nola you have left  in chaos behind you, but your pursuers are already within reach. Furius, sergeant of praetor Publius Varinius, stands with 3,000 men at Acerrea.",,spa4.xml,"Battle of Acerrae - Spartacus vs. Furius

Nola you have left  in chaos behind you, but your pursuers are already within reach. Furius, sergeant of praetor Publius Varinius, stands with 3,000 men at Acerrea.
Show them who you are 

Historical:
Praetor Publius Varinius was elected by Rome to put down the uprising. His sergeant, Furius, met first on the slave army. With 3,000 men, Furius saw towards an easy victory. But Spartacus had set his troops excellent, and Furius lost the battle.
Where the battle took place is not known to me, Acerrae is selected fictitious."
Spartacus: The Slave Revolt (73-71 BC),5,Battle near Salinae Heraclea,,"Spartacus, now you have to prove yourself in the fight against Varius's legacy Cossinius.",,spa5.xml,"Battle near Salinae Heraclea

Spartacus, now you have to prove yourself in the fight against Varius's legacy Cossinius.
His troops have theur camp at Salinae Hercalea. Prepare your wild bunch for it !!!

Historical:
After Spartacus had defeated Varinius lieutenant Furius, he encountered the troops of Varinius' legat Cossinius. He carefree had a bath, while Spartacus blasted his troops at Heraclea Salinae.
He fled into his fortified camp but was killed when Spartacus's forces overrun it in the flush of victory.

Since the position of Salinae Heraclea is not known, I made the better-known map of Herculaneum."
Spartacus: The Slave Revolt (73-71 BC),6,AC 073 - Escape from the camp of slaves,"Escape from the camp of slavesSpartacus, after defeating two of Varinius subordinate leaders, you are now almost surrounded by Varinius´ main troops.It seems a pitched battle would take no good end. Will you succeed the outbreak and retreat over the mountains ???Historical:After the defeat of his lieutenants, Varinius was finally having a larger troop contingent to the site and surrounded the slave army at the camp of Heraclea. Spartacus recognized the weakness of his position, where he and his men would soon be cut off from supply. Nevertheless, he let his troops continue to strengthen the fortifications, so that Varinius happy believed that the Thracian prepared to a long siege. At night, Spartacus let bodies set up as guardians and left quietly position. He successfully led his men under the protection of the night, passing the too careless Romans. Varinius only became suspicious when he no longer heard the usual background noise from the slave camp. He conquered the empty camp and would have torn his hair when realizing how he had been led around by the nose.","Spartacus, after defeating two of Varinius subordinate leaders, you are now almost surrounded by Varinius´ main troops.",,spa6.xml,"AC 073 - Escape from the camp of slaves

Spartacus, after defeating two of Varinius subordinate leaders, you are now almost surrounded by Varinius´ main troops.
It seems a pitched battle would take no good end. Will you succeed the outbreak and retreat over the mountains ???

Historical:
After the defeat of his lieutenants, Varinius was finally having a larger troop contingent to the site and surrounded the slave army at the camp of Heraclea. Spartacus recognized the weakness of his position, where he and his men would soon be cut off from supply. Nevertheless, he let his troops continue to strengthen the fortifications, so that Varinius happy believed that the Thracian prepared to a long siege. At night, Spartacus let bodies set up as guardians and left quietly position. He successfully led his men under the protection of the night, passing the too careless Romans. Varinius only became suspicious when he no longer heard the usual background noise from the slave camp. He conquered the empty camp and would have torn his hair when realizing how he had been led around by the nose."
Spartacus: The Slave Revolt (73-71 BC),7,AC073 - Conquest of Nuceria,"Conquest of NuceriaVarinius you have tricked excellent. Now Nuceria lies ahead of you, but i don´t think he will let you flee without further ado. So be on your guard !Historical:Varinius started persecution immediately after he had ""conquered"" Spartacus´ vacated camp. On Spartacus way lay several cities, including Nuceria that he captured and reinforced his army with the freed slaves. Varinius pursued him, but could not prevent the loss of Nuceria.","Varinius you have tricked excellent. Now Nuceria lies ahead of you, but i don´t think he will let you flee without further ado. So be on your guard !",,spa7.xml,"AC073 - Conquest of Nuceria

Varinius you have tricked excellent. Now Nuceria lies ahead of you, but i don´t think he will let you flee without further ado. So be on your guard !

Historical:
Varinius started persecution immediately after he had ""conquered"" Spartacus´ vacated camp. On Spartacus way lay several cities, including Nuceria that he captured and reinforced his army with the freed slaves. Varinius pursued him, but could not prevent the loss of Nuceria."
Spartacus: The Slave Revolt (73-71 BC),8,AC 073 - Destruction of Varinius at Picentia,"Destruction of Varinius at PicentiaVarinius is going to follow you to the back of the Moon. Bring this to an End. He stays together with his troops in Front of you at Picentia.Historical:Varinius was finally beaten by Spartacus and his Troops, his army was nearly exterminated. In this Scenario at Picentia, where exact I din`t know. Picentia was conquered by Spartacus without a doubt.",Varinius is going to follow you to the back of the Moon. Bring this to an End. He stays together with his troops in Front of you at Picentia.,,spa8.xml,"AC 073 - Destruction of Varinius at Picentia

Varinius is going to follow you to the back of the Moon. Bring this to an End. He stays together with his troops in Front of you at Picentia.

Historical:
Varinius was finally beaten by Spartacus and his Troops, his army was nearly exterminated. In this Scenario at Picentia, where exact I din`t know. Picentia was conquered by Spartacus without a doubt."
Spartacus: The Slave Revolt (73-71 BC),9,AC 072 - Spartacus or Krixos,"Spartacus or KrixosWe are writing the Year 72 BC. The Celts are getting more and more aggressive and want to defeat Rome. For that Reason, Krixos seperates from Spartacus and takes his own way. Now it is your choice to go either with Spartacus or Krixos.Historical: As described, a Group of Celts under the command of Sparatcus Friend and Subleader ""Krixos"" indeed seperated to keep going to attack the Romans in their own Country. Spartacus still followed his target to cross the Alps from Italy.","We are writing the Year 72 BC. The Celts are getting more and more aggressive and want to defeat Rome. For that Reason, Krixos seperates from Spartacus and takes his own way.",,spa9.xml,"AC 072 - Spartacus or Krixos

We are writing the Year 72 BC. The Celts are getting more and more aggressive and want to defeat Rome. For that Reason, Krixos seperates from Spartacus and takes his own way. 

Now it is your choice to go either with Spartacus or Krixos.

Historical: 
As described, a Group of Celts under the command of Sparatcus Friend and Subleader ""Krixos"" indeed seperated to keep going to attack the Romans in their own Country. Spartacus still followed his target to cross the Alps from Italy."
Spartacus: The Slave Revolt (73-71 BC),10,AC 072 - Battle of Mons Garganos,"Battle of Mons GarganosCrixus, prepare yourself for your first fight without Spartacus against the Romans. In front of you is the camp of Arrius. Raze it and him to the ground !Historical:Rome, now finally taking the uprising serious, brought in the big guns. The Roman Senate dispatched a pair of consular legions under the command of Lucius Gellius Publicola and Gnaeus Cornelius Lentulus Clodianus.Gellius subleader, propraetor Q. Arrius, lost at Mons Gargano a skirmish against the Celts of Crixus.These, however, did not use their victory, but got pointless drunk in the conquered Roman camp.Arrius went back and annihilate the drunken Celts almost completely.ATTENTION:NOT USE SPARTACUS !!!!","Crixus, prepare yourself for your first fight without Spartacus against the Romans. In front of you is the camp of Arrius. Raze it and him to the ground !",,spa10.xml,"AC 072 - Battle of Mons Garganos

Crixus, prepare yourself for your first fight without Spartacus against the Romans. In front of you is the camp of Arrius. Raze it and him to the ground !

Historical:
Rome, now finally taking the uprising serious, brought in the big guns. The Roman Senate dispatched a pair of consular legions under the command of Lucius Gellius Publicola and Gnaeus Cornelius Lentulus Clodianus.
Gellius subleader, propraetor Q. Arrius, lost at Mons Gargano a skirmish against the Celts of Crixus.
These, however, did not use their victory, but got pointless drunk in the conquered Roman camp.
Arrius went back and annihilate the drunken Celts almost completely.

ATTENTION:
NOT USE SPARTACUS !!!!"
Spartacus: The Slave Revolt (73-71 BC),11,AC 072 Battle against L. Gellius Poplicola,,"You have defeated subleader Arrius. But his general ""Gellius' comes to avenge him.",,spa11.xml,"AC 072 Battle against L. Gellius Poplicola

You have defeated subleader Arrius. But his general ""Gellius' comes to avenge him.
Can you put him to him to flight ???

HIstorical:
This is a fictional scenario, because Crixos never came to this.

ATTENTION:
NOT USE SPARTACUS"
Spartacus: The Slave Revolt (73-71 BC),12,AC 072 - Battle against Lentullus,"Battle against LentullusIn front of you lies consul Cornelius Lentullus Clodianus with two legions. Behind you, Gellius and Arrius are moving up with two legions.Spartacus, here you only have one option -> Defeat Lentullus and moves on to the north.Historical:Rome sent 4 legions against Spartacus. Two were led by consul Cornelius Lentullus Clodianus, who thwarted Spartacus on his way north. The other two legions, running from the south up to Spartacus, were led by Consul L. Gellius Poplicola and his praetor Arrius, who had defeated Crixus.Lentullus did not wait until they had encircled Spartacus and attacked to soon. That was was Spartacus chance, and he used it.ATTENTION:NOT USE KRIXOS !!!","In front of you lies consul Cornelius Lentullus Clodianus with two legions. Behind you, Gellius and Arrius are moving up with two legions.",,spa12.xml,"AC 072 - Battle against Lentullus

In front of you lies consul Cornelius Lentullus Clodianus with two legions. Behind you, Gellius and Arrius are moving up with two legions.
Spartacus, here you only have one option -> Defeat Lentullus and moves on to the north.

Historical:
Rome sent 4 legions against Spartacus. Two were led by consul Cornelius Lentullus Clodianus, who thwarted Spartacus on his way north. The other two legions, running from the south up to Spartacus, were led by Consul L. Gellius Poplicola and his praetor Arrius, who had defeated Crixus.
Lentullus did not wait until they had encircled Spartacus and attacked to soon. That was was Spartacus chance, and he used it.

ATTENTION:
NOT USE KRIXOS !!!"
Spartacus: The Slave Revolt (73-71 BC),13,AC072 - revenge for Krixos (Rache für Krixos),"revenge for Krixos (Rache für Krixos)After you've beaten Lentullus, you hear of the defeat that Crixus had suffered against Gellius and Arrius. You couldn´t put up with this accusation.Go into Battle with them, they persecute you anyway ...Historical:After beating Lentullus, Spartacus also defeated his pursuer Consul L. Gellius Poplicola.Spartacus aligned obsequies for the fallen Crixus, where between 300 and 400 prisoned Romans had to fight against each other in a gladiatorial combatATTENTION:NOT USE KRIXOS !!!","After you've beaten Lentullus, you hear of the defeat that Crixus had suffered against Gellius and Arrius. You couldn´t put up with this accusation.",,spa13.xml,"AC072 - revenge for Krixos (Rache für Krixos)

After you've beaten Lentullus, you hear of the defeat that Crixus had suffered against Gellius and Arrius. You couldn´t put up with this accusation.
Go into Battle with them, they persecute you anyway ...
Historical:

After beating Lentullus, Spartacus also defeated his pursuer Consul L. Gellius Poplicola.
Spartacus aligned obsequies for the fallen Crixus, where between 300 and 400 prisoned Romans had to fight against each other in a gladiatorial combat

ATTENTION:
NOT USE KRIXOS !!!"
Spartacus: The Slave Revolt (73-71 BC),14,AC 072 - Battle at Gallia Cisalpina (Schlacht bei Gallia Cisalpina),"Battle at Gallia Cisalpina (Schlacht bei Gallia Cisalpina)After you defeated Gellius and Arrius, the path to freedom over the Alps, where many of your followers have their home, lays clear. But is the way really free? No! In the province of Gallia Cisalpina, strong Roman troops  under governor C. Cassius Longinus and praetor Cn. Manlius are awaiting you ...Historical:While Arrius newly arranged the battered legions of the two consuls, Spartacus moved further north, to the pre-Alpine province of Cisalpine Gaul.Once again strong Roman troops under governor C. Cassius Longinus and praetor Cn. Manlius made a stand against himAgain the Thracian and his slave army won. Surprisingly, Spartacus chose to lead his army of slaves back into Italy.","After you defeated Gellius and Arrius, the path to freedom over the Alps, where many of your followers have their home, lays clear. But is the way really free?",,spa14.xml,"AC 072 - Battle at Gallia Cisalpina (Schlacht bei Gallia Cisalpina)

After you defeated Gellius and Arrius, the path to freedom over the Alps, where many of your followers have their home, lays clear. But is the way really free? 
No! In the province of Gallia Cisalpina, strong Roman troops  under governor C. Cassius Longinus and praetor Cn. Manlius are awaiting you ...

Historical:
While Arrius newly arranged the battered legions of the two consuls, Spartacus moved further north, to the pre-Alpine province of Cisalpine Gaul.
Once again strong Roman troops under governor C. Cassius Longinus and praetor Cn. Manlius made a stand against him
Again the Thracian and his slave army won. Surprisingly, Spartacus chose to lead his army of slaves back into Italy."
Spartacus: The Slave Revolt (73-71 BC),15,AC 072 - Battle at Firmum Picenum (Schlacht bei Firmum Picenum),"Battle at Firmum Picenum (Schlacht bei Firmum Picenum)Look at one: We know them yet! In front of us are the contracted troops of Lentulus, Gellius and Arrius, or what's left of it them. It's time to destroy them finally Historical:After the turn to the south, Spartacus met the newly organized Roman legions, probably under the joint command of Lentulus, Gellius and Arrius. They again experienced a setback. So Spartacus stood shortly thereafterbefore Rome. He did not lay siege to the city and moved even further south.It took half a century that an enemy,  the Visigoth Alaric,  again stood an enemy army before Rome.","Look at one: We know them yet! In front of us are the contracted troops of Lentulus, Gellius and Arrius, or what's left of it them. It's time to destroy them finally",,spa15.xml,"AC 072 - Battle at Firmum Picenum (Schlacht bei Firmum Picenum)

Look at one: We know them yet! In front of us are the contracted troops of Lentulus, Gellius and Arrius, or what's left of it them. It's time to destroy them finally 

Historical:
After the turn to the south, Spartacus met the newly organized Roman legions, probably under the joint command of Lentulus, Gellius and Arrius. They again experienced a setback. 
So Spartacus stood shortly thereafterbefore Rome. He did not lay siege to the city and moved even further south.
It took half a century that an enemy,  the Visigoth Alaric,  again stood an enemy army before Rome."
Spartacus: The Slave Revolt (73-71 BC),16,AC 071 - break the siege,"break the siegeSpartacus, we`ve spend the Winter at the Söuth and consolidated. But Crassus used the Time. He has build up a mighty siege. Could we break through and invade the interior of the country? It has to be done soon, because we are running out of supplys...Historical:M. Licinius Crassus became Prätor and voluntarily took command of the Troops against Spartacus. The defeated Troops of Subleader Mummius had to endure the Decimation (Every 10th legionary was executed). Trough this harsh treatment he bucked up his Troops and brought the Slaves to the edge of a defeat.Spartacus had spend the Winter at the bleak headland of South Italy. The escape overseas using the kilikian Pirates worked, despite a big advanced payment. That was how he had to break trough the siege of Crassus. At their first try about 12.000 Slaves died and it looked as if the fate of the Slave army was sealed. But the tide turned. At their second try the Slaves suddenly recovered their old strength, broke through the siege and invaded the interior of the Province Lukania.","Spartacus, we`ve spend the Winter at the Söuth and consolidated. But Crassus used the Time. He has build up a mighty siege. Could we break through and invade the interior of the country? It has to be done soon, because we are running out of supplys...",,spa16.xml,"AC 071 - break the siege

Spartacus, we`ve spend the Winter at the Söuth and consolidated. But Crassus used the Time. He has build up a mighty siege. Could we break through and invade the interior of the country? It has to be done soon, because we are running out of supplys...

Historical:
M. Licinius Crassus became Prätor and voluntarily took command of the Troops against Spartacus. The defeated Troops of Subleader Mummius had to endure the Decimation (Every 10th legionary was executed). Trough this harsh treatment he bucked up his Troops and brought the Slaves to the edge of a defeat.

Spartacus had spend the Winter at the bleak headland of South Italy. The escape overseas using the kilikian Pirates worked, despite a big advanced payment. That was how he had to break trough the siege of Crassus. At their first try about 12.000 Slaves died and it looked as if the fate of the Slave army was sealed. But the tide turned. At their second try the Slaves suddenly recovered their old strength, broke through the siege and invaded the interior of the Province Lukania."
Spartacus: The Slave Revolt (73-71 BC),17,AC071 Attack on the camp of the Celts,,Spartacus! The Celts that had seperated from you need your help! Crassus redeployed his troops undetected to the close Camp and is attacking our Friends Gannius and Castus. Come on there is no time to waste...,,spa17.xml,"AC071 Attack on the camp of the Celts

Spartacus! The Celts that had seperated from you need your help! Crassus redeployed his troops undetected to the close Camp and is attacking our Friends Gannius and Castus. Come on there is no time to waste...

Historical:
After the break trough Crassus siege Spartacus again invaded the interior of Italy as far as the Province of Lukania. Here the Celts under the command of Gannius and Castus devided from Spartacus. Spartacus encamped nearby the Celts to support them in case of an emergency. That was what happened. Crassus redeployed his troops undetected from the main camp to a smaller camp and attacked the Celts at the morning with his entire force. He annihilated them. Spartacus arrived too late, to support them sustainably. As he notified the hopeless Situation of the Celts, he pulled back. The second Commander Quästor Tremellius attacked Spartacus. But Spartacus was able to defeat the Quästor and fled to Lukania."
Spartacus: The Slave Revolt (73-71 BC),18,AC 071- Battle of Paestum,"ready to fight. According to rumors Pompeius is also on the way to Paestum. This means now: Fight for your Life !!!  Historical:Spartacus encountered the strong forces of Crassus at Paestum. It is told, that he killed his own horse while saying, that if they would lose today, he wouldn`t need one anymore and, if they would win, he would have more Horses then he could ever need. He personally lead the attack on the roman Camp. The heroic, but because of the secession of the Celts weakened Slaves were defeated by the heavily superiority of Crassus. Only a few survived. Crassus gave order to crucify 6.000 captured Slaves along the Via Appia towards Rome. The fate of Spartacus is unknown, even the romans were not able to find his dead body or identify him underneath the captives. By this, the Trakian disappeared as shrouded in mystery as he had risen from it in the past, to shock the foundations of the triumphant Rome and to defeat several roman armys.",Spartacus now it`s getting tough. You march in the direction of Paestum. Certainly here are four Legions of Crassus - ready to fight. According to rumors Pompeius is also on the way to Paestum. This means now: Fight for your Life !!!,,spa18.xml,"AC 071- Battle of Paestum

Spartacus now it`s getting tough. You march in the direction of Paestum. Certainly here are four Legions of Crassus - ready to fight. According to rumors Pompeius is also on the way to Paestum. This means now: Fight for your Life !!!
  
Historical:
Spartacus encountered the strong forces of Crassus at Paestum. It is told, that he killed his own horse while saying, that if they would lose today, he wouldn`t need one anymore and, if they would win, he would have more Horses then he could ever need. He personally lead the attack on the roman Camp. The heroic, but because of the secession of the Celts weakened Slaves were defeated by the heavily superiority of Crassus. Only a few survived. Crassus gave order to crucify 6.000 captured Slaves along the Via Appia towards Rome. The fate of Spartacus is unknown, even the romans were not able to find his dead body or identify him underneath the captives. By this, the Trakian disappeared as shrouded in mystery as he had risen from it in the past, to shock the foundations of the triumphant Rome and to defeat several roman armys."
The Defeat of Denikin (1918-1920),0,The Ice March,,"Feb 23rd, 1918",Germany vs Soviet Union,volarm_00.xml,"The Ice March

Feb 23rd, 1918

My God, how did I end like this?

Less than four years ago life had granted me everything that I had wished. I was a well-respected officer in the Imperial Army, with a nice family. I couldn't dream on anything else.

Then the war started. We could handle the Austrians and the Ottomans, but the German Army was too powerful. Defeats led to desperation. Many people lost their hope in a brighter future. And once hope left, madness was all that was left behind. Revolutionary madness that spread like an infectious disease. And the Bolsheviks were the worst of all. Many people believed their lies. Men that once had been honest and hard working became no better that rabid dogs. Chaos swallowed everything that I believed sacred.

Once I swore to defend the Tsar and my country. Now the Tsar is a prisoner and I can hardly recognize my country. Sometimes I wonder if I'm still obliged by my oath. Katya is safe in Sweden with the girls and Yuri. Maybe Anatoly and I should leave the fight and join them.

But I know I won't do it. My oath still binds me, and it will always do. When we learnt that generals Alekseyev and Kornilov had gathered some men ready to fight the Bolsheviks, Anatoly and I were among the first members of the Volunteer Army. Alas, the revolutionary madness is very powerful and we are too few. We could hardly arrive in Rostov, and now we know that the Red Army is coming. We must retreat further South, through the open field and the snow, far from the railway lines. If we manage to survive the Reds, the cold and the ice and get to the Kuban we could have a chance to perform a counterattack.

My God, how did I end like this?

Victory conditions:
- Evacuate 4 civilian units through the EH at (38,32).
- At least 4 out of 6 civilian units must survive."
The Defeat of Denikin (1918-1920),1,Tragedy at Ekaterinodar,,"Apr 9th, 1918",Soviet Union,volarm_01.xml,"Tragedy at Ekaterinodar

Apr 9th, 1918

Our explorers confirm our worst fears. The defences of Ekaterinodar are strong and the communists outnumber us at least three to one. However, Kornilov is determined to attack. The Bolsheviks are growing stronger every day and if we leave they'll eventually find us and crush us. The general knows that a frontal attack would be suicidal, so he has ordered a flanking maneuver on Elizabetinskaya. That could surprise the Reds and, with the help of a handful of Cossacks that have joined us, might give us a chance.

Victory conditions: Take all the VHs.

Special notes:
- The unit that takes Elizabetinskaya will obtain a leader.
- From now on you'll be able to buy Cossack equipment."
The Defeat of Denikin (1918-1920),2,Belaya Glina,,"June 28th, 1918",Germany vs Soviet Union,volarm_02.xml,"Belaya Glina

June 28th, 1918

In the north the Communists are very busy dealing with the German menace and with the uprising of Krasnov's Don cossacks, so the Red Army of the Northern Caucasus is receiving very little support from their comrades. That has allowed us to retake the initiative.
Some weeks ago the High Command considered the idea of joining Krasnov at Tsaritsyn, but it finally decided that it would be unwise to march to the north leaving a fully equipped enemy army, far greater than ours, on our rear. Before helping Krasnov we must neutralize the Red Army of the Northern Caucasus, that outnumbers us.

Our offensive started on June 23rd. After some heavy fighting our troops took Torgovaya, on the Tsaritsyn-Ekaterinodar railroad, cutting the enemy's communications with Northern Russia. Alas, we had to pay a heavy price for that victory. Many brave soldiers were injured or died, among them the General Markov. The survivors are exhausted and need a relief.
So now it's my turn. While some of our units cover our flanks and rear, my men will continue the main offensive along the railroad. Our objectives are the towns of Belaya Glina and Novopokrovskaya. Once they fall the taking of Tikhoretskaya will be easy, and soon we'll be at the gates of Ekaterinodar once again.

Victory conditions: Take all the VHs.

Special note:
- The unit that takes Belaya Glina will obtain +100 exp."
The Defeat of Denikin (1918-1920),3,The liberation of Ekaterinodar,,"Aug 13th, 1918",,volarm_03.xml,"The liberation of Ekaterinodar

Aug 13th, 1918

My dearest Katya,

After the murder of the Royal Family our determination to destroy the Bolshevik scum is stronger than ever. Despite all our suffering and all our losses, Providence is guiding us. Just four months ago we had to retire from the Kuban, defeated, without a leader and virtually without hope. Now, in a matter of days, we'll liberate all this region.

Anatoly has become a full-grown man. He's been promoted to captain, and his audacity, cunning and bravery is starting to be acknowledged and feared by our enemies. Looking at him now I can't help but remember that frail baby who gave us so many worries. I'm amazed at how much he has changed. I'm so proud of him...and I know you'll be proud when you see him, too.

Your plans to move to the countryside, where life will be cheaper, seem like a great idea. It tears my heart to be unable to help you in the present situation, but you know that there is very little money that I can send you these days. Your cousins have been the most generous and I will have an eternal debt to them, but it wouldn't be fair to ask for their help once again. When this nightmare is over I hope that Russia will reward all our efforts. But right now we'll have to live in poverty. Just like when we married. Do you remember? Those were very happy days, even though dreams were the only thing we had plenty of (...)

Victory conditions: Take all the VHs.

Special notes:
- The unit that takes Elizabetinskaya will obtain a leader.
- The unit that takes Ekaterinodar (20,13) will obtain +120 exp."
The Defeat of Denikin (1918-1920),4,Novorossiysk,,"Aug 23rd, 1918",Soviet Union,volarm_04.xml,"Novorossiysk

Aug 23rd, 1918

I'm not feeling well since we took Ekaterinodar. The pain is terrible, but that won't stop me. My next mission is too important to care for my health.
Novorossiysk is one of the most important ports in the Black Sea. If we take it, most of our supply problems will be solved. The Entente powers will be able to send us whatever we need, as long as they're willing to. But it's even more important than that. In Novorossiysk we'll be able to settle, at last, the capital of our provisional government. The rebirth of our nation will start. So failure is not an option.

However, it won't be easy. This area is being defended by the Taman Army Group, one of the best units of the Red Army of the Northern Caucasus. They'll try to stop our advance or, at the very least, retreat unharmed to the south, where they'd reinforce Sorokin's units. But I'm here to stop them. The victory will be mine.

Victory conditions: 
- Take all the VHs or destroy all the enemy MSUs (there are 10 in total).
- If the Reds evacuate their 10 MSUs you will lose.

Special note:
- When you take the airfield at (21,7) a recon bomber unit will be added to your core."
The Defeat of Denikin (1918-1920),5,Stavropol,,"Nov 10th, 1918",Soviet Union,volarm_05.xml,"Stavropol

Nov 10th, 1918

Our campaign in the Kuban against the Red Army of the Northern Caucasus, now renamed 11th Army, still goes on. We hardly got time to mourn the death of General Alekseyev, who finally succumbed to his illness in September, before putting into practice the last step of our strategy.
The plan consists in surrounding the Bolsheviks from east, west and north, and push them against the Caucasus. However, the enemy's numerical superiority is so great that our encirclement has been merely theoretical. If the Soviet hordes actually behaved like a true army they could break our lines at any place and march wherever they pleased. We're lucky that they've spent much time quarrelling and killing each other. Even their leader Sorokin has been shot.

That doesn't mean that the Bolsheviks are harmless madmen. A most bloody battle is taking place near Stavropol. Twice did we take this town, only to lose it again shortly afterwards under the pressure of fierce enemy counterattacks. Our casualties are really heavy, including General Drozdovsky, who was badly injured and might not survive.

General Denikin, who after Alekseyev's passing has become our sole leader, has ordered me to attempt a third, and hopefully final, assault on Stavropol, while Wrangel's men storm Armavir, in the west. Fortunately my health problems seem to be over, so I can employ all my energies in destroying the 11th Army.

Victory conditions: 
- Take all the VHs.

Intelligence report:
- It seems that the Soviets are preparing a counterattack in the north, where the 2nd Division is staying."
The Defeat of Denikin (1918-1920),6,Grozny,,"Feb 1st, 1919",Germany vs Soviet Union,volarm_06.xml,"Grozny

Feb 1st, 1919

The arrival of my family in Novorossiysk was one of the happiest moments in my life. Finally, we're together again. I could spend just three days with them before returning to the battle front, but now I know that I'll return to them soon.

The Terek is the last redoubt of the Soviets in Southern Russia. Once we pacify this area our rearguard will be safe. There is no time to lose, because now that the Great War has finished and the Germans have retreated from Ukraine, the Red Army will be able to send reinforcements to the Donbass and Tsaritsyn. If we don't finish the Terek campaign soon we might find ourselves fighting in two fronts, something we can't afford.

While General Wrangel fights in Vladikavkaz I must take Grozny and cut the Bolsheviks' escape route. The town is being defended by the 12th Red Army and some Chechen volunteers. It's surprising that these muslim warriors have allied themselves with an army of atheists, but I guess that their hatred against the Terek cossacks is stronger than their theological coherence.

Victory conditions: 
- Take all the VHs."
The Defeat of Denikin (1918-1920),7,Operation Manych,,"May 1st, 1919",,volarm_07.xml,"Operation Manych

May 1st, 1919

The attack of the 10th Army on the Manych was a very serious threat to us. When they took Torgovaya they could split our lines in two, and even Ekaterinodar was at risk. Thank God that our campaign in the Terek ended soon, so we could send reinforcements just in time. Now the Bolshevik offensive has lost its initial momentum, and the initiative is ours again. We must send them back to the other side of the river, thus securing our right flank.

I hope that Anatoly is ready for this battle. He's a major now, so his responsabilities are greater. But now that Katya has told him that we approve it, it seems that his mind is only set on his engagement with that nurse of the Kornilov regiment. He shouldn't forget that this is a war, and that any distraction can have a terrible cost. I have confidence in his sense of duty, but maybe I should have a conversation with him about the matter.

Victory conditions: 
- Take all the VHs."
The Defeat of Denikin (1918-1920),8,Tsaritsyn,,"Jun 14th, 1919",Soviet Union,volarm_08.xml,"Tsaritsyn

Jun 14th, 1919

Here we are, at the gates of the Red fortress of Tsaritsyn. The cossacks tried to take it three times in the last months, and every time they had to retire with heavy losses. The Soviets have many of their best units in this town on the shores of the Volga, including infantry, trench defences, armoured trains, heavy artillery and even some war boats.
Really impressive, indeed, but defeat is something that we can't afford. Now that the Kuban and the Terek are pacified, and we're planning a more ambitious strategy in the long term, it is essential that Tsaritsyn is in our hands. If it doesn't fall, our right flank will be vulnerable and under the constant threat of an enemy attack.

Victory conditions: Take all the VHs.

Special note:
- The unit that takes the VH at (26,17) will obtain a leader."
The Defeat of Denikin (1918-1920),9,Oboyan,,"Aug 12th, 1919",Soviet Union,volarm_09.xml,"Oboyan

Aug 12th, 1919

At first I couldn't understand the reasons why Denikin sent me here, to the left flank of our battle front, in order to help May-Mayevsky, who had recently asked for reinforcements, because he knows that I dislike that man. I consider him a competent general, but a disgusting kind of person. Even worse, he's allowed his soldiers to behave almost as common criminals, bandits and looters, not very different from the Bolsheviks that are destroying Russia.
But the point is that Denikin is well aware of May-Mayevsky's behaviour and thinks that things can't go on like that, so he decided to send an officer who would demand the highest standards of discipline. And he chose me.

As part of our general offensive I have to reach Kursk and then march on Moscow. The first step will be to crush the enemy defences at Oboyan. Once I have succeeded the road to Kursk will be open and Moscow will be much closer.

Victory conditions: Take all the VHs.

Intelligence report:
- Some Soviet partisan units have been spotted on your rear guard. Watch out!

Special note:
- At the start of the next scenario auto-refit will be disabled, so be careful with your casualties."
The Defeat of Denikin (1918-1920),10,Peregonovka,,"Sep 26th, 1919",,volarm_10.xml,"Peregonovka

Sep 26th, 1919

The Revolutionary Insurrectionary Army of Ukraine is not to be underestimated. They may lack a formal military formation, but they've showed great initiative and knowledge of the terrain. They appear out of nowhere, wipe out some of our garrisons, destroy or steal our supplies, disappear on the plains, regroup and attack some days later in a completely different location. They don't really want to hold the towns they take, their intention is to cause us as much damage as posssible, and they're good at it.

If I want to suceed I'll have to annihilate them in a single action. It's difficult, but I have a plan. I know that the Makhnovist army is near the villlage of Peregonovka. I'll retire the garrisons and place some of my elite units there. They'll have to resist the anarchists' assault until my other units come to their aid, closing the trap.

Victory conditions: 
- Kill 42 enemy units
- Don't lose your VH."
The Defeat of Denikin (1918-1920),11,Orel: White avalanche,,"Oct 11th, 1919",Russia vs Soviet Union,volarm_11.xml,"Orel: White avalanche

Oct 11th, 1919

You already know me. And you're familiar to me, too. We've made a long journey together. Some of you were already under my command during the Ice March, when we earned the medals with the crown of thorns and saw Lavr Kornilov die before our eyes. Others joined in the campaigns of the Kuban and the Caucasus. There are those who, for a while, believed the Bolshevik lies and belonged to the barbaric Red Army, but were clever enough to change sides.
The journey hasn't been easy. We've fought and bled together, and we've lost many good friends. But with God's help we've overcome all adversity. Every challenge has become a victory, and every victory has made us stronger. All who have tried to stop us have been crushed.
Our enemies know this, and that's the reason why five veteran enemy divisions stand on our way to Moscow here, in Orel. Fear not. It's because they're afraid of us. They know that if they sent into battle their militias we'd be in Tula before the end of the week, and in Moscow before the end of the month. The Reds are on the verge of panic, so they've decided to throw their best units into us. This battle, and the next that will come, are going to be hard, but don't forget this: They're playing their last cards. Soon they'll be exhausted, and victory will be ours.

Fear not, because victory will be ours. Fear not, because God is on our side. Fear not, because we've become invincible. My sons, my brothers, are you ready for the avalanche?

Victory conditions: 
- Take all the VHs."
The Defeat of Denikin (1918-1920),12,Orel: Red storm,,"Oct 16th, 1919",Soviet Union,volarm_12.xml,"Orel: Red storm

Oct 16th, 1919

Five days ago I assured you that the Reds were on the verge of panic. You could see with your own eyes how the survivors of their 13th Army ran for their lives when we took Orel. They know that their time is running out, but they also know that they won't find mercy in us. They'll be forced to fight until their bitter end.

Out of desperation the Bolsheviks have raised a Shock Group composed mainly of Latvians and Estonians. They want to outflank us, forcing us to retreat or to risk encirclement. It's amusing how they still underestimate you. Hold the line, my brothers, and show them that all their efforts are useless!

Victory conditions: 
- Take all the VHs."
The Defeat of Denikin (1918-1920),13,Tula,,"Nov 3rd, 1919",Soviet Union,volarm_13.xml,"Tula

Nov 3rd, 1919

After my victory at Orel it was easy to reach Plavsk, 20 miles from Moscow. But the Bolsheviks have shown a remarkable ability for military logistics. Somehow they have managed to build a defence line south of Tula, and they have sent six fresh divisions from the Voronezh and Tsaritsyn fronts. I'll need all my skill in order to defeat the Reds and continue my march on Moscow. 
The good news are that, trying to stop me, the Bolsheviks have weakened their left flank. Wrangel could take advantage of that and start an advance up the Volga. Then he could finally link with Kolchak's Siberian forces. So the Soviet's obsession with me could lead them to disaster, as long as I can take Tula.

Victory conditions: 
- Take all the VHs."
The Defeat of Denikin (1918-1920),14,Moscow,,"Dec 12th, 1919",Soviet Union,volarm_14.xml,"Moscow

Dec 12th, 1919

I thought I'd never say this, but I'm almost glad to be back on the battle. I know that it may sound strange coming from a member of the Military Directory that will govern Russia until the revolution is completeley defeated, but I simply can't get used to political affairs. In my opinion, those pointless discussions were mostly responsible for the fall of the Tsar and the coming of the Bolsheviks.

So I actually prefer to be here, where I can serve my country by taking Moscow. The old capital that has been transformed into the Beast's lair. The horrific place where the Red godless demons lurk. Never before have I been so eager to fulfill my duty. This city must be saved from the communists. 

The flanks are secured, thanks to the efforts of May-Mayevsky and Sidorin on my left, and Wrangel and Diterikhs on my right. The enemy's defences are strong. In fact, Moscow resembles a fortress now. But I won' let that stop me. Moscow will be free, even if it costs me my life.

Victory conditions: 
- Take all the VHs."
The Defeat of Denikin (1918-1920),15,Petrograd,,"Jan 26th, 1920",Britain vs France,volarm_15.xml,"Petrograd

Jan 26th, 1920

One last effort. That's all we need. When Petograd falls, all the Bolshevik power will have disappeared. Lenin, Trotsky, Stalin and most of their leaders have hidden here, waiting for a general mutiny among our forces, something that will never take place, or for the arrival of any ship that evacuates them to any country willing to accept them. And although I was reluctant to believe it, that might actually happen. The British and the French are so tired of war that they could allow them to stay in their countries. Well, if they want to hatch the eggs of vipers, I'm almost tempted to let them do so.
But I've learnt that revolution is like a hydra. No matter if we cut its heads, if we don't destroy them, soon many more will grow. So I must hurry and take Petrograd before they have time to  react. The fewer that can escape, the better.

Victory conditions: 
- Take all the VHs."
The Defeat of Denikin (1918-1920),16,Kharkov,,"Dec 4th, 1919",Soviet Union,volarm_16.xml,"Kharkov

Dec 4th, 1919

Due to my past defeat, in the following weeks Denikin only assigned secondary tasks to me. I can't blame him for that. My failure has prevented us from taking Moscow and, possibly, has cost us the war. Our army has been unable to stop the Soviet counterattacks, and it has been forced to retreat from most of the towns that it had taken during the summer. In fact, many of our divisions are on the verge of destruction.
The situation is so desperate that Denikin has had no choice but to employ all of his available officers, including myself. Three days ago he gave me the command of the area of Kharkov, in Ukraine. He's ordered me to stop the initial Soviet assault and hold the city as long as I can, thus giving the rest of our army the opportunity to regroup and retreat in order to the Donbass and the Kuban.

Victory conditions: 
- After 12 turns you must hold 5 VHs for a BV, 4 VHs for a V or 3 VHs for a TacV."
The Defeat of Denikin (1918-1920),17,Last days in Novorossiysk,,"Mar 12th, 1920",Poland vs Soviet Union,volarm_17.xml,"Last days in Novorossiysk

Mar 12th, 1920

My defence of Kharkov could have given us a chance to recover, but France and the United Kingdom simply betrayed us. They've stopped their support to our cause and are preparing themselves to live in a world with communist governments. In the other fronts the news are equally bad. Kolchak and Yudenich have been defeated, so now the Bolsheviks can send all of their units against us. Believing that our end is imminent, many of our soldiers have deserted.
The Bolsheviks have taken advantage from all of this, and in these past months they've driven us out from most of Ukraine, the Don region, and the Kuban. Even Ekaterinodar fell some days ago. At least thay've been forced to pay a very heavy price, with tens of thousands of dead and wounded.
Now all of our past mistakes are more evident. And not only the military ones, the political ones too. We refused to make a deal with the Polish and Ukrainian independentists, and thus we lost some potential allies who could have been decisive. Denikin tried to develop a serious agrarian reform, but we didn't listen to him. We were very busy with the military issues, and thus we lost the support of the peasants. The Bolsheviks only offer them false promises, but even that is better than the lootings and harsh treatment that they've received from us. Soon they'll learn that the Reds are even worse masters, but for now they dream of their arrival.

Our last bastion remains in Crimea. Denikin has decided to evacuate as many people as possible there, in order to make a last stand. We've got enough ships, so the evacuation isn't a problem, but someone will have to defend the mountain passes, fighting the Bolsheviks and giving the others enough time to travel safely to Crimea. And that's what Denikin has ordered me to do.

Victory conditions: 
- Destroy 45 enemy units.
- Don't lose any of your 6 MSUs. You can embark them, if you wish."
The Defeat of Denikin (1918-1920),18,Perekop,,"Nov 7th, 1920",Soviet Union,volarm_18.xml,"Perekop

Nov 7th, 1920

The Bolsheviks and their anarchist henchmen are detemined to throw us out of Crimea. It took them some months to find courage, but now it seems that the moment of truth has come.
We've prepared ourselves. In Sevastopol we have enough ships ready to embark our soldiers and our families, if necessary, and take them to a safe place. I just have to hold the Reds and the Blacks long enough, so that they won't be able to invade Crimea too fast. I've done it before, and I know that I can do it again. I haven't been able to save Russia, but at least I'll save the people who counted on us. I won't fail them this time.

Victory conditions: 
- Take all the VHs."
