Campaign,Scenario #,Battle,Outcome,Prestige Reward,Branches To,Next Scenario ID,Outcome Text
The Great Patriotic War Russia Campaign (1942-1945),0,"The time for retreating is over, now we must drive the fascist beasts from the soil of the Motherland! Now we began with Operation Uranus here on the Chir. With the fascist armies trapped at Stalingrad, it is important to keep the pressure on to prevent the fascists from mounting strong counter-attacks to relieve their trapped comrades. Here we attack the remnants of the Romanians, though must move quickly to prevent the Germans from sending reinforcements to stabilize this sector.  Za Rodinu!",BRILIANT,900,Now is the time to crush the Italians.,1,"Very good General! STAVKA will be pleased at this news, the breakthrough here has trapped hundreds of thousands of fascist troops in Stalingrad.

The Third Romanian Army began to be routed by the end of 19 November. The Soviet 21st Army and 5th Tank Army were able to capture some 27,000 Romanian prisoners the bulk of three divisions and then continue their advance southwards. Soviet cavalry was used to exploit the breakthrough, sever communications between the Romanians and the Italian 8th Army, and to block any possible counterattack against the Soviet flank."
The Great Patriotic War Russia Campaign (1942-1945),0,"The time for retreating is over, now we must drive the fascist beasts from the soil of the Motherland! Now we began with Operation Uranus here on the Chir. With the fascist armies trapped at Stalingrad, it is important to keep the pressure on to prevent the fascists from mounting strong counter-attacks to relieve their trapped comrades. Here we attack the remnants of the Romanians, though must move quickly to prevent the Germans from sending reinforcements to stabilize this sector.  Za Rodinu!",LOSE,0,CAMPAIGN END / DEFEAT,255,"Comrade General, STAVKA has sent these NKVD troops for you, I'm afraid you have been relieved of command..."
The Great Patriotic War Russia Campaign (1942-1945),0,"The time for retreating is over, now we must drive the fascist beasts from the soil of the Motherland! Now we began with Operation Uranus here on the Chir. With the fascist armies trapped at Stalingrad, it is important to keep the pressure on to prevent the fascists from mounting strong counter-attacks to relieve their trapped comrades. Here we attack the remnants of the Romanians, though must move quickly to prevent the Germans from sending reinforcements to stabilize this sector.  Za Rodinu!",TACTICAL,1000,Now is the time to crush the Italians.,1,"Comrade, while this can be called a victory, it has failed to impress STAVKA and many more victories such as this will mean we will not have an army to fight with. You must do better by our people and for the Motherland!

The Third Romanian Army began to be routed by the end of 19 November. The Soviet 21st Army and 5th Tank Army were able to capture some 27,000 Romanian prisoners the bulk of three divisions and then continue their advance southwards. Soviet cavalry was used to exploit the breakthrough, sever communications between the Romanians and the Italian 8th Army, and to block any possible counterattack against the Soviet flank."
The Great Patriotic War Russia Campaign (1942-1945),0,"The time for retreating is over, now we must drive the fascist beasts from the soil of the Motherland! Now we began with Operation Uranus here on the Chir. With the fascist armies trapped at Stalingrad, it is important to keep the pressure on to prevent the fascists from mounting strong counter-attacks to relieve their trapped comrades. Here we attack the remnants of the Romanians, though must move quickly to prevent the Germans from sending reinforcements to stabilize this sector.  Za Rodinu!",VICTORY,850,Now is the time to crush the Italians.,1,"Comrade General! Victory is sweet, no? However, if you had moved quicker it would have been more brilliant, but STAVKA approves. We have destroyed many fascist forces and trapped German troops in Stalingrad.

The Third Romanian Army began to be routed by the end of 19 November. The Soviet 21st Army and 5th Tank Army were able to capture some 27,000 Romanian prisoners the bulk of three divisions and then continue their advance southwards. Soviet cavalry was used to exploit the breakthrough, sever communications between the Romanians and the Italian 8th Army, and to block any possible counterattack against the Soviet flank."
The Great Patriotic War Russia Campaign (1942-1945),1,Now is the time to crush the Italians.,BRILIANT,900,Clear the Highway of Hungarians and break their line of communications and reinforcement in support of our attack in the south on Rostov and Kharkov.,2,"General Fyodor Isidorovich Kuznetsov's 1st Guards Army and General Dmitri Danilovich Lelyushenko's 3rd Guards Army attacked from the north, encircling 130,000 soldiers of the Italian 8th Army on the Don and advancing to Millerovo. (Manstein sent the 6th Panzer Division to the Italians' aid of the 130,000 encircled troops, 45,000 survived to join the Panzers at Chertkovo on 17 January)."
The Great Patriotic War Russia Campaign (1942-1945),1,Now is the time to crush the Italians.,LOSE,0,CAMPAIGN END / DEFEAT,255,You are relieved of command!
The Great Patriotic War Russia Campaign (1942-1945),1,Now is the time to crush the Italians.,TACTICAL,1000,Clear the Highway of Hungarians and break their line of communications and reinforcement in support of our attack in the south on Rostov and Kharkov.,2,"General Fyodor Isidorovich Kuznetsov's 1st Guards Army and General Dmitri Danilovich Lelyushenko's 3rd Guards Army attacked from the north, encircling 130,000 soldiers of the Italian 8th Army on the Don and advancing to Millerovo. (Manstein sent the 6th Panzer Division to the Italians' aid of the 130,000 encircled troops, 45,000 survived to join the Panzers at Chertkovo on 17 January)."
The Great Patriotic War Russia Campaign (1942-1945),1,Now is the time to crush the Italians.,VICTORY,950,Clear the Highway of Hungarians and break their line of communications and reinforcement in support of our attack in the south on Rostov and Kharkov.,2,"General Fyodor Isidorovich Kuznetsov's 1st Guards Army and General Dmitri Danilovich Lelyushenko's 3rd Guards Army attacked from the north, encircling 130,000 soldiers of the Italian 8th Army on the Don and advancing to Millerovo. (Manstein sent the 6th Panzer Division to the Italians' aid of the 130,000 encircled troops, 45,000 survived to join the Panzers at Chertkovo on 17 January)."
The Great Patriotic War Russia Campaign (1942-1945),2,Clear the Highway of Hungarians and break their line of communications and reinforcement in support of our attack in the south on Rostov and Kharkov.,BRILIANT,800,Operation Star,3,"On January 13, 1943, Russian forces, overwhelming in numbers and equipment, began the Voronezh-Kharkov Strategic Offensive Operation on the Bryansk, Voronezh, and Southwestern Fronts simultaneously . The Russians rapidly destroyed the Hungarian Second Army near Svoboda on the Don River."
The Great Patriotic War Russia Campaign (1942-1945),2,Clear the Highway of Hungarians and break their line of communications and reinforcement in support of our attack in the south on Rostov and Kharkov.,LOSE,0,CAMPAIGN END / DEFEAT,255,Defeat!
The Great Patriotic War Russia Campaign (1942-1945),2,Clear the Highway of Hungarians and break their line of communications and reinforcement in support of our attack in the south on Rostov and Kharkov.,TACTICAL,1000,Operation Star,3,"On January 13, 1943, Russian forces, overwhelming in numbers and equipment, began the Voronezh-Kharkov Strategic Offensive Operation on the Bryansk, Voronezh, and Southwestern Fronts simultaneously . The Russians rapidly destroyed the Hungarian Second Army near Svoboda on the Don River."
The Great Patriotic War Russia Campaign (1942-1945),2,Clear the Highway of Hungarians and break their line of communications and reinforcement in support of our attack in the south on Rostov and Kharkov.,VICTORY,950,Operation Star,3,"On January 13, 1943, Russian forces, overwhelming in numbers and equipment, began the Voronezh-Kharkov Strategic Offensive Operation on the Bryansk, Voronezh, and Southwestern Fronts simultaneously . The Russians rapidly destroyed the Hungarian Second Army near Svoboda on the Don River."
The Great Patriotic War Russia Campaign (1942-1945),3,Operation Star,BRILIANT,1700,"Here at Prokhorovka you have been attached to the 5th Guards Tank Army, this will not be easy Comrade General. Directly facing you is the elite of the SS: Adolf Hitler's named Liebstandarte Division and Das Reich in the south.  You must be very careful here not to let your army be destroyed in senseless attacks but to let them attack first, yet hold Prokhorovka, then once their assault burns itself out, counterattack, drive them back and take Ivanovski. This will be the swansong of the panzerkorps, you shall be the conductor of this orchestra of destruction and they will see their last Blitzkrieg lay broken and dying at your feet!",4,"As the German Sixth Army was encircled in Stalingrad, the Red Army undertook a series of wider offensives against the rest of Army Group South. These culminated on 2 January 1943, when the Soviets launched Operation Star, which between January and early February broke German defenses and led to the Soviet recapture of Kharkov, Belgorod and Kursk. The Soviet offensive was successful, but caused participating Soviet units to over-extend themselves."
The Great Patriotic War Russia Campaign (1942-1945),3,Operation Star,LOSE,2300,"Here at Prokhorovka you have been attached to the 5th Guards Tank Army, this will not be easy Comrade General. Directly facing you is the elite of the SS: Adolf Hitler's named Liebstandarte Division and Das Reich in the south.  You must be very careful here not to let your army be destroyed in senseless attacks but to let them attack first, yet hold Prokhorovka, then once their assault burns itself out, counterattack, drive them back and take Ivanovski. This will be the swansong of the panzerkorps, you shall be the conductor of this orchestra of destruction and they will see their last Blitzkrieg lay broken and dying at your feet!",4,"As the German Sixth Army was encircled in Stalingrad, the Red Army undertook a series of wider offensives against the rest of Army Group South. These culminated on 2 January 1943, when the Soviets launched Operation Star, which between January and early February broke German defenses and led to the Soviet recapture of Kharkov, Belgorod and Kursk. The Soviet offensive was successful, but caused participating Soviet units to over-extend themselves."
The Great Patriotic War Russia Campaign (1942-1945),3,Operation Star,TACTICAL,2100,"Here at Prokhorovka you have been attached to the 5th Guards Tank Army, this will not be easy Comrade General. Directly facing you is the elite of the SS: Adolf Hitler's named Liebstandarte Division and Das Reich in the south.  You must be very careful here not to let your army be destroyed in senseless attacks but to let them attack first, yet hold Prokhorovka, then once their assault burns itself out, counterattack, drive them back and take Ivanovski. This will be the swansong of the panzerkorps, you shall be the conductor of this orchestra of destruction and they will see their last Blitzkrieg lay broken and dying at your feet!",4,"As the German Sixth Army was encircled in Stalingrad, the Red Army undertook a series of wider offensives against the rest of Army Group South. These culminated on 2 January 1943, when the Soviets launched Operation Star, which between January and early February broke German defenses and led to the Soviet recapture of Kharkov, Belgorod and Kursk. The Soviet offensive was successful, but caused participating Soviet units to over-extend themselves."
The Great Patriotic War Russia Campaign (1942-1945),3,Operation Star,VICTORY,1850,"Here at Prokhorovka you have been attached to the 5th Guards Tank Army, this will not be easy Comrade General. Directly facing you is the elite of the SS: Adolf Hitler's named Liebstandarte Division and Das Reich in the south.  You must be very careful here not to let your army be destroyed in senseless attacks but to let them attack first, yet hold Prokhorovka, then once their assault burns itself out, counterattack, drive them back and take Ivanovski. This will be the swansong of the panzerkorps, you shall be the conductor of this orchestra of destruction and they will see their last Blitzkrieg lay broken and dying at your feet!",4,"As the German Sixth Army was encircled in Stalingrad, the Red Army undertook a series of wider offensives against the rest of Army Group South. These culminated on 2 January 1943, when the Soviets launched Operation Star, which between January and early February broke German defenses and led to the Soviet recapture of Kharkov, Belgorod and Kursk. The Soviet offensive was successful, but caused participating Soviet units to over-extend themselves."
The Great Patriotic War Russia Campaign (1942-1945),4,"Here at Prokhorovka you have been attached to the 5th Guards Tank Army, this will not be easy Comrade General. Directly facing you is the elite of the SS: Adolf Hitler's named Liebstandarte Division and Das Reich in the south.  You must be very careful here not to let your army be destroyed in senseless attacks but to let them attack first, yet hold Prokhorovka, then once their assault burns itself out, counterattack, drive them back and take Ivanovski. This will be the swansong of the panzerkorps, you shall be the conductor of this orchestra of destruction and they will see their last Blitzkrieg lay broken and dying at your feet!",BRILIANT,700,"Here is our counter stroke to the German operations aimed at Kursk, it is to break through at Karachev and destroy this fortified salient around Orel. Beware the Fortresses at both Orel and Bryansk are fortified with heavy artillery, invest these fortresses and we shall move west.",5,"Regardless of the tactical outcome, the Battle of Prokhorovka was turned into a critical propaganda and operational victory for the Red Army. The Germans had first thought they were almost through the defenses and were expecting nothing more than a few anti-tank guns; instead, they met the better part of a thousand tanks. Clearly the Soviets were not beaten, and this had a significant impact upon German decision making.

It also became clear that the German advantage in quality of officers and men was now eroding and the self-confident Soviets were ready to begin launching larger offensives and driving the German forces back towards Germany. From this point forward, the strategic initiative would remain with the Red Army."
The Great Patriotic War Russia Campaign (1942-1945),4,"Here at Prokhorovka you have been attached to the 5th Guards Tank Army, this will not be easy Comrade General. Directly facing you is the elite of the SS: Adolf Hitler's named Liebstandarte Division and Das Reich in the south.  You must be very careful here not to let your army be destroyed in senseless attacks but to let them attack first, yet hold Prokhorovka, then once their assault burns itself out, counterattack, drive them back and take Ivanovski. This will be the swansong of the panzerkorps, you shall be the conductor of this orchestra of destruction and they will see their last Blitzkrieg lay broken and dying at your feet!",LOSE,900,"Here is our counter stroke to the German operations aimed at Kursk, it is to break through at Karachev and destroy this fortified salient around Orel. Beware the Fortresses at both Orel and Bryansk are fortified with heavy artillery, invest these fortresses and we shall move west.",5,"Regardless of the tactical outcome, the Battle of Prokhorovka was turned into a critical propaganda and operational victory for the Red Army. The Germans had first thought they were almost through the defenses and were expecting nothing more than a few anti-tank guns; instead, they met the better part of a thousand tanks. Clearly the Soviets were not beaten, and this had a significant impact upon German decision making.

It also became clear that the German advantage in quality of officers and men was now eroding and the self-confident Soviets were ready to begin launching larger offensives and driving the German forces back towards Germany. From this point forward, the strategic initiative would remain with the Red Army."
The Great Patriotic War Russia Campaign (1942-1945),4,"Here at Prokhorovka you have been attached to the 5th Guards Tank Army, this will not be easy Comrade General. Directly facing you is the elite of the SS: Adolf Hitler's named Liebstandarte Division and Das Reich in the south.  You must be very careful here not to let your army be destroyed in senseless attacks but to let them attack first, yet hold Prokhorovka, then once their assault burns itself out, counterattack, drive them back and take Ivanovski. This will be the swansong of the panzerkorps, you shall be the conductor of this orchestra of destruction and they will see their last Blitzkrieg lay broken and dying at your feet!",TACTICAL,800,"Here is our counter stroke to the German operations aimed at Kursk, it is to break through at Karachev and destroy this fortified salient around Orel. Beware the Fortresses at both Orel and Bryansk are fortified with heavy artillery, invest these fortresses and we shall move west.",5,"Regardless of the tactical outcome, the Battle of Prokhorovka was turned into a critical propaganda and operational victory for the Red Army. The Germans had first thought they were almost through the defenses and were expecting nothing more than a few anti-tank guns; instead, they met the better part of a thousand tanks. Clearly the Soviets were not beaten, and this had a significant impact upon German decision making.

It also became clear that the German advantage in quality of officers and men was now eroding and the self-confident Soviets were ready to begin launching larger offensives and driving the German forces back towards Germany. From this point forward, the strategic initiative would remain with the Red Army."
The Great Patriotic War Russia Campaign (1942-1945),4,"Here at Prokhorovka you have been attached to the 5th Guards Tank Army, this will not be easy Comrade General. Directly facing you is the elite of the SS: Adolf Hitler's named Liebstandarte Division and Das Reich in the south.  You must be very careful here not to let your army be destroyed in senseless attacks but to let them attack first, yet hold Prokhorovka, then once their assault burns itself out, counterattack, drive them back and take Ivanovski. This will be the swansong of the panzerkorps, you shall be the conductor of this orchestra of destruction and they will see their last Blitzkrieg lay broken and dying at your feet!",VICTORY,850,"Here is our counter stroke to the German operations aimed at Kursk, it is to break through at Karachev and destroy this fortified salient around Orel. Beware the Fortresses at both Orel and Bryansk are fortified with heavy artillery, invest these fortresses and we shall move west.",5,"Regardless of the tactical outcome, the Battle of Prokhorovka was turned into a critical propaganda and operational victory for the Red Army. The Germans had first thought they were almost through the defenses and were expecting nothing more than a few anti-tank guns; instead, they met the better part of a thousand tanks. Clearly the Soviets were not beaten, and this had a significant impact upon German decision making.

It also became clear that the German advantage in quality of officers and men was now eroding and the self-confident Soviets were ready to begin launching larger offensives and driving the German forces back towards Germany. From this point forward, the strategic initiative would remain with the Red Army."
The Great Patriotic War Russia Campaign (1942-1945),5,"Here is our counter stroke to the German operations aimed at Kursk, it is to break through at Karachev and destroy this fortified salient around Orel. Beware the Fortresses at both Orel and Bryansk are fortified with heavy artillery, invest these fortresses and we shall move west.",BRILIANT,700,"On 17 October Konev attacked out of his bridgehead at Kremenchug and swung to the south toward the iron ore center at Krivoi Rog and the main rail line into the Dnepr bend from the west. This threat forced the Germans to give up Dnepropetrovsk, but the First Panzer Army was able to hold in front of Krivoi Rog.",6,"The Soviet forces pressed back the German defenders and liberated Orel. Operation Kutuzov set the stage for the liberation of Smolensk in September 1943. The Germans were greatly weakened by this thrust, and thus were unable to stop further Soviet advances westwards."
The Great Patriotic War Russia Campaign (1942-1945),5,"Here is our counter stroke to the German operations aimed at Kursk, it is to break through at Karachev and destroy this fortified salient around Orel. Beware the Fortresses at both Orel and Bryansk are fortified with heavy artillery, invest these fortresses and we shall move west.",LOSE,0,CAMPAIGN END / DEFEAT,255,Defeat and Disgrace!
The Great Patriotic War Russia Campaign (1942-1945),5,"Here is our counter stroke to the German operations aimed at Kursk, it is to break through at Karachev and destroy this fortified salient around Orel. Beware the Fortresses at both Orel and Bryansk are fortified with heavy artillery, invest these fortresses and we shall move west.",TACTICAL,800,"On 17 October Konev attacked out of his bridgehead at Kremenchug and swung to the south toward the iron ore center at Krivoi Rog and the main rail line into the Dnepr bend from the west. This threat forced the Germans to give up Dnepropetrovsk, but the First Panzer Army was able to hold in front of Krivoi Rog.",6,"The Soviet forces pressed back the German defenders and liberated Orel. Operation Kutuzov set the stage for the liberation of Smolensk in September 1943. The Germans were greatly weakened by this thrust, and thus were unable to stop further Soviet advances westwards."
The Great Patriotic War Russia Campaign (1942-1945),5,"Here is our counter stroke to the German operations aimed at Kursk, it is to break through at Karachev and destroy this fortified salient around Orel. Beware the Fortresses at both Orel and Bryansk are fortified with heavy artillery, invest these fortresses and we shall move west.",VICTORY,850,"On 17 October Konev attacked out of his bridgehead at Kremenchug and swung to the south toward the iron ore center at Krivoi Rog and the main rail line into the Dnepr bend from the west. This threat forced the Germans to give up Dnepropetrovsk, but the First Panzer Army was able to hold in front of Krivoi Rog.",6,"The Soviet forces pressed back the German defenders and liberated Orel. Operation Kutuzov set the stage for the liberation of Smolensk in September 1943. The Germans were greatly weakened by this thrust, and thus were unable to stop further Soviet advances westwards."
The Great Patriotic War Russia Campaign (1942-1945),6,"On 17 October Konev attacked out of his bridgehead at Kremenchug and swung to the south toward the iron ore center at Krivoi Rog and the main rail line into the Dnepr bend from the west. This threat forced the Germans to give up Dnepropetrovsk, but the First Panzer Army was able to hold in front of Krivoi Rog.",BRILIANT,700,"Kiev has languished for too long under Nazi rule, they impatiently await your liberation. Nobody has said this will be easy, undoubtably the Germans will throw much strength into the defence of the city in their ""fortress"" ideology.",7,"While the attack seemed of little value, it did force the Germans back, even further from the Dnepr and any territory freed, meant a better hope for life to the civilians there."
The Great Patriotic War Russia Campaign (1942-1945),6,"On 17 October Konev attacked out of his bridgehead at Kremenchug and swung to the south toward the iron ore center at Krivoi Rog and the main rail line into the Dnepr bend from the west. This threat forced the Germans to give up Dnepropetrovsk, but the First Panzer Army was able to hold in front of Krivoi Rog.",LOSE,0,CAMPAIGN END / DEFEAT,255,Failure!
The Great Patriotic War Russia Campaign (1942-1945),6,"On 17 October Konev attacked out of his bridgehead at Kremenchug and swung to the south toward the iron ore center at Krivoi Rog and the main rail line into the Dnepr bend from the west. This threat forced the Germans to give up Dnepropetrovsk, but the First Panzer Army was able to hold in front of Krivoi Rog.",TACTICAL,800,"Kiev has languished for too long under Nazi rule, they impatiently await your liberation. Nobody has said this will be easy, undoubtably the Germans will throw much strength into the defence of the city in their ""fortress"" ideology.",7,"While the attack seemed of little value, it did force the Germans back, even further from the Dnepr and any territory freed, meant a better hope for life to the civilians there."
The Great Patriotic War Russia Campaign (1942-1945),6,"On 17 October Konev attacked out of his bridgehead at Kremenchug and swung to the south toward the iron ore center at Krivoi Rog and the main rail line into the Dnepr bend from the west. This threat forced the Germans to give up Dnepropetrovsk, but the First Panzer Army was able to hold in front of Krivoi Rog.",VICTORY,750,"Kiev has languished for too long under Nazi rule, they impatiently await your liberation. Nobody has said this will be easy, undoubtably the Germans will throw much strength into the defence of the city in their ""fortress"" ideology.",7,"While the attack seemed of little value, it did force the Germans back, even further from the Dnepr and any territory freed, meant a better hope for life to the civilians there."
The Great Patriotic War Russia Campaign (1942-1945),7,"Kiev has languished for too long under Nazi rule, they impatiently await your liberation. Nobody has said this will be easy, undoubtably the Germans will throw much strength into the defence of the city in their ""fortress"" ideology.",BRILIANT,700,"Taking Zhitomir will cut communications between Army Groups North and South, the 25th Panzer Division under General Jauer is counter-attacking here reinforced by Fallschirmjagers.",8,"On the morning of 3 November 1943, the 4th Panzer Army awoke to a massive Soviet bombardment. The German forces screening the bridgehead were smashed, and Kiev was liberated in short order. The 1st Czechoslovak Independent Brigade started the assault at 12.30 on 5 November, reaching the Dniepr at 02.00 on the 6th, after sweeping through the western suburbs of the City, with Kiev finally being liberated at 06.50 on the 6th."
The Great Patriotic War Russia Campaign (1942-1945),7,"Kiev has languished for too long under Nazi rule, they impatiently await your liberation. Nobody has said this will be easy, undoubtably the Germans will throw much strength into the defence of the city in their ""fortress"" ideology.",LOSE,0,CAMPAIGN END / DEFEAT,255,You have been relieved of command!
The Great Patriotic War Russia Campaign (1942-1945),7,"Kiev has languished for too long under Nazi rule, they impatiently await your liberation. Nobody has said this will be easy, undoubtably the Germans will throw much strength into the defence of the city in their ""fortress"" ideology.",TACTICAL,800,"Taking Zhitomir will cut communications between Army Groups North and South, the 25th Panzer Division under General Jauer is counter-attacking here reinforced by Fallschirmjagers.",8,"On the morning of 3 November 1943, the 4th Panzer Army awoke to a massive Soviet bombardment. The German forces screening the bridgehead were smashed, and Kiev was liberated in short order. The 1st Czechoslovak Independent Brigade started the assault at 12.30 on 5 November, reaching the Dniepr at 02.00 on the 6th, after sweeping through the western suburbs of the City, with Kiev finally being liberated at 06.50 on the 6th."
The Great Patriotic War Russia Campaign (1942-1945),7,"Kiev has languished for too long under Nazi rule, they impatiently await your liberation. Nobody has said this will be easy, undoubtably the Germans will throw much strength into the defence of the city in their ""fortress"" ideology.",VICTORY,850,"Taking Zhitomir will cut communications between Army Groups North and South, the 25th Panzer Division under General Jauer is counter-attacking here reinforced by Fallschirmjagers.",8,"On the morning of 3 November 1943, the 4th Panzer Army awoke to a massive Soviet bombardment. The German forces screening the bridgehead were smashed, and Kiev was liberated in short order. The 1st Czechoslovak Independent Brigade started the assault at 12.30 on 5 November, reaching the Dniepr at 02.00 on the 6th, after sweeping through the western suburbs of the City, with Kiev finally being liberated at 06.50 on the 6th."
The Great Patriotic War Russia Campaign (1942-1945),8,"Taking Zhitomir will cut communications between Army Groups North and South, the 25th Panzer Division under General Jauer is counter-attacking here reinforced by Fallschirmjagers.",BRILIANT,1800,"Comrade General, STAVKA feels that the whole Romanian army here can be brought down with a few hard blows, your mission is to apply those blows here at Iasi.",9,"The first unit to arrive from 48th Panzer Corps was the newly formed 25th Panzer Division commanded by General der Panzertruppen Georg Jauer, on 7 November. Its drive on Fastov was halted by the 7th Guards Tank Corps. Rybalko was soon just 40 miles from Berdichev. Zhitomir was taken by the 38th Army. The 4th Panzer Army was in deep trouble. However, the situation changed with the arrival of the 1st SS Division, 1st and 7th Panzer Divisions, under the command of 48th Panzer Corps. These new forces drove north to Brusilov and then west to retake Zhitomir. Rybalko sent the 7th Guards Tank Corps, to counter the German assault, and a huge tank battle ensued, although not quite on the scale seen at Kursk."
The Great Patriotic War Russia Campaign (1942-1945),8,"Taking Zhitomir will cut communications between Army Groups North and South, the 25th Panzer Division under General Jauer is counter-attacking here reinforced by Fallschirmjagers.",LOSE,0,CAMPAIGN END / DEFEAT,255,Failure and Defeat!
The Great Patriotic War Russia Campaign (1942-1945),8,"Taking Zhitomir will cut communications between Army Groups North and South, the 25th Panzer Division under General Jauer is counter-attacking here reinforced by Fallschirmjagers.",TACTICAL,1800,"Comrade General, STAVKA feels that the whole Romanian army here can be brought down with a few hard blows, your mission is to apply those blows here at Iasi.",9,"The first unit to arrive from 48th Panzer Corps was the newly formed 25th Panzer Division commanded by General der Panzertruppen Georg Jauer, on 7 November. Its drive on Fastov was halted by the 7th Guards Tank Corps. Rybalko was soon just 40 miles from Berdichev. Zhitomir was taken by the 38th Army. The 4th Panzer Army was in deep trouble. However, the situation changed with the arrival of the 1st SS Division, 1st and 7th Panzer Divisions, under the command of 48th Panzer Corps. These new forces drove north to Brusilov and then west to retake Zhitomir. Rybalko sent the 7th Guards Tank Corps, to counter the German assault, and a huge tank battle ensued, although not quite on the scale seen at Kursk."
The Great Patriotic War Russia Campaign (1942-1945),8,"Taking Zhitomir will cut communications between Army Groups North and South, the 25th Panzer Division under General Jauer is counter-attacking here reinforced by Fallschirmjagers.",VICTORY,1850,"Comrade General, STAVKA feels that the whole Romanian army here can be brought down with a few hard blows, your mission is to apply those blows here at Iasi.",9,"The first unit to arrive from 48th Panzer Corps was the newly formed 25th Panzer Division commanded by General der Panzertruppen Georg Jauer, on 7 November. Its drive on Fastov was halted by the 7th Guards Tank Corps. Rybalko was soon just 40 miles from Berdichev. Zhitomir was taken by the 38th Army. The 4th Panzer Army was in deep trouble. However, the situation changed with the arrival of the 1st SS Division, 1st and 7th Panzer Divisions, under the command of 48th Panzer Corps. These new forces drove north to Brusilov and then west to retake Zhitomir. Rybalko sent the 7th Guards Tank Corps, to counter the German assault, and a huge tank battle ensued, although not quite on the scale seen at Kursk."
The Great Patriotic War Russia Campaign (1942-1945),9,"Comrade General, STAVKA feels that the whole Romanian army here can be brought down with a few hard blows, your mission is to apply those blows here at Iasi.",BRILIANT,700,"Three years ago, the fascists invaded Mother Russia causing untold suffering to the Russian people. Today on the 3rd anniversary of that hateful day, we begin the final Operation to drive them from our soil, Operation Bagration shall be their creshendo of doom.",10,"The First Jassy-Kishinev Offensive, was fought between 8 April and 6 June 1944 by the Soviets and Axis powers of World War II. The offensive was actually a coordinated invasion of Romania conducted by Red Army's 2nd and 3rd Ukrainian Fronts, according to the plans of the Main Command of the Soviet Military (Stavka), the two Soviet fronts would cut-off Axis vital defensive lines in Northern Romania. This then would facilitate a subsequent advance by the Red Army into the entire Balkan region. The Soviet attack commenced with the First Battle of Targu Frumos and Battle of Podu Iloaiei, and culminated with the Second Battle of Targu Frumos. However, Soviet forces failed to overcome German defenses in the region and the offensive operation ultimately failed."
The Great Patriotic War Russia Campaign (1942-1945),9,"Comrade General, STAVKA feels that the whole Romanian army here can be brought down with a few hard blows, your mission is to apply those blows here at Iasi.",LOSE,0,CAMPAIGN END / DEFEAT,255,Failure!
The Great Patriotic War Russia Campaign (1942-1945),9,"Comrade General, STAVKA feels that the whole Romanian army here can be brought down with a few hard blows, your mission is to apply those blows here at Iasi.",TACTICAL,900,"Three years ago, the fascists invaded Mother Russia causing untold suffering to the Russian people. Today on the 3rd anniversary of that hateful day, we begin the final Operation to drive them from our soil, Operation Bagration shall be their creshendo of doom.",10,"The First Jassy-Kishinev Offensive, was fought between 8 April and 6 June 1944 by the Soviets and Axis powers of World War II. The offensive was actually a coordinated invasion of Romania conducted by Red Army's 2nd and 3rd Ukrainian Fronts, according to the plans of the Main Command of the Soviet Military (Stavka), the two Soviet fronts would cut-off Axis vital defensive lines in Northern Romania. This then would facilitate a subsequent advance by the Red Army into the entire Balkan region. The Soviet attack commenced with the First Battle of Targu Frumos and Battle of Podu Iloaiei, and culminated with the Second Battle of Targu Frumos. However, Soviet forces failed to overcome German defenses in the region and the offensive operation ultimately failed."
The Great Patriotic War Russia Campaign (1942-1945),9,"Comrade General, STAVKA feels that the whole Romanian army here can be brought down with a few hard blows, your mission is to apply those blows here at Iasi.",VICTORY,850,"Three years ago, the fascists invaded Mother Russia causing untold suffering to the Russian people. Today on the 3rd anniversary of that hateful day, we begin the final Operation to drive them from our soil, Operation Bagration shall be their creshendo of doom.",10,"The First Jassy-Kishinev Offensive, was fought between 8 April and 6 June 1944 by the Soviets and Axis powers of World War II. The offensive was actually a coordinated invasion of Romania conducted by Red Army's 2nd and 3rd Ukrainian Fronts, according to the plans of the Main Command of the Soviet Military (Stavka), the two Soviet fronts would cut-off Axis vital defensive lines in Northern Romania. This then would facilitate a subsequent advance by the Red Army into the entire Balkan region. The Soviet attack commenced with the First Battle of Targu Frumos and Battle of Podu Iloaiei, and culminated with the Second Battle of Targu Frumos. However, Soviet forces failed to overcome German defenses in the region and the offensive operation ultimately failed."
The Great Patriotic War Russia Campaign (1942-1945),10,"Three years ago, the fascists invaded Mother Russia causing untold suffering to the Russian people. Today on the 3rd anniversary of that hateful day, we begin the final Operation to drive them from our soil, Operation Bagration shall be their creshendo of doom.",BRILIANT,700,Here at Minsk the Germans have little chance of reinforcement before you surround them and destroy their Festung. With this action we will completely encircle their 4th Army from the north.,11,"Bobruisk was liberated on June 29, the  German 383rd Infantry Division commencing withdrawal towards dawn: no further elements of Ninth Army would escape from east of the Berezina. The German breakout had allowed around 12,000 troops - mostly demoralised and without weapons - from the pocket east of Bobruisk to get out, but the Soviets claimed 20,000 taken prisoner. A further 50,000 were dead: Soviet accounts speak of the area being carpeted with bodies and littered with abandoned materiel. The Soviet writer, Vasily Grossman, entered Bobruisk shortly after the end of the battle:

""Men are walking over German corpses. Corpses, hundreds and thousands of them, pave the road, lie in ditches, under the pines, in the green barley. In some places, vehicles have to drive over the corpses, so densely they lie upon the ground [...] A cauldron of death was boiling here, where the revenge was carried out.""

Ninth Army had been decisively defeated, and the southern route to Minsk was open."
The Great Patriotic War Russia Campaign (1942-1945),10,"Three years ago, the fascists invaded Mother Russia causing untold suffering to the Russian people. Today on the 3rd anniversary of that hateful day, we begin the final Operation to drive them from our soil, Operation Bagration shall be their creshendo of doom.",LOSE,0,CAMPAIGN END / DEFEAT,255,Failure!
The Great Patriotic War Russia Campaign (1942-1945),10,"Three years ago, the fascists invaded Mother Russia causing untold suffering to the Russian people. Today on the 3rd anniversary of that hateful day, we begin the final Operation to drive them from our soil, Operation Bagration shall be their creshendo of doom.",TACTICAL,1000,Here at Minsk the Germans have little chance of reinforcement before you surround them and destroy their Festung. With this action we will completely encircle their 4th Army from the north.,11,"Bobruisk was liberated on June 29, the  German 383rd Infantry Division commencing withdrawal towards dawn: no further elements of Ninth Army would escape from east of the Berezina. The German breakout had allowed around 12,000 troops - mostly demoralised and without weapons - from the pocket east of Bobruisk to get out, but the Soviets claimed 20,000 taken prisoner. A further 50,000 were dead: Soviet accounts speak of the area being carpeted with bodies and littered with abandoned materiel. The Soviet writer, Vasily Grossman, entered Bobruisk shortly after the end of the battle:

""Men are walking over German corpses. Corpses, hundreds and thousands of them, pave the road, lie in ditches, under the pines, in the green barley. In some places, vehicles have to drive over the corpses, so densely they lie upon the ground [...] A cauldron of death was boiling here, where the revenge was carried out.""

Ninth Army had been decisively defeated, and the southern route to Minsk was open."
The Great Patriotic War Russia Campaign (1942-1945),10,"Three years ago, the fascists invaded Mother Russia causing untold suffering to the Russian people. Today on the 3rd anniversary of that hateful day, we begin the final Operation to drive them from our soil, Operation Bagration shall be their creshendo of doom.",VICTORY,950,Here at Minsk the Germans have little chance of reinforcement before you surround them and destroy their Festung. With this action we will completely encircle their 4th Army from the north.,11,"Bobruisk was liberated on June 29, the  German 383rd Infantry Division commencing withdrawal towards dawn: no further elements of Ninth Army would escape from east of the Berezina. The German breakout had allowed around 12,000 troops - mostly demoralised and without weapons - from the pocket east of Bobruisk to get out, but the Soviets claimed 20,000 taken prisoner. A further 50,000 were dead: Soviet accounts speak of the area being carpeted with bodies and littered with abandoned materiel. The Soviet writer, Vasily Grossman, entered Bobruisk shortly after the end of the battle:

""Men are walking over German corpses. Corpses, hundreds and thousands of them, pave the road, lie in ditches, under the pines, in the green barley. In some places, vehicles have to drive over the corpses, so densely they lie upon the ground [...] A cauldron of death was boiling here, where the revenge was carried out.""

Ninth Army had been decisively defeated, and the southern route to Minsk was open."
The Great Patriotic War Russia Campaign (1942-1945),11,Here at Minsk the Germans have little chance of reinforcement before you surround them and destroy their Festung. With this action we will completely encircle their 4th Army from the north.,BRILIANT,700,"Chernyakhovsky ordered that his main mobile 'exploitation' forces, the 5th Guards Tank Army and 3rd Guards Cavalry Corps continue their advance from Minsk on July 5 in the direction of Vilnius, with the aim of reaching the city by the following day: they were to encircle Vilnius from the south and north respectively. The rifle divisions of 5th Army were ordered to follow and close up to them. To the south, the 39th Army was directed to move on Lida, while the 11th Guards Army would advance in the Front's center.",12,"The forces of the German Army Group Center were almost completely shattered within a matter of days in a victory of unprecedented scale. In particular, nearly the entire Fourth Army, plus many of the elements of Ninth Army that had escaped from the Bobruisk Offensive, were destroyed. In total, around 100,000 troops from Fourth and Ninth Armies were caught in the encirclement, of whom some 40,000 were killed, most of the remainder being captured."
The Great Patriotic War Russia Campaign (1942-1945),11,Here at Minsk the Germans have little chance of reinforcement before you surround them and destroy their Festung. With this action we will completely encircle their 4th Army from the north.,LOSE,0,CAMPAIGN END / DEFEAT,255,Stalin will be furious!
The Great Patriotic War Russia Campaign (1942-1945),11,Here at Minsk the Germans have little chance of reinforcement before you surround them and destroy their Festung. With this action we will completely encircle their 4th Army from the north.,TACTICAL,800,"Chernyakhovsky ordered that his main mobile 'exploitation' forces, the 5th Guards Tank Army and 3rd Guards Cavalry Corps continue their advance from Minsk on July 5 in the direction of Vilnius, with the aim of reaching the city by the following day: they were to encircle Vilnius from the south and north respectively. The rifle divisions of 5th Army were ordered to follow and close up to them. To the south, the 39th Army was directed to move on Lida, while the 11th Guards Army would advance in the Front's center.",12,"The forces of the German Army Group Center were almost completely shattered within a matter of days in a victory of unprecedented scale. In particular, nearly the entire Fourth Army, plus many of the elements of Ninth Army that had escaped from the Bobruisk Offensive, were destroyed. In total, around 100,000 troops from Fourth and Ninth Armies were caught in the encirclement, of whom some 40,000 were killed, most of the remainder being captured."
The Great Patriotic War Russia Campaign (1942-1945),11,Here at Minsk the Germans have little chance of reinforcement before you surround them and destroy their Festung. With this action we will completely encircle their 4th Army from the north.,VICTORY,850,"Chernyakhovsky ordered that his main mobile 'exploitation' forces, the 5th Guards Tank Army and 3rd Guards Cavalry Corps continue their advance from Minsk on July 5 in the direction of Vilnius, with the aim of reaching the city by the following day: they were to encircle Vilnius from the south and north respectively. The rifle divisions of 5th Army were ordered to follow and close up to them. To the south, the 39th Army was directed to move on Lida, while the 11th Guards Army would advance in the Front's center.",12,"The forces of the German Army Group Center were almost completely shattered within a matter of days in a victory of unprecedented scale. In particular, nearly the entire Fourth Army, plus many of the elements of Ninth Army that had escaped from the Bobruisk Offensive, were destroyed. In total, around 100,000 troops from Fourth and Ninth Armies were caught in the encirclement, of whom some 40,000 were killed, most of the remainder being captured."
The Great Patriotic War Russia Campaign (1942-1945),12,"Chernyakhovsky ordered that his main mobile 'exploitation' forces, the 5th Guards Tank Army and 3rd Guards Cavalry Corps continue their advance from Minsk on July 5 in the direction of Vilnius, with the aim of reaching the city by the following day: they were to encircle Vilnius from the south and north respectively. The rifle divisions of 5th Army were ordered to follow and close up to them. To the south, the 39th Army was directed to move on Lida, while the 11th Guards Army would advance in the Front's center.",BRILIANT,700,"After the Russian reconnaissance units reached Warsaw in late July, on August 1, 1944 the Warsaw Uprising started. Starting from an area south of Minsk Mazowiecki, Lieutenant-General N. D. Vedeneev's 3rd Tank Corps (part of the Soviet Second Tank Army) thrust northwest through Okuniew and Wolomin to Radzymin, reaching an area only three miles (five kilometers) from the strategic bridge over the Narew River at Zegrze.",13,"While the German aim of holding Vilnius as fortress was not achieved, the tenacious defence made a contribution in stopping the Red Army's drive west for a few precious days: most importantly, it tied down the 5th Guards Tank Army, which had been instrumental in the initial successes of the Red Army during Operation Bagration. Without the traffic network based on Vilnius, the German position in the northern Baltics was untenable."
The Great Patriotic War Russia Campaign (1942-1945),12,"Chernyakhovsky ordered that his main mobile 'exploitation' forces, the 5th Guards Tank Army and 3rd Guards Cavalry Corps continue their advance from Minsk on July 5 in the direction of Vilnius, with the aim of reaching the city by the following day: they were to encircle Vilnius from the south and north respectively. The rifle divisions of 5th Army were ordered to follow and close up to them. To the south, the 39th Army was directed to move on Lida, while the 11th Guards Army would advance in the Front's center.",LOSE,0,CAMPAIGN END / DEFEAT,255,You're fired!
The Great Patriotic War Russia Campaign (1942-1945),12,"Chernyakhovsky ordered that his main mobile 'exploitation' forces, the 5th Guards Tank Army and 3rd Guards Cavalry Corps continue their advance from Minsk on July 5 in the direction of Vilnius, with the aim of reaching the city by the following day: they were to encircle Vilnius from the south and north respectively. The rifle divisions of 5th Army were ordered to follow and close up to them. To the south, the 39th Army was directed to move on Lida, while the 11th Guards Army would advance in the Front's center.",TACTICAL,800,"After the Russian reconnaissance units reached Warsaw in late July, on August 1, 1944 the Warsaw Uprising started. Starting from an area south of Minsk Mazowiecki, Lieutenant-General N. D. Vedeneev's 3rd Tank Corps (part of the Soviet Second Tank Army) thrust northwest through Okuniew and Wolomin to Radzymin, reaching an area only three miles (five kilometers) from the strategic bridge over the Narew River at Zegrze.",13,"While the German aim of holding Vilnius as fortress was not achieved, the tenacious defence made a contribution in stopping the Red Army's drive west for a few precious days: most importantly, it tied down the 5th Guards Tank Army, which had been instrumental in the initial successes of the Red Army during Operation Bagration. Without the traffic network based on Vilnius, the German position in the northern Baltics was untenable."
The Great Patriotic War Russia Campaign (1942-1945),12,"Chernyakhovsky ordered that his main mobile 'exploitation' forces, the 5th Guards Tank Army and 3rd Guards Cavalry Corps continue their advance from Minsk on July 5 in the direction of Vilnius, with the aim of reaching the city by the following day: they were to encircle Vilnius from the south and north respectively. The rifle divisions of 5th Army were ordered to follow and close up to them. To the south, the 39th Army was directed to move on Lida, while the 11th Guards Army would advance in the Front's center.",VICTORY,850,"After the Russian reconnaissance units reached Warsaw in late July, on August 1, 1944 the Warsaw Uprising started. Starting from an area south of Minsk Mazowiecki, Lieutenant-General N. D. Vedeneev's 3rd Tank Corps (part of the Soviet Second Tank Army) thrust northwest through Okuniew and Wolomin to Radzymin, reaching an area only three miles (five kilometers) from the strategic bridge over the Narew River at Zegrze.",13,"While the German aim of holding Vilnius as fortress was not achieved, the tenacious defence made a contribution in stopping the Red Army's drive west for a few precious days: most importantly, it tied down the 5th Guards Tank Army, which had been instrumental in the initial successes of the Red Army during Operation Bagration. Without the traffic network based on Vilnius, the German position in the norththern Baltics was untenable."
The Great Patriotic War Russia Campaign (1942-1945),13,"After the Russian reconnaissance units reached Warsaw in late July, on August 1, 1944 the Warsaw Uprising started. Starting from an area south of Minsk Mazowiecki, Lieutenant-General N. D. Vedeneev's 3rd Tank Corps (part of the Soviet Second Tank Army) thrust northwest through Okuniew and Wolomin to Radzymin, reaching an area only three miles (five kilometers) from the strategic bridge over the Narew River at Zegrze.",BRILIANT,800,"Cavalry-Mechanized Group Pliyev is in danger of being cut off at Nyiregyhaza, your Corps has been attached to the 6th Guards Tank Army and will attack north from Debrecen in order to relieve Cavalry Mechanized Group Pliyev. Holding Nyiregyhaza will cut off the escape route of the German 8th Army. The Germans and Hungarians have launched a counter-attack with 1st and 23rd Panzer Divisions reinforced by the Konigstigers of the sPz Abt 503.",14,"Between August 1 and August 10, 1944 at the conclusion of the Belorussian strategic offensive operation near the town of Radzymin in the vicinity of Warsaw, part of which entailed a large tank battle at Wolomin. It was the largest tank battle on the territories of Poland during WWII.

Approach of the Red Army forces into the proximity of Warsaw served to initiate the Warsaw Uprising by the Home Army with expectation of help from the Red Army.

Further combat lasted until August 10, when the Germans finally withdrew. Soviet losses were heavy, but not heavy enough to affect the overall course of their thrust to the vicinity of Warsaw. The 3rd Tank Corps was destroyed, the 8th Guards Tank Corps took heavy losses, and the 16th Tank Corps took significant losses as well."
The Great Patriotic War Russia Campaign (1942-1945),13,"After the Russian reconnaissance units reached Warsaw in late July, on August 1, 1944 the Warsaw Uprising started. Starting from an area south of Minsk Mazowiecki, Lieutenant-General N. D. Vedeneev's 3rd Tank Corps (part of the Soviet Second Tank Army) thrust northwest through Okuniew and Wolomin to Radzymin, reaching an area only three miles (five kilometers) from the strategic bridge over the Narew River at Zegrze.",LOSE,0,CAMPAIGN END / DEFEAT,255,You Lose!
The Great Patriotic War Russia Campaign (1942-1945),13,"After the Russian reconnaissance units reached Warsaw in late July, on August 1, 1944 the Warsaw Uprising started. Starting from an area south of Minsk Mazowiecki, Lieutenant-General N. D. Vedeneev's 3rd Tank Corps (part of the Soviet Second Tank Army) thrust northwest through Okuniew and Wolomin to Radzymin, reaching an area only three miles (five kilometers) from the strategic bridge over the Narew River at Zegrze.",TACTICAL,800,"Cavalry-Mechanized Group Pliyev is in danger of being cut off at Nyiregyhaza, your Corps has been attached to the 6th Guards Tank Army and will attack north from Debrecen in order to relieve Cavalry Mechanized Group Pliyev. Holding Nyiregyhaza will cut off the escape route of the German 8th Army. The Germans and Hungarians have launched a counter-attack with 1st and 23rd Panzer Divisions reinforced by the Konigstigers of the sPz Abt 503.",14,"Between August 1 and August 10, 1944 at the conclusion of the Belorussian strategic offensive operation near the town of Radzymin in the vicinity of Warsaw, part of which entailed a large tank battle at Wolomin. It was the largest tank battle on the territories of Poland during WWII.

Approach of the Red Army forces into the proximity of Warsaw served to initiate the Warsaw Uprising by the Home Army with expectation of help from the Red Army.

Further combat lasted until August 10, when the Germans finally withdrew. Soviet losses were heavy, but not heavy enough to affect the overall course of their thrust to the vicinity of Warsaw. The 3rd Tank Corps was destroyed, the 8th Guards Tank Corps took heavy losses, and the 16th Tank Corps took significant losses as well."
The Great Patriotic War Russia Campaign (1942-1945),13,"After the Russian reconnaissance units reached Warsaw in late July, on August 1, 1944 the Warsaw Uprising started. Starting from an area south of Minsk Mazowiecki, Lieutenant-General N. D. Vedeneev's 3rd Tank Corps (part of the Soviet Second Tank Army) thrust northwest through Okuniew and Wolomin to Radzymin, reaching an area only three miles (five kilometers) from the strategic bridge over the Narew River at Zegrze.",VICTORY,850,"Cavalry-Mechanized Group Pliyev is in danger of being cut off at Nyiregyhaza, your Corps has been attached to the 6th Guards Tank Army and will attack north from Debrecen in order to relieve Cavalry Mechanized Group Pliyev. Holding Nyiregyhaza will cut off the escape route of the German 8th Army. The Germans and Hungarians have launched a counter-attack with 1st and 23rd Panzer Divisions reinforced by the Konigstigers of the sPz Abt 503.",14,"Between August 1 and August 10, 1944 at the conclusion of the Belorussian strategic offensive operation near the town of Radzymin in the vicinity of Warsaw, part of which entailed a large tank battle at Wolomin. It was the largest tank battle on the territories of Poland during WWII.

Approach of the Red Army forces into the proximity of Warsaw served to initiate the Warsaw Uprising by the Home Army with expectation of help from the Red Army.

Further combat lasted until August 10, when the Germans finally withdrew. Soviet losses were heavy, but not heavy enough to affect the overall course of their thrust to the vicinity of Warsaw. The 3rd Tank Corps was destroyed, the 8th Guards Tank Corps took heavy losses, and the 16th Tank Corps took significant losses as well."
The Great Patriotic War Russia Campaign (1942-1945),14,"Cavalry-Mechanized Group Pliyev is in danger of being cut off at Nyiregyhaza, your Corps has been attached to the 6th Guards Tank Army and will attack north from Debrecen in order to relieve Cavalry Mechanized Group Pliyev. Holding Nyiregyhaza will cut off the escape route of the German 8th Army. The Germans and Hungarians have launched a counter-attack with 1st and 23rd Panzer Divisions reinforced by the Konigstigers of the sPz Abt 503.",BRILIANT,700,"On 29 October 1944, the Red Army started its offensive against the city of Budapest. More than 1,000,000 men split into two operating maneuver groups rushed towards the city. The plan was to cut Budapest off from the rest of the German and Hungarian forces. On 7 November 1944, Soviet and Romanian troops entered the eastern suburbs of Budapest, 20 kilometers from the old town.",15,"The Debrecen operation saw Soviet forces advance anywhere from 60 to 120 miles further west into Hungary, leaving the 2nd and 3rd Ukrainian Fronts in position to renew the offensive towards Budapest. The tank battle at Debrecen itself had drawn the German Panzer units away from defending the approaches to Budapest.

Under the 6th Guards Tank Army's ferocious attacks, the front line near Oradea (Southeast near Debrecen) was steadily pushed back, in what historian Earl F. Ziemke described as ""one of the wildest tank battles of the war""."
The Great Patriotic War Russia Campaign (1942-1945),14,"Cavalry-Mechanized Group Pliyev is in danger of being cut off at Nyiregyhaza, your Corps has been attached to the 6th Guards Tank Army and will attack north from Debrecen in order to relieve Cavalry Mechanized Group Pliyev. Holding Nyiregyhaza will cut off the escape route of the German 8th Army. The Germans and Hungarians have launched a counter-attack with 1st and 23rd Panzer Divisions reinforced by the Konigstigers of the sPz Abt 503.",LOSE,0,CAMPAIGN END / DEFEAT,255,You Lose!
The Great Patriotic War Russia Campaign (1942-1945),14,"Cavalry-Mechanized Group Pliyev is in danger of being cut off at Nyiregyhaza, your Corps has been attached to the 6th Guards Tank Army and will attack north from Debrecen in order to relieve Cavalry Mechanized Group Pliyev. Holding Nyiregyhaza will cut off the escape route of the German 8th Army. The Germans and Hungarians have launched a counter-attack with 1st and 23rd Panzer Divisions reinforced by the Konigstigers of the sPz Abt 503.",TACTICAL,800,"On 29 October 1944, the Red Army started its offensive against the city of Budapest. More than 1,000,000 men split into two operating maneuver groups rushed towards the city. The plan was to cut Budapest off from the rest of the German and Hungarian forces. On 7 November 1944, Soviet and Romanian troops entered the eastern suburbs of Budapest, 20 kilometers from the old town.",15,"The Debrecen operation saw Soviet forces advance anywhere from 60 to 120 miles further west into Hungary, leaving the 2nd and 3rd Ukrainian Fronts in position to renew the offensive towards Budapest. The tank battle at Debrecen itself had drawn the German Panzer units away from defending the approaches to Budapest.

Under the 6th Guards Tank Army's ferocious attacks, the front line near Oradea (Southeast near Debrecen) was steadily pushed back, in what historian Earl F. Ziemke described as ""one of the wildest tank battles of the war""."
The Great Patriotic War Russia Campaign (1942-1945),14,"Cavalry-Mechanized Group Pliyev is in danger of being cut off at Nyiregyhaza, your Corps has been attached to the 6th Guards Tank Army and will attack north from Debrecen in order to relieve Cavalry Mechanized Group Pliyev. Holding Nyiregyhaza will cut off the escape route of the German 8th Army. The Germans and Hungarians have launched a counter-attack with 1st and 23rd Panzer Divisions reinforced by the Konigstigers of the sPz Abt 503.",VICTORY,850,"On 29 October 1944, the Red Army started its offensive against the city of Budapest. More than 1,000,000 men split into two operating maneuver groups rushed towards the city. The plan was to cut Budapest off from the rest of the German and Hungarian forces. On 7 November 1944, Soviet and Romanian troops entered the eastern suburbs of Budapest, 20 kilometers from the old town.",15,"The Debrecen operation saw Soviet forces advance anywhere from 60 to 120 miles further west into Hungary, leaving the 2nd and 3rd Ukrainian Fronts in position to renew the offensive towards Budapest. The tank battle at Debrecen itself had drawn the German Panzer units away from defending the approaches to Budapest.

Under the 6th Guards Tank Army's ferocious attacks, the front line near Oradea (Southeast near Debrecen) was steadily pushed back, in what historian Earl F. Ziemke described as ""one of the wildest tank battles of the war""."
The Great Patriotic War Russia Campaign (1942-1945),15,"On 29 October 1944, the Red Army started its offensive against the city of Budapest. More than 1,000,000 men split into two operating maneuver groups rushed towards the city. The plan was to cut Budapest off from the rest of the German and Hungarian forces. On 7 November 1944, Soviet and Romanian troops entered the eastern suburbs of Budapest, 20 kilometers from the old town.",BRILIANT,700,"The main thrust of the offensive wil to be conducted by the 3rd Belorussian Front under Chernyakhovsky. Your forces are tasked with driving westwards towards Konigsberg, against the defensive positions of Third Panzer Army and Fourth Army, the northern armies of General Georg-Hans Reinhardt's Army Group Center.",16,"From October 1944, the 2nd, 3rd, and 4th Ukrainian Fronts advanced into Hungary. After isolating the Hungarian capital city in late December, the Soviets besieged and assaulted Budapest. On 13 February 1945, the city fell. While this destroyed most of the German forces in the region, troops were rushed from the Western Front and, in March, the Germans launched the ill fated Operation Spring Awakening (Unternehmen Fruhlingserwachen) in the Lake Balaton area. The expansive goals of this operation were to protect one of the last oil producing regions available to the Axis and to retake Budapest. Neither goal was achieved."
The Great Patriotic War Russia Campaign (1942-1945),15,"On 29 October 1944, the Red Army started its offensive against the city of Budapest. More than 1,000,000 men split into two operating maneuver groups rushed towards the city. The plan was to cut Budapest off from the rest of the German and Hungarian forces. On 7 November 1944, Soviet and Romanian troops entered the eastern suburbs of Budapest, 20 kilometers from the old town.",LOSE,850,"The main thrust of the offensive wil to be conducted by the 3rd Belorussian Front under Chernyakhovsky. Your forces are tasked with driving westwards towards Konigsberg, against the defensive positions of Third Panzer Army and Fourth Army, the northern armies of General Georg-Hans Reinhardt's Army Group Center.",16,"From October 1944, the 2nd, 3rd, and 4th Ukrainian Fronts advanced into Hungary. After isolating the Hungarian capital city in late December, the Soviets besieged and assaulted Budapest. On 13 February 1945, the city fell. While this destroyed most of the German forces in the region, troops were rushed from the Western Front and, in March, the Germans launched the ill fated Operation Spring Awakening (Unternehmen Fruhlingserwachen) in the Lake Balaton area. The expansive goals of this operation were to protect one of the last oil producing regions available to the Axis and to retake Budapest. Neither goal was achieved."
The Great Patriotic War Russia Campaign (1942-1945),15,"On 29 October 1944, the Red Army started its offensive against the city of Budapest. More than 1,000,000 men split into two operating maneuver groups rushed towards the city. The plan was to cut Budapest off from the rest of the German and Hungarian forces. On 7 November 1944, Soviet and Romanian troops entered the eastern suburbs of Budapest, 20 kilometers from the old town.",TACTICAL,800,"The main thrust of the offensive wil to be conducted by the 3rd Belorussian Front under Chernyakhovsky. Your forces are tasked with driving westwards towards Konigsberg, against the defensive positions of Third Panzer Army and Fourth Army, the northern armies of General Georg-Hans Reinhardt's Army Group Center.",16,"From October 1944, the 2nd, 3rd, and 4th Ukrainian Fronts advanced into Hungary. After isolating the Hungarian capital city in late December, the Soviets besieged and assaulted Budapest. On 13 February 1945, the city fell. While this destroyed most of the German forces in the region, troops were rushed from the Western Front and, in March, the Germans launched the ill fated Operation Spring Awakening (Unternehmen Fruhlingserwachen) in the Lake Balaton area. The expansive goals of this operation were to protect one of the last oil producing regions available to the Axis and to retake Budapest. Neither goal was achieved."
The Great Patriotic War Russia Campaign (1942-1945),15,"On 29 October 1944, the Red Army started its offensive against the city of Budapest. More than 1,000,000 men split into two operating maneuver groups rushed towards the city. The plan was to cut Budapest off from the rest of the German and Hungarian forces. On 7 November 1944, Soviet and Romanian troops entered the eastern suburbs of Budapest, 20 kilometers from the old town.",VICTORY,850,"The main thrust of the offensive wil to be conducted by the 3rd Belorussian Front under Chernyakhovsky. Your forces are tasked with driving westwards towards Konigsberg, against the defensive positions of Third Panzer Army and Fourth Army, the northern armies of General Georg-Hans Reinhardt's Army Group Center.",16,"From October 1944, the 2nd, 3rd, and 4th Ukrainian Fronts advanced into Hungary. After isolating the Hungarian capital city in late December, the Soviets besieged and assaulted Budapest. On 13 February 1945, the city fell. While this destroyed most of the German forces in the region, troops were rushed from the Western Front and, in March, the Germans launched the ill fated Operation Spring Awakening (Unternehmen Fruhlingserwachen) in the Lake Balaton area. The expansive goals of this operation were to protect one of the last oil producing regions available to the Axis and to retake Budapest. Neither goal was achieved."
The Great Patriotic War Russia Campaign (1942-1945),16,"The main thrust of the offensive wil to be conducted by the 3rd Belorussian Front under Chernyakhovsky. Your forces are tasked with driving westwards towards Konigsberg, against the defensive positions of Third Panzer Army and Fourth Army, the northern armies of General Georg-Hans Reinhardt's Army Group Center.",BRILIANT,700,"Operation Solstice (German: Unternehmen Sonnenwende), also known as Unternehmen Husarenritt or the 'Stargard tank battle', was a German armoured offensive operation on the Eastern Front, one of the last such operations.",17,"The remnants of Third Panzer Army, placed under Fourth Army's command, became isolated in the Siege of Konigsberg. The city was finally taken, after brutal combat, on April 9. After this point the remaining German forces around the Bight of Danzig were reorganised into Armee Ostpreussen under the overall command of Dietrich von Saucken. 
The third group of German forces, the XXVIII Corps or Armeeabteilung Samland under General Hans Gollnick, occupied the Samland peninsula, where the port of Pillau was retained as the last effective evacuation point for the area. The last elements were cleared from Pillau on April 25 in the Zemland offensive operation. 
Even after this time German forces continued to resist on the Frische Nehrung, the long sandbar enclosing the Vistula Lagoon, until the end of the war."
The Great Patriotic War Russia Campaign (1942-1945),16,"The main thrust of the offensive wil to be conducted by the 3rd Belorussian Front under Chernyakhovsky. Your forces are tasked with driving westwards towards Konigsberg, against the defensive positions of Third Panzer Army and Fourth Army, the northern armies of General Georg-Hans Reinhardt's Army Group Center.",LOSE,0,CAMPAIGN END / DEFEAT,255,Defeat!
The Great Patriotic War Russia Campaign (1942-1945),16,"The main thrust of the offensive wil to be conducted by the 3rd Belorussian Front under Chernyakhovsky. Your forces are tasked with driving westwards towards Konigsberg, against the defensive positions of Third Panzer Army and Fourth Army, the northern armies of General Georg-Hans Reinhardt's Army Group Center.",TACTICAL,800,"Operation Solstice (German: Unternehmen Sonnenwende), also known as Unternehmen Husarenritt or the 'Stargard tank battle', was a German armoured offensive operation on the Eastern Front, one of the last such operations.",17,"The remnants of Third Panzer Army, placed under Fourth Army's command, became isolated in the Siege of Konigsberg. The city was finally taken, after brutal combat, on April 9. After this point the remaining German forces around the Bight of Danzig were reorganised into Armee Ostpreussen under the overall command of Dietrich von Saucken. 
The third group of German forces, the XXVIII Corps or Armeeabteilung Samland under General Hans Gollnick, occupied the Samland peninsula, where the port of Pillau was retained as the last effective evacuation point for the area. The last elements were cleared from Pillau on April 25 in the Zemland offensive operation. 
Even after this time German forces continued to resist on the Frische Nehrung, the long sandbar enclosing the Vistula Lagoon, until the end of the war."
The Great Patriotic War Russia Campaign (1942-1945),16,"The main thrust of the offensive wil to be conducted by the 3rd Belorussian Front under Chernyakhovsky. Your forces are tasked with driving westwards towards Konigsberg, against the defensive positions of Third Panzer Army and Fourth Army, the northern armies of General Georg-Hans Reinhardt's Army Group Center.",VICTORY,850,"Operation Solstice (German: Unternehmen Sonnenwende), also known as Unternehmen Husarenritt or the 'Stargard tank battle', was a German armoured offensive operation on the Eastern Front, one of the last such operations.",17,"The remnants of Third Panzer Army, placed under Fourth Army's command, became isolated in the Siege of Konigsberg. The city was finally taken, after brutal combat, on April 9. After this point the remaining German forces around the Bight of Danzig were reorganised into Armee Ostpreussen under the overall command of Dietrich von Saucken. 
The third group of German forces, the XXVIII Corps or Armeeabteilung Samland under General Hans Gollnick, occupied the Samland peninsula, where the port of Pillau was retained as the last effective evacuation point for the area. The last elements were cleared from Pillau on April 25 in the Zemland offensive operation. 
Even after this time German forces continued to resist on the Frische Nehrung, the long sandbar enclosing the Vistula Lagoon, until the end of the war."
The Great Patriotic War Russia Campaign (1942-1945),17,"Operation Solstice (German: Unternehmen Sonnenwende), also known as Unternehmen Husarenritt or the 'Stargard tank battle', was a German armoured offensive operation on the Eastern Front, one of the last such operations.",BRILIANT,700,"The beginning of the end, Battle of the Seelow Heights.",18,"Despite the initial gains, the operation was, in tactical terms, a complete failure. German forces failed to penetrate towards Kustrin and suffered major losses of heavy equipment in the subsequent retreat. However, the operation convinced Marshal Zhukov and Joseph Stalin that the northern flank of the Soviet advance on Berlin was vulnerable, and therefore postponed the latter by some two months while Pomerania was cleared in the East Pomeranian Offensive."
The Great Patriotic War Russia Campaign (1942-1945),17,"Operation Solstice (German: Unternehmen Sonnenwende), also known as Unternehmen Husarenritt or the 'Stargard tank battle', was a German armoured offensive operation on the Eastern Front, one of the last such operations.",LOSE,0,CAMPAIGN END / DEFEAT,255,Failure!
The Great Patriotic War Russia Campaign (1942-1945),17,"Operation Solstice (German: Unternehmen Sonnenwende), also known as Unternehmen Husarenritt or the 'Stargard tank battle', was a German armoured offensive operation on the Eastern Front, one of the last such operations.",TACTICAL,800,"The beginning of the end, Battle of the Seelow Heights.",18,"Despite the initial gains, the operation was, in tactical terms, a complete failure. German forces failed to penetrate towards Kustrin and suffered major losses of heavy equipment in the subsequent retreat. However, the operation convinced Marshal Zhukov and Joseph Stalin that the northern flank of the Soviet advance on Berlin was vulnerable, and therefore postponed the latter by some two months while Pomerania was cleared in the East Pomeranian Offensive."
The Great Patriotic War Russia Campaign (1942-1945),17,"Operation Solstice (German: Unternehmen Sonnenwende), also known as Unternehmen Husarenritt or the 'Stargard tank battle', was a German armoured offensive operation on the Eastern Front, one of the last such operations.",VICTORY,850,"The beginning of the end, Battle of the Seelow Heights.",18,"Despite the initial gains, the operation was, in tactical terms, a complete failure. German forces failed to penetrate towards Kustrin and suffered major losses of heavy equipment in the subsequent retreat. However, the operation convinced Marshal Zhukov and Joseph Stalin that the northern flank of the Soviet advance on Berlin was vulnerable, and therefore postponed the latter by some two months while Pomerania was cleared in the East Pomeranian Offensive."
The Great Patriotic War Russia Campaign (1942-1945),18,"The beginning of the end, Battle of the Seelow Heights.",BRILIANT,3200,"""On the walls of the houses we saw Goebbels' appeals, hurriedly scrawled in white paint: 'Every German will defend his capital. We shall stop the Red hordes at the walls of our Berlin.' Just try and stop them!",19,"The sector in which most of the fighting in the overall offensive took place was the Seelow Heights, the last major defensive line outside Berlin. The Battle of the Seelow Heights, fought over four days from 16 April until 19 April, was one of the last pitched battles of World War II, given that it required a commitment of almost one million Red Army troops and more than 20,000 tanks and artillery pieces were in action to break through the ""Gates to Berlin"" which was defended by about 100,000 German soldiers and 1,200 tanks and guns. However, the Soviet forces led by Zhukov eventually broke through the defensive positions, having suffered about 30,000 casualties, while the Germans lost 12,000 personnel."
The Great Patriotic War Russia Campaign (1942-1945),18,"The beginning of the end, Battle of the Seelow Heights.",LOSE,0,CAMPAIGN END / DEFEAT,255,Failure!
The Great Patriotic War Russia Campaign (1942-1945),18,"The beginning of the end, Battle of the Seelow Heights.",TACTICAL,3100,"""On the walls of the houses we saw Goebbels' appeals, hurriedly scrawled in white paint: 'Every German will defend his capital. We shall stop the Red hordes at the walls of our Berlin.' Just try and stop them!",19,"The sector in which most of the fighting in the overall offensive took place was the Seelow Heights, the last major defensive line outside Berlin. The Battle of the Seelow Heights, fought over four days from 16 April until 19 April, was one of the last pitched battles of World War II, given that it required a commitment of almost one million Red Army troops and more than 20,000 tanks and artillery pieces were in action to break through the ""Gates to Berlin"" which was defended by about 100,000 German soldiers and 1,200 tanks and guns. However, the Soviet forces led by Zhukov eventually broke through the defensive positions, having suffered about 30,000 casualties, while the Germans lost 12,000 personnel."
The Great Patriotic War Russia Campaign (1942-1945),18,"The beginning of the end, Battle of the Seelow Heights.",VICTORY,3150,"""On the walls of the houses we saw Goebbels' appeals, hurriedly scrawled in white paint: 'Every German will defend his capital. We shall stop the Red hordes at the walls of our Berlin.' Just try and stop them!",19,"The sector in which most of the fighting in the overall offensive took place was the Seelow Heights, the last major defensive line outside Berlin. The Battle of the Seelow Heights, fought over four days from 16 April until 19 April, was one of the last pitched battles of World War II, given that it required a commitment of almost one million Red Army troops and more than 20,000 tanks and artillery pieces were in action to break through the ""Gates to Berlin"" which was defended by about 100,000 German soldiers and 1,200 tanks and guns. However, the Soviet forces led by Zhukov eventually broke through the defensive positions, having suffered about 30,000 casualties, while the Germans lost 12,000 personnel."
The Great Patriotic War Russia Campaign (1942-1945),19,"""On the walls of the houses we saw Goebbels' appeals, hurriedly scrawled in white paint: 'Every German will defend his capital. We shall stop the Red hordes at the walls of our Berlin.' Just try and stop them!",BRILIANT,0,Unknown (ID 254),254,"Before the battle was over, German Fuhrer Adolf Hitler and many of his followers committed suicide. The city's defenders finally surrendered on 2 May. At 02:41 on the morning of 7 May 1945, at the SHAEF headquarters, German Chief-of-Staff General Alfred Jodl signed the unconditional surrender documents for all German forces to the Allies. It included the phrase All forces under German control to cease active operations at 2301 hours Central European time on 8 May 1945. The next day shortly before midnight, Field Marshal Wilhelm Keitel repeated the signing in Berlin at Zhukov's headquarters. The war in Europe was over.

The Eastern Front of World War II was the largest theater of war in history and was notorious for its unprecedented ferocity, destruction, and immense loss of life. More people fought and died on the Eastern Front than in all other theatres of World War II combined. Various figures average a total number of 70,000,000 dead because of World War II; with over 30 million dead, many of them civilians, the Eastern Front represents well over one-third of this total, and has been called a war of extermination. It resulted in the destruction of the Third Reich, the partition of Germany and the rise of the Soviet Union as a military and industrial superpower."
The Great Patriotic War Russia Campaign (1942-1945),19,"""On the walls of the houses we saw Goebbels' appeals, hurriedly scrawled in white paint: 'Every German will defend his capital. We shall stop the Red hordes at the walls of our Berlin.' Just try and stop them!",LOSE,0,CAMPAIGN END / DEFEAT,255,"Before the battle was over, German Fuhrer Adolf Hitler and many of his followers committed suicide. The city's defenders finally surrendered on 2 May. At 02:41 on the morning of 7 May 1945, at the SHAEF headquarters, German Chief-of-Staff General Alfred Jodl signed the unconditional surrender documents for all German forces to the Allies. It included the phrase All forces under German control to cease active operations at 2301 hours Central European time on 8 May 1945. The next day shortly before midnight, Field Marshal Wilhelm Keitel repeated the signing in Berlin at Zhukov's headquarters. The war in Europe was over.

The Eastern Front of World War II was the largest theater of war in history and was notorious for its unprecedented ferocity, destruction, and immense loss of life. More people fought and died on the Eastern Front than in all other theatres of World War II combined. Various figures average a total number of 70,000,000 dead because of World War II; with over 30 million dead, many of them civilians, the Eastern Front represents well over one-third of this total, and has been called a war of extermination. It resulted in the destruction of the Third Reich, the partition of Germany and the rise of the Soviet Union as a military and industrial superpower."
The Great Patriotic War Russia Campaign (1942-1945),19,"""On the walls of the houses we saw Goebbels' appeals, hurriedly scrawled in white paint: 'Every German will defend his capital. We shall stop the Red hordes at the walls of our Berlin.' Just try and stop them!",TACTICAL,0,Unknown (ID 254),254,"Before the battle was over, German Fuhrer Adolf Hitler and many of his followers committed suicide. The city's defenders finally surrendered on 2 May. At 02:41 on the morning of 7 May 1945, at the SHAEF headquarters, German Chief-of-Staff General Alfred Jodl signed the unconditional surrender documents for all German forces to the Allies. It included the phrase All forces under German control to cease active operations at 2301 hours Central European time on 8 May 1945. The next day shortly before midnight, Field Marshal Wilhelm Keitel repeated the signing in Berlin at Zhukov's headquarters. The war in Europe was over.

The Eastern Front of World War II was the largest theater of war in history and was notorious for its unprecedented ferocity, destruction, and immense loss of life. More people fought and died on the Eastern Front than in all other theatres of World War II combined. Various figures average a total number of 70,000,000 dead because of World War II; with over 30 million dead, many of them civilians, the Eastern Front represents well over one-third of this total, and has been called a war of extermination. It resulted in the destruction of the Third Reich, the partition of Germany and the rise of the Soviet Union as a military and industrial superpower."
The Great Patriotic War Russia Campaign (1942-1945),19,"""On the walls of the houses we saw Goebbels' appeals, hurriedly scrawled in white paint: 'Every German will defend his capital. We shall stop the Red hordes at the walls of our Berlin.' Just try and stop them!",VICTORY,0,Unknown (ID 254),254,"Before the battle was over, German Fuhrer Adolf Hitler and many of his followers committed suicide. The city's defenders finally surrendered on 2 May. At 02:41 on the morning of 7 May 1945, at the SHAEF headquarters, German Chief-of-Staff General Alfred Jodl signed the unconditional surrender documents for all German forces to the Allies. It included the phrase All forces under German control to cease active operations at 2301 hours Central European time on 8 May 1945. The next day shortly before midnight, Field Marshal Wilhelm Keitel repeated the signing in Berlin at Zhukov's headquarters. The war in Europe was over.

The Eastern Front of World War II was the largest theater of war in history and was notorious for its unprecedented ferocity, destruction, and immense loss of life. More people fought and died on the Eastern Front than in all other theatres of World War II combined. Various figures average a total number of 70,000,000 dead because of World War II; with over 30 million dead, many of them civilians, the Eastern Front represents well over one-third of this total, and has been called a war of extermination. It resulted in the destruction of the Third Reich, the partition of Germany and the rise of the Soviet Union as a military and industrial superpower."
Czech Legion - Siberian Anabasis (1917-1920),0,*** CZECH LEGION - SIBERIAN ANABASIS ***,BRILIANT,350,01. Kiev (28 February 1918),1,"OUTCOME

The Czech action at Zborow was a huge success for the Czech Legion. The Russian Army was weary of three years of defeat after defeat and were deeply demoralized. So were the Austro-Hungarian forces at the other side. Two of the Austrian regiments had more than 50% of Czechs filling the ranks. 

In the battle of Zborow the Czech Legion captured 62 officers, 3150 soldiers, 15 canons and lots of machine guns. The losses were only 185 killed and 800 wounded. Though in general, the Kerensky offensive was a failure, the Czechs proved their worth and spirit in battle.

The Czech victory was kept silent in the Habsburg Empire but was made public in almost all other countries, including Germany. Kerensky allowed the Legion to expand and conduct an independant offensive which had minimum success. The front kept quiet the coming months when another revolution, the Bolshevik revolution, took place in Russia broke out..."
Czech Legion - Siberian Anabasis (1917-1920),0,*** CZECH LEGION - SIBERIAN ANABASIS ***,VICTORY,350,01. Kiev (28 February 1918),1,"OUTCOME

The Czech action at Zborow was a huge success for the Czech Legion. The Russian Army was weary of three years of defeat after defeat and were deeply demoralized. So were the Austro-Hungarian forces at the other side. Two of the Austrian regiments had more than 50% of Czechs filling the ranks. 

In the battle of Zborow the Czech Legion captured 62 officers, 3150 soldiers, 15 canons and lots of machine guns. The losses were only 185 killed and 800 wounded. Though in general, the Kerensky offensive was a failure, the Czechs proved their worth and spirit in battle.

The Czech victory was kept silent in the Habsburg Empire but was made public in almost all other countries, including Germany. Kerensky allowed the Legion to expand and conduct an independant offensive which had minimum success. The front kept quiet the coming months when another revolution, the Bolshevik revolution, took place in Russia broke out..."
Czech Legion - Siberian Anabasis (1917-1920),0,*** CZECH LEGION - SIBERIAN ANABASIS ***,TACTICAL,350,01. Kiev (28 February 1918),1,"OUTCOME

The Czech action at Zborow was a huge success for the Czech Legion. The Russian Army was weary of three years of defeat after defeat and were deeply demoralized. So were the Austro-Hungarian forces at the other side. Two of the Austrian regiments had more than 50% of Czechs filling the ranks. 

In the battle of Zborow the Czech Legion captured 62 officers, 3150 soldiers, 15 canons and lots of machine guns. The losses were only 185 killed and 800 wounded. Though in general, the Kerensky offensive was a failure, the Czechs proved their worth and spirit in battle.

The Czech victory was kept silent in the Habsburg Empire but was made public in almost all other countries, including Germany. Kerensky allowed the Legion to expand and conduct an independant offensive which had minimum success. The front kept quiet the coming months when another revolution, the Bolshevik revolution, took place in Russia broke out..."
Czech Legion - Siberian Anabasis (1917-1920),0,*** CZECH LEGION - SIBERIAN ANABASIS ***,LOSE,0,*** CZECH LEGION - SIBERIAN ANABASIS ***,0,"OUTCOME

The Czech action at Zborow was a huge success for the Czech Legion. The Russian Army was weary of three years of defeat after defeat and were deeply demoralized. So were the Austro-Hungarian forces at the other side. Two of the Austrian regiments had more than 50% of Czechs filling the ranks. 

In the battle of Zborow the Czech Legion captured 62 officers, 3150 soldiers, 15 canons and lots of machine guns. The losses were only 185 killed and 800 wounded. Though in general, the Kerensky offensive was a failure, the Czechs proved their worth and spirit in battle.

The Czech victory was kept silent in the Habsburg Empire but was made public in almost all other countries, including Germany. Kerensky allowed the Legion to expand and conduct an independant offensive which had minimum success. The front kept quiet the coming months when another revolution, the Bolshevik revolution, took place in Russia broke out..."
Czech Legion - Siberian Anabasis (1917-1920),1,01. Kiev (28 February 1918),BRILIANT,300,02. BACHMATSJ (13 March 1918),2,"OUTCOME

The German juggernaut into the Ukraine was in general unstoppable because the Imperial Russian Army was no more. Only scattered troops were fleeing to safety. Chaos was complete. Kiev was evacuated by the Bolsheviks as soon as the Germans came near.

The Czech Legion was also retreating east to stay out of German hands. The Legion's 2nd Regiment took up positions at the bridges over the Dnjepr River at Kiev and held these for five days, until 3 March 1918, so that the bulk of the Czech Legion could retreat east. The 2nd regiment then broke off contact and joined the Legion again. Kiev was now in German hands but the Czech Legion had escaped!"
Czech Legion - Siberian Anabasis (1917-1920),1,01. Kiev (28 February 1918),VICTORY,300,02. BACHMATSJ (13 March 1918),2,"OUTCOME

The German juggernaut into the Ukraine was in general unstoppable because the Imperial Russian Army was no more. Only scattered troops were fleeing to safety. Chaos was complete. Kiev was evacuated by the Bolsheviks as soon as the Germans came near.

The Czech Legion was also retreating east to stay out of German hands. The Legion's 2nd Regiment took up positions at the bridges over the Dnjepr River at Kiev and held these for five days, until 3 March 1918, so that the bulk of the Czech Legion could retreat east. The 2nd regiment then broke off contact and joined the Legion again. Kiev was now in German hands but the Czech Legion had escaped!"
Czech Legion - Siberian Anabasis (1917-1920),1,01. Kiev (28 February 1918),TACTICAL,300,02. BACHMATSJ (13 March 1918),2,"OUTCOME

The German juggernaut into the Ukraine was in general unstoppable because the Imperial Russian Army was no more. Only scattered troops were fleeing to safety. Chaos was complete. Kiev was evacuated by the Bolsheviks as soon as the Germans came near.

The Czech Legion was also retreating east to stay out of German hands. The Legion's 2nd Regiment took up positions at the bridges over the Dnjepr River at Kiev and held these for five days, until 3 March 1918, so that the bulk of the Czech Legion could retreat east. The 2nd regiment then broke off contact and joined the Legion again. Kiev was now in German hands but the Czech Legion had escaped!"
Czech Legion - Siberian Anabasis (1917-1920),1,01. Kiev (28 February 1918),LOSE,200,01. Kiev (28 February 1918),1,"OUTCOME

The German juggernaut into the Ukraine was in general unstoppable because the Imperial Russian Army was no more. Only scattered troops were fleeing to safety. Chaos was complete. Kiev was evacuated by the Bolsheviks as soon as the Germans came near.

The Czech Legion was also retreating east to stay out of German hands. The Legion's 2nd Regiment took up positions at the bridges over the Dnjepr River at Kiev and held these for five days, until 3 March 1918, so that the bulk of the Czech Legion could retreat east. The 2nd regiment then broke off contact and joined the Legion again. Kiev was now in German hands but the Czech Legion had escaped!"
Czech Legion - Siberian Anabasis (1917-1920),2,02. BACHMATSJ (13 March 1918),BRILIANT,0,03. TSJELJABINSK (14 May 1918),3,"OUTCOME

At Bachmatsj the Czech Legion, in cooperation with Soviet Red Army units, stopped the advance of the German Army and could march its way east, out of the German occupied regions of Russia.

Seeing no future staying in Russia, the Czech Legion decided to get out of Russia somehow. Ultimately the plan would be to travel across Siberia, using the Trans-Siberian railway, to reach Wladiwostok and embark to France. In the weeks after the action at Bachmatsj, the Legion was dispersed at the railways between Penza and the Ural mountains."
Czech Legion - Siberian Anabasis (1917-1920),2,02. BACHMATSJ (13 March 1918),VICTORY,0,03. TSJELJABINSK (14 May 1918),3,"OUTCOME

At Bachmatsj the Czech Legion, in cooperation with Soviet Red Army units, stopped the advance of the German Army and could march its way east, out of the German occupied regions of Russia.

Seeing no future staying in Russia, the Czech Legion decided to get out of Russia somehow. Ultimately the plan would be to travel across Siberia, using the Trans-Siberian railway, to reach Wladiwostok and embark to France. In the weeks after the action at Bachmatsj, the Legion was dispersed at the railways between Penza and the Ural mountains."
Czech Legion - Siberian Anabasis (1917-1920),2,02. BACHMATSJ (13 March 1918),TACTICAL,0,03. TSJELJABINSK (14 May 1918),3,"OUTCOME

At Bachmatsj the Czech Legion, in cooperation with Soviet Red Army units, stopped the advance of the German Army and could march its way east, out of the German occupied regions of Russia.

Seeing no future staying in Russia, the Czech Legion decided to get out of Russia somehow. Ultimately the plan would be to travel across Siberia, using the Trans-Siberian railway, to reach Wladiwostok and embark to France. In the weeks after the action at Bachmatsj, the Legion was dispersed at the railways between Penza and the Ural mountains."
Czech Legion - Siberian Anabasis (1917-1920),2,02. BACHMATSJ (13 March 1918),LOSE,200,02. BACHMATSJ (13 March 1918),2,"OUTCOME

At Bachmatsj the Czech Legion, in cooperation with Soviet Red Army units, stopped the advance of the German Army and could march its way east, out of the German occupied regions of Russia.

Seeing no future staying in Russia, the Czech Legion decided to get out of Russia somehow. Ultimately the plan would be to travel across Siberia, using the Trans-Siberian railway, to reach Wladiwostok and embark to France. In the weeks after the action at Bachmatsj, the Legion was dispersed at the railways between Penza and the Ural mountains."
Czech Legion - Siberian Anabasis (1917-1920),3,03. TSJELJABINSK (14 May 1918),BRILIANT,0,04. SAMARA (26 May 1918),4,"OUTCOME

With the Czech action at Tsjeljabinsk the imprisoned Legionairs were freed. Even more, the Soviet rule in the city was destroyed. The Legion would take care of their own way how to reach Wladiswostok and get out of Russia. No longer it would cooperate with the Soviet authorities. Still the Legion was scattered from Penza, west of the Volga River, to Tsjeljabinsk, east of the Urals..."
Czech Legion - Siberian Anabasis (1917-1920),3,03. TSJELJABINSK (14 May 1918),VICTORY,0,04. SAMARA (26 May 1918),4,"OUTCOME

With the Czech action at Tsjeljabinsk the imprisoned Legionairs were freed. Even more, the Soviet rule in the city was destroyed. The Legion would take care of their own way how to reach Wladiswostok and get out of Russia. No longer it would cooperate with the Soviet authorities. Still the Legion was scattered from Penza, west of the Volga River, to Tsjeljabinsk, east of the Urals..."
Czech Legion - Siberian Anabasis (1917-1920),3,03. TSJELJABINSK (14 May 1918),TACTICAL,0,04. SAMARA (26 May 1918),4,"OUTCOME

With the Czech action at Tsjeljabinsk the imprisoned Legionairs were freed. Even more, the Soviet rule in the city was destroyed. The Legion would take care of their own way how to reach Wladiswostok and get out of Russia. No longer it would cooperate with the Soviet authorities. Still the Legion was scattered from Penza, west of the Volga River, to Tsjeljabinsk, east of the Urals..."
Czech Legion - Siberian Anabasis (1917-1920),3,03. TSJELJABINSK (14 May 1918),LOSE,200,03. TSJELJABINSK (14 May 1918),3,"OUTCOME

With the Czech action at Tsjeljabinsk the imprisoned Legionairs were freed. Even more, the Soviet rule in the city was destroyed. The Legion would take care of their own way how to reach Wladiswostok and get out of Russia. No longer it would cooperate with the Soviet authorities. Still the Legion was scattered from Penza, west of the Volga River, to Tsjeljabinsk, east of the Urals..."
Czech Legion - Siberian Anabasis (1917-1920),4,04. SAMARA (26 May 1918),BRILIANT,0,05. KAZAN (7 July 1918),5,"OUTCOME

The Legion succesfully occupied Samara and was threatening more Russian cities along the Volga. Through foreign and through White Russian eyes, the Legion was an ideal force for the counter-revolution and overthrow the Soviets. However the Czech Legion was fighting its own struggle and it only occasionally co-operated with White Russian authorities."
Czech Legion - Siberian Anabasis (1917-1920),4,04. SAMARA (26 May 1918),VICTORY,0,05. KAZAN (7 July 1918),5,"OUTCOME

The Legion succesfully occupied Samara and was threatening more Russian cities along the Volga. Through foreign and through White Russian eyes, the Legion was an ideal force for the counter-revolution and overthrow the Soviets. However the Czech Legion was fighting its own struggle and it only occasionally co-operated with White Russian authorities."
Czech Legion - Siberian Anabasis (1917-1920),4,04. SAMARA (26 May 1918),TACTICAL,0,05. KAZAN (7 July 1918),5,"OUTCOME

The Legion succesfully occupied Samara and was threatening more Russian cities along the Volga. Through foreign and through White Russian eyes, the Legion was an ideal force for the counter-revolution and overthrow the Soviets. However the Czech Legion was fighting its own struggle and it only occasionally co-operated with White Russian authorities."
Czech Legion - Siberian Anabasis (1917-1920),4,04. SAMARA (26 May 1918),LOSE,200,04. SAMARA (26 May 1918),4,"OUTCOME

The Legion succesfully occupied Samara and was threatening more Russian cities along the Volga. Through foreign and through White Russian eyes, the Legion was an ideal force for the counter-revolution and overthrow the Soviets. However the Czech Legion was fighting its own struggle and it only occasionally co-operated with White Russian authorities."
Czech Legion - Siberian Anabasis (1917-1920),5,05. KAZAN (7 July 1918),BRILIANT,300,06. KAZAN - RED OFFENSIVE (27 October 1918),9,"OUTCOME

Bolshevik power in Kazan was overthrown and the Czech Legion captured eight train cars of gold.

Furthermore, the loss of Kazan shocked Soviet authorities in Moscow and the Czech Legion was seen as one of the many enemies of the Communist rule in Russia."
Czech Legion - Siberian Anabasis (1917-1920),5,05. KAZAN (7 July 1918),VICTORY,300,06. KAZAN - RED OFFENSIVE (27 October 1918),9,"OUTCOME

Bolshevik power in Kazan was overthrown and the Czech Legion captured eight train cars of gold.

Furthermore, the loss of Kazan shocked Soviet authorities in Moscow and the Czech Legion was seen as one of the many enemies of the Communist rule in Russia."
Czech Legion - Siberian Anabasis (1917-1920),5,05. KAZAN (7 July 1918),TACTICAL,300,06. KAZAN - RED OFFENSIVE (27 October 1918),9,"OUTCOME

Bolshevik power in Kazan was overthrown and the Czech Legion captured eight train cars of gold.

Furthermore, the loss of Kazan shocked Soviet authorities in Moscow and the Czech Legion was seen as one of the many enemies of the Communist rule in Russia."
Czech Legion - Siberian Anabasis (1917-1920),5,05. KAZAN (7 July 1918),LOSE,200,05. KAZAN (7 July 1918),5,"OUTCOME

Bolshevik power in Kazan was overthrown and the Czech Legion captured eight train cars of gold.

Furthermore, the loss of Kazan shocked Soviet authorities in Moscow and the Czech Legion was seen as one of the many enemies of the Communist rule in Russia."
Czech Legion - Siberian Anabasis (1917-1920),6,07. OMSK (22 December 1918),BRILIANT,0,08. UFA (9 June 1919),10,"OUTCOME

The revolt was crushed. Almost 500 rebels were executed. Some of the opponents eventually joined the Soviets. Koltsjak's regime, however, was secured."
Czech Legion - Siberian Anabasis (1917-1920),6,07. OMSK (22 December 1918),VICTORY,0,08. UFA (9 June 1919),10,"OUTCOME

The revolt was crushed. Almost 500 rebels were executed. Some of the opponents eventually joined the Soviets. Koltsjak's regime, however, was secured."
Czech Legion - Siberian Anabasis (1917-1920),6,07. OMSK (22 December 1918),TACTICAL,0,08. UFA (9 June 1919),10,"OUTCOME

The revolt was crushed. Almost 500 rebels were executed. Some of the opponents eventually joined the Soviets. Koltsjak's regime, however, was secured."
Czech Legion - Siberian Anabasis (1917-1920),6,07. OMSK (22 December 1918),LOSE,0,07. OMSK (22 December 1918),6,"OUTCOME

The revolt was crushed. Almost 500 rebels were executed. Some of the opponents eventually joined the Soviets. Koltsjak's regime, however, was secured."
Czech Legion - Siberian Anabasis (1917-1920),7,09. SEMENOV (10 February 1920),BRILIANT,0,10. WLADIWOSTOK (10 March 1920),8,"OUTCOME

After several clashes with Ataman Semenov, Semenov left the Czechs for what they were and concentrated on the Soviet forces which were approaching. The Czech Legion was steaming full speed on Wladiwostok!"
Czech Legion - Siberian Anabasis (1917-1920),7,09. SEMENOV (10 February 1920),VICTORY,0,10. WLADIWOSTOK (10 March 1920),8,"OUTCOME

After several clashes with Ataman Semenov, Semenov left the Czechs for what they were and concentrated on the Soviet forces which were approaching. The Czech Legion was steaming full speed on Wladiwostok!"
Czech Legion - Siberian Anabasis (1917-1920),7,09. SEMENOV (10 February 1920),TACTICAL,0,10. WLADIWOSTOK (10 March 1920),8,"OUTCOME

After several clashes with Ataman Semenov, Semenov left the Czechs for what they were and concentrated on the Soviet forces which were approaching. The Czech Legion was steaming full speed on Wladiwostok!"
Czech Legion - Siberian Anabasis (1917-1920),7,09. SEMENOV (10 February 1920),LOSE,200,09. SEMENOV (10 February 1920),7,"OUTCOME

After several clashes with Ataman Semenov, Semenov left the Czechs for what they were and concentrated on the Soviet forces which were approaching. The Czech Legion was steaming full speed on Wladiwostok!"
Czech Legion - Siberian Anabasis (1917-1920),8,10. WLADIWOSTOK (10 March 1920),BRILIANT,0,Unknown (ID 254),254,"OUTCOME

After Wladiwostok was reached, it took months to get home. Partly because there still had be ships to arrive to take them on board, partly because of a huge journey from the Pacific Ocean to European ports, and from there over land to the new republic of Czechoslovakia: HOME!"
Czech Legion - Siberian Anabasis (1917-1920),8,10. WLADIWOSTOK (10 March 1920),VICTORY,0,Unknown (ID 254),254,"OUTCOME

After Wladiwostok was reached, it took months to get home. Partly because there still had be ships to arrive to take them on board, partly because of a huge journey from the Pacific Ocean to European ports, and from there over land to the new republic of Czechoslovakia: HOME!"
Czech Legion - Siberian Anabasis (1917-1920),8,10. WLADIWOSTOK (10 March 1920),TACTICAL,0,Unknown (ID 254),254,
Czech Legion - Siberian Anabasis (1917-1920),8,10. WLADIWOSTOK (10 March 1920),LOSE,100,10. WLADIWOSTOK (10 March 1920),8,"OUTCOME

After Wladiwostok was reached, it took months to get home. Partly because there still had be ships to arrive to take them on board, partly because of a huge journey from the Pacific Ocean to European ports, and from there over land to the new republic of Czechoslovakia: HOME!"
Czech Legion - Siberian Anabasis (1917-1920),9,06. KAZAN - RED OFFENSIVE (27 October 1918),BRILIANT,0,07. OMSK (22 December 1918),6,"OUTCOME

The Soviets eventually captured Kazan and the Czech Legion would retreat. News from Europe would weaken the wrath against the bolsheviks..."
Czech Legion - Siberian Anabasis (1917-1920),9,06. KAZAN - RED OFFENSIVE (27 October 1918),VICTORY,0,07. OMSK (22 December 1918),6,"OUTCOME

The Soviets eventually captured Kazan and the Czech Legion would retreat. News from Europe would weaken the wrath against the bolsheviks..."
Czech Legion - Siberian Anabasis (1917-1920),9,06. KAZAN - RED OFFENSIVE (27 October 1918),TACTICAL,0,07. OMSK (22 December 1918),6,"OUTCOME

The Soviets eventually captured Kazan and the Czech Legion would retreat. News from Europe would weaken the wrath against the bolsheviks..."
Czech Legion - Siberian Anabasis (1917-1920),9,06. KAZAN - RED OFFENSIVE (27 October 1918),LOSE,200,06. KAZAN - RED OFFENSIVE (27 October 1918),9,"OUTCOME

The Soviets eventually captured Kazan and the Czech Legion would retreat. News from Europe would weaken the wrath against the bolsheviks..."
Czech Legion - Siberian Anabasis (1917-1920),10,08. UFA (9 June 1919),BRILIANT,0,09. SEMENOV (10 February 1920),7,"OUTCOME

The Czech Legion was only sparsely involved in the battles between the Red Army and the White Russian Siberian Army. The White Russians lead defeat after defeat and near the end of 1919 the Red Army had captured Siberia all the way to Omsk. By then, the Czech Legion was already in eastern Siberia..."
Czech Legion - Siberian Anabasis (1917-1920),10,08. UFA (9 June 1919),VICTORY,0,09. SEMENOV (10 February 1920),7,"OUTCOME

The Czech Legion was only sparsely involved in the battles between the Red Army and the White Russian Siberian Army. The White Russians lead defeat after defeat and near the end of 1919 the Red Army had captured Siberia all the way to Omsk. By then, the Czech Legion was already in eastern Siberia..."
Czech Legion - Siberian Anabasis (1917-1920),10,08. UFA (9 June 1919),TACTICAL,0,09. SEMENOV (10 February 1920),7,"OUTCOME

The Czech Legion was only sparsely involved in the battles between the Red Army and the White Russian Siberian Army. The White Russians lead defeat after defeat and near the end of 1919 the Red Army had captured Siberia all the way to Omsk. By then, the Czech Legion was already in eastern Siberia..."
Czech Legion - Siberian Anabasis (1917-1920),10,08. UFA (9 June 1919),LOSE,200,08. UFA (9 June 1919),10,"OUTCOME

The Czech Legion was only sparsely involved in the battles between the Red Army and the White Russian Siberian Army. The White Russians lead defeat after defeat and near the end of 1919 the Red Army had captured Siberia all the way to Omsk. By then, the Czech Legion was already in eastern Siberia..."
A Long Journey to Freedom (1848-1865),0,"20. 4. 1848, Prologue: Knechtschaft oder Revolution! (Slavery or Revolution!)",BRILIANT,30,"20. 4. 1848, Der Heckerzug (Hecker's Uprising)",1,"Prologue: Knechtschaft oder Revolution! * BV
( Prologue: Slavery or Revolution! * BV )

we have to move fast, General !"
A Long Journey to Freedom (1848-1865),0,"20. 4. 1848, Prologue: Knechtschaft oder Revolution! (Slavery or Revolution!)",VICTORY,30,"20. 4. 1848, Der Heckerzug (Hecker's Uprising)",1,"Prologue: Knechtschaft oder Revolution! * V
( Prologue: Slavery or Revolution! * TV )

we have to hurry up, General !"
A Long Journey to Freedom (1848-1865),0,"20. 4. 1848, Prologue: Knechtschaft oder Revolution! (Slavery or Revolution!)",TACTICAL,30,"20. 4. 1848, Der Heckerzug (Hecker's Uprising)",1,"Prologue: Knechtschaft oder Revolution! * TV
( Prologue: Slavery or Revolution! * TV )

we have to hurry up, General !"
A Long Journey to Freedom (1848-1865),0,"20. 4. 1848, Prologue: Knechtschaft oder Revolution! (Slavery or Revolution!)",LOSE,0,CAMPAIGN END / DEFEAT,255,"Prologue: Knechtschaft oder Revolution! * L

The Revolution and your Life is Lost."
A Long Journey to Freedom (1848-1865),1,"20. 4. 1848, Der Heckerzug (Hecker's Uprising)",BRILIANT,40,"13. 6. 1849, The Palataine Uprising",2,"Der Heckerzug (Hecker's Uprising) * BV

Well done, Herr General !

...but the enemy is too strong, we have to retreat to Switzerland, waiting for a opportunity to continue the fight....."
A Long Journey to Freedom (1848-1865),1,"20. 4. 1848, Der Heckerzug (Hecker's Uprising)",VICTORY,40,"13. 6. 1849, The Palataine Uprising",2,"Der Heckerzug (Hecker's Uprising) * V

Not bad, Herr General !

...but the enemy is too strong, we have to retreat toSwitzerland, waiting for a opportunity to continue the fight....."
A Long Journey to Freedom (1848-1865),1,"20. 4. 1848, Der Heckerzug (Hecker's Uprising)",TACTICAL,40,"13. 6. 1849, The Palataine Uprising",2,"Der Heckerzug (Hecker's Uprising) * TV

A hard battle, Herr General !

...but the enemy is too strong, we have to retreat toSwitzerland, waiting for a opportunity to continue the fight....."
A Long Journey to Freedom (1848-1865),1,"20. 4. 1848, Der Heckerzug (Hecker's Uprising)",LOSE,0,CAMPAIGN END / DEFEAT,255,"Der Heckerzug (Hecker's Uprising) * L

The Revolution and your Life is Lost."
A Long Journey to Freedom (1848-1865),2,"13. 6. 1849, The Palataine Uprising",BRILIANT,40,"21. 6. 1849, The decisive Battle at Waghäusel",3,"The Palataine Uprising * BV

Well done, Herr General !

...but again, we have no chance to hold the conquered positions:  two complete prussian Armycorps are arriving from the north and the west...
But there's very good news, too ! The People of Baden and their whole army, except the High Command, has joined again our side!
Now, we must retreat to Baden, and unite our armies...."
A Long Journey to Freedom (1848-1865),2,"13. 6. 1849, The Palataine Uprising",VICTORY,40,"21. 6. 1849, The decisive Battle at Waghäusel",3,"The Palataine Uprising * V

Not bad, Herr General !

...but again, we have no chance to hold the conquered positions:  two complete prussian Armycorps are arriving from the north and the west...
But there's very good news, too ! The People of Baden and their whole army, except the High Command, has joined again our side!
Now, we must retreat to Baden, and unite our armies...."
A Long Journey to Freedom (1848-1865),2,"13. 6. 1849, The Palataine Uprising",TACTICAL,40,"21. 6. 1849, The decisive Battle at Waghäusel",3,"The Palataine Uprising * TV

Well done, Herr General !

...but again, we have no chance to hold the conquered positions:  two complete prussian Armycorps are arriving from the north and the west...
But there's very good news, too ! The People of Baden and their whole army, except the High Command, has joined again our side!
Now, we must retreat to Baden, and unite our armies...."
A Long Journey to Freedom (1848-1865),2,"13. 6. 1849, The Palataine Uprising",LOSE,0,CAMPAIGN END / DEFEAT,255,"The Palataine Uprising * L

....the Prussians will shoot you in the dawn...."
A Long Journey to Freedom (1848-1865),3,"21. 6. 1849, The decisive Battle at Waghäusel",BRILIANT,60,"May, 10., 1861 The St. Luis Arsenal",4,"The decisive Battle at Waghäusel * BV

Lieber Freund,
we've fought very brave, but the Prussians sent more and more troops against us... at last our front collapsed.... 
All our men, who have not been killed or captured, flew to Switzerland and most of us want to emigrate to the USA... there, we can live in liberty...."
A Long Journey to Freedom (1848-1865),3,"21. 6. 1849, The decisive Battle at Waghäusel",VICTORY,50,"May, 10., 1861 The St. Luis Arsenal",4,"The decisive Battle at Waghäusel * V

Lieber Freund,
we've fought very brave, but the Prussians sent more and more troops against us... at last our front collapsed.... 
All our men, who have not been killed or captured, flew to Switzerland and most of us want to emigrate to the USA... there, we can live in liberty...."
A Long Journey to Freedom (1848-1865),3,"21. 6. 1849, The decisive Battle at Waghäusel",TACTICAL,40,"May, 10., 1861 The St. Luis Arsenal",4,"The decisive Battle at Waghäusel * TV

Lieber Freund,
we've fought very brave, but the Prussians sent more and more troops against us... at last our front collapsed.... 
All our men, who have not been killed or captured, flew to Switzerland and most of us want to emigrate to the USA... there, we can live in liberty..."
A Long Journey to Freedom (1848-1865),3,"21. 6. 1849, The decisive Battle at Waghäusel",LOSE,0,CAMPAIGN END / DEFEAT,255,"The decisive Battle at Waghäusel * L

Lieber Freund,
the Prussians sent more and more troops against us... at last our front collapsed.... 
All our Men, who's not killed or captured, flown to the Swiss and the most of us want to emigrate to the USA... there, we can live in freedom..."
A Long Journey to Freedom (1848-1865),4,"May, 10., 1861 The St. Luis Arsenal",BRILIANT,80,"June, 17., 1861 The Boonville Races",5,"The St. Luis Arsenal * BV

----{secret telegraph depeche to general}-----
THE WHITE HOUSE; WASHINGTON,

General,
We need commanders like you urgently...confirm your appointment as general of your troops for the time being
Having reestablished connection we are able to send you men and material
Move your troops westward along the Missouri now. The moment we have broken the last resistance of rebels in Boonville our connection lines are secured

THE PRESIDENT OF THE UNITED STATES
-----{end of secret telegraph depeche}----"
A Long Journey to Freedom (1848-1865),4,"May, 10., 1861 The St. Luis Arsenal",VICTORY,60,"June, 17., 1861 The Boonville Races",5,"The St. Luis Arsenal * V

----{secret telegraph depeche to general}-----
THE WHITE HOUSE; WASHINGTON,

General,
We need commanders like you urgently...confirm your appointment as general of your troops for the time being
Having reestablished connection we are able to send you men and material
Move your troops westward along the Missouri now. The moment we have broken the last resistance of rebels in Boonville our connection lines are secured

THE PRESIDENT OF THE UNITED STATES
-----{end of secret telegraph depeche}----"
A Long Journey to Freedom (1848-1865),4,"May, 10., 1861 The St. Luis Arsenal",TACTICAL,60,"June, 17., 1861 The Boonville Races",5,"The St. Luis Arsenal * TV

----{secret telegraph depeche to general}-----
THE WHITE HOUSE; WASHINGTON,

General,
We need commanders like you urgently...confirm your appointment as general of your troops for the time being
Having reestablished connection we are able to send you men and material
Move your troops westward along the Missouri now. The moment we have broken the last resistance of rebels in Boonville our connection lines are secured

THE PRESIDENT OF THE UNITED STATES
-----{end of secret telegraph depeche}----"
A Long Journey to Freedom (1848-1865),4,"May, 10., 1861 The St. Luis Arsenal",LOSE,0,CAMPAIGN END / DEFEAT,255,"The St. Luis Arsenal * L

Everything is lost."
A Long Journey to Freedom (1848-1865),5,"June, 17., 1861 The Boonville Races",BRILIANT,60,"August, 10., 1861 Wilson's Creek",6,"The Boonville Races * BV

----{secret telegraph depeche to general}-----
THE WHITE HOUSE; WASHINGTON,

Dear Sir,
very well done!
But now we have to advance to Missouri as fast as possible!

THE PRESIDENT OF THE UNITED STATES
-----{end of secret telegraph depeche}----"
A Long Journey to Freedom (1848-1865),5,"June, 17., 1861 The Boonville Races",VICTORY,50,"August, 10., 1861 Wilson's Creek",6,"The Boonville Races * V

----{secret telegraph depeche to general}-----
THE WHITE HOUSE; WASHINGTON,

Dear Sir,
very well done!
But now we have to advance to Missouri as fast as possible!

THE PRESIDENT OF THE UNITED STATES
-----{end of secret telegraph depeche}----"
A Long Journey to Freedom (1848-1865),5,"June, 17., 1861 The Boonville Races",TACTICAL,40,"August, 10., 1861 Wilson's Creek",6,"The Boonville Races * TV

----{secret telegraph depeche to general}-----
THE WHITE HOUSE; WASHINGTON,

Dear Sir,
well done!
But now we have to advance to Missouri as fast as possible!

THE PRESIDENT OF THE UNITED STATES
-----{end of secret telegraph depeche}----"
A Long Journey to Freedom (1848-1865),5,"June, 17., 1861 The Boonville Races",LOSE,0,CAMPAIGN END / DEFEAT,255,"The Boonville Races * L

Everything is lost."
A Long Journey to Freedom (1848-1865),6,"August, 10., 1861 Wilson's Creek",BRILIANT,100,"September, 20., 1861 Battle of the Hemp Bales",7,"Wilson's Creek * BV

----{secret telegraph depeche to general}-----
THE WHITE HOUSE; WASHINGTON,

Dear Sir,
now you should advance to the interior of Missouri with caution.
We pray for you.

THE PRESIDENT OF THE UNITED STATES
-----{end of secret telegraph depeche}----"
A Long Journey to Freedom (1848-1865),6,"August, 10., 1861 Wilson's Creek",VICTORY,100,"September, 20., 1861 Battle of the Hemp Bales",7,"Wilson's Creek * V

----{secret telegraph depeche to general}-----
THE WHITE HOUSE; WASHINGTON,

Dear Sir,
now you should advance to the interior of Missouri with caution.
We pray for you.

THE PRESIDENT OF THE UNITED STATES
-----{end of secret telegraph depeche}----"
A Long Journey to Freedom (1848-1865),6,"August, 10., 1861 Wilson's Creek",TACTICAL,100,"September, 20., 1861 Battle of the Hemp Bales",7,"Wilson's Creek * TV

----{secret telegraph depeche to general}-----
THE WHITE HOUSE; WASHINGTON,

Dear Sir,
now you should advance to the interior of Missouri with caution.
We pray for you.

THE PRESIDENT OF THE UNITED STATES
-----{end of secret telegraph depeche}----"
A Long Journey to Freedom (1848-1865),6,"August, 10., 1861 Wilson's Creek",LOSE,0,CAMPAIGN END / DEFEAT,255,"Wilson's Creek * L

Everything is lost."
A Long Journey to Freedom (1848-1865),7,"September, 20., 1861 Battle of the Hemp Bales",BRILIANT,120,"March, 3., 1862 Pea Ridge",8,"Battle of the Hemp Bales * BV

----{secret telegraph depeche to general}-----
THE WHITE HOUSE; WASHINGTON,

Dear Sir,
excellent ! You have managed to struggle free !
It´s a pity but we cannot grant a rest to you and your men...

We have been able to secure Missouri for the Union but danger is coming from Arkansas ... you have to move your men there immidiately

THE PRESIDENT OF THE UNITED STATES
-----{end of secret telegraph depeche}----"
A Long Journey to Freedom (1848-1865),7,"September, 20., 1861 Battle of the Hemp Bales",VICTORY,110,"March, 3., 1862 Pea Ridge",8,"Battle of the Hemp Bales * V

----{secret telegraph depeche to general}-----
THE WHITE HOUSE; WASHINGTON,

Dear Sir,
excellent ! You have managed to struggle free !
It´s a pity but we cannot grant a rest to you and your men...

We have been able to secure Missouri for the Union but danger is coming from Arkansas ... you have to move your men there immidiately

THE PRESIDENT OF THE UNITED STATES
-----{end of secret telegraph depeche}----"
A Long Journey to Freedom (1848-1865),7,"September, 20., 1861 Battle of the Hemp Bales",TACTICAL,100,"March, 3., 1862 Pea Ridge",8,"Battle of the Hemp Bales * TV

----{secret telegraph depeche to general}-----
THE WHITE HOUSE; WASHINGTON,

Dear Sir,
excellent ! You have managed to struggle free !
It´s a pity but we cannot grant a rest to you and your men...

We have been able to secure Missouri for the Union but danger is coming from Arkansas ... you have to move your men there immidiately

THE PRESIDENT OF THE UNITED STATES
-----{end of secret telegraph depeche}----"
A Long Journey to Freedom (1848-1865),7,"September, 20., 1861 Battle of the Hemp Bales",LOSE,0,CAMPAIGN END / DEFEAT,255,"Battle of the Hemp Bales * L

Everything is lost."
A Long Journey to Freedom (1848-1865),8,"March, 3., 1862 Pea Ridge",BRILIANT,600,"March, 23., 1862 Kernstown",9,"Pea Ridge * BV

----{secret telegraph depeche to general}-----
THE WHITE HOUSE; WASHINGTON,

Dear Sir,
we are glad to inform you that the president of the United States is happy about your achievement namely securing Arkansas for the Union. He has ordered 300pp from the treasury to be payed to you for recruiting new troops.
Another 300pp could be attained by capturing enemy blockade runners which will be put at your disposal too.

THE PRESIDENT OF THE UNITED STATES
-----{end of secret telegraph depeche}-----"
A Long Journey to Freedom (1848-1865),8,"March, 3., 1862 Pea Ridge",VICTORY,600,"March, 23., 1862 Kernstown",9,"Pea Ridge * V

----{secret telegraph depeche to general}-----
THE WHITE HOUSE; WASHINGTON,

Dear Sir,
we are glad to inform you that the president of the United States is happy about your achievement namely securing Arkansas for the Union. He has ordered 300pp from the treasury to be payed to you for recruiting new troops.
Another 300pp could be attained by capturing enemy blockade runners which will be put at your disposal too.

THE PRESIDENT OF THE UNITED STATES
-----{end of secret telegraph depeche}-----"
A Long Journey to Freedom (1848-1865),8,"March, 3., 1862 Pea Ridge",TACTICAL,600,"March, 23., 1862 Kernstown",9,"Pea Ridge * TV

----{secret telegraph depeche to general}-----
THE WHITE HOUSE; WASHINGTON,

Dear Sir,
we are glad to inform you that the president of the United States is happy about your achievement namely securing Arkansas for the Union. He has ordered 300pp from the treasury to be payed to you for recruiting new troops.
Another 300pp could be attained by capturing enemy blockade runners which will be put at your disposal too.

THE PRESIDENT OF THE UNITED STATES
-----{end of secret telegraph depeche}-----"
A Long Journey to Freedom (1848-1865),8,"March, 3., 1862 Pea Ridge",LOSE,0,CAMPAIGN END / DEFEAT,255,"Pea Ridge * L

Everything is lost."
A Long Journey to Freedom (1848-1865),9,"March, 23., 1862 Kernstown",BRILIANT,60,"August, 28., 1862 Retreat at Bull Run",10,"Kernstown * BV

----{secret telegraph depeche to general}-----
THE WHITE HOUSE; WASHINGTON,

Dear Sir,
we were able to secure this area.... but we have to retreat....General Lee is moving with a large army towards Washington....

THE PRESIDENT OF THE UNITED STATES
-----{end of secret telegraph depeche}----"
A Long Journey to Freedom (1848-1865),9,"March, 23., 1862 Kernstown",VICTORY,50,"August, 28., 1862 Retreat at Bull Run",10,"Kernstown * V

----{secret telegraph depeche to general}-----
THE WHITE HOUSE; WASHINGTON,

Dear Sir,
we were able to secure this area.... but we have to retreat....General Lee is moving with a large army towards Washington....

THE PRESIDENT OF THE UNITED STATES
-----{end of secret telegraph depeche}----"
A Long Journey to Freedom (1848-1865),9,"March, 23., 1862 Kernstown",TACTICAL,40,"August, 28., 1862 Retreat at Bull Run",10,"Kernstown * TV

----{secret telegraph depeche to general}-----
THE WHITE HOUSE; WASHINGTON,

Dear Sir,
we were able to secure this area.... but we have to retreat....General Lee is moving with a large army towards Washington....

THE PRESIDENT OF THE UNITED STATES
-----{end of secret telegraph depeche}----"
A Long Journey to Freedom (1848-1865),9,"March, 23., 1862 Kernstown",LOSE,0,CAMPAIGN END / DEFEAT,255,"Kernstown * L

Everything is lost."
A Long Journey to Freedom (1848-1865),10,"August, 28., 1862 Retreat at Bull Run",BRILIANT,100,"September, 15., 1862 Harpers Ferry",11,"2nd Bull Run * BV

----{secret telegraph depeche to general}-----
THE WHITE HOUSE; WASHINGTON,

Dear Sir,
great, we were able to stop General Lee´s attack on Washington !

Now we have to advance again....

THE PRESIDENT OF THE UNITED STATES
-----{end of secret telegraph depeche}----"
A Long Journey to Freedom (1848-1865),10,"August, 28., 1862 Retreat at Bull Run",VICTORY,100,"September, 15., 1862 Harpers Ferry",11,"2nd Bull Run * V

----{secret telegraph depeche to general}-----
THE WHITE HOUSE; WASHINGTON,

Dear Sir,
great, we were able to stop General Lee´s attack on Washington !

Now we have to advance again....

THE PRESIDENT OF THE UNITED STATES
-----{end of secret telegraph depeche}----"
A Long Journey to Freedom (1848-1865),10,"August, 28., 1862 Retreat at Bull Run",TACTICAL,100,"September, 15., 1862 Harpers Ferry",11,"2nd Bull Run * TV

----{secret telegraph depeche to general}-----
THE WHITE HOUSE; WASHINGTON,

Dear Sir,
great, we were able to stop General Lee´s attack on Washington !

Now we have to advance again....

THE PRESIDENT OF THE UNITED STATES
-----{end of secret telegraph depeche}----"
A Long Journey to Freedom (1848-1865),10,"August, 28., 1862 Retreat at Bull Run",LOSE,0,CAMPAIGN END / DEFEAT,255,"2nd Bull Run * L

Everything is lost."
A Long Journey to Freedom (1848-1865),11,"September, 15., 1862 Harpers Ferry",BRILIANT,100,"December, 13., 1862 Fredericksburg",12,"Harpers Ferry * BV

----{secret telegraph depeche to general}-----
THE WHITE HOUSE; WASHINGTON,

Dear Sir,
very well done ! now we must try to move further into Virginia...!

THE PRESIDENT OF THE UNITED STATES
-----{end of secret telegraph depeche}----"
A Long Journey to Freedom (1848-1865),11,"September, 15., 1862 Harpers Ferry",VICTORY,100,"December, 13., 1862 Fredericksburg",12,"Harpers Ferry * V

----{secret telegraph depeche to general}-----
THE WHITE HOUSE; WASHINGTON,

Dear Sir,
very well done ! now we must try to move further into Virginia...!

THE PRESIDENT OF THE UNITED STATES
-----{end of secret telegraph depeche}----"
A Long Journey to Freedom (1848-1865),11,"September, 15., 1862 Harpers Ferry",TACTICAL,100,"December, 13., 1862 Fredericksburg",12,"Harpers Ferry * TV

----{secret telegraph depeche to general}-----
THE WHITE HOUSE; WASHINGTON,

Dear Sir,
well done ! now we must try to move further into Virginia...!

THE PRESIDENT OF THE UNITED STATES
-----{end of secret telegraph depeche}----"
A Long Journey to Freedom (1848-1865),11,"September, 15., 1862 Harpers Ferry",LOSE,0,CAMPAIGN END / DEFEAT,255,"Harpers Ferry * L

Everything is lost."
A Long Journey to Freedom (1848-1865),12,"December, 13., 1862 Fredericksburg",BRILIANT,100,"May, 2., 1863 Chancellorsville",13,"Fredericksburg * BV

----{secret telegraph depeche to general}-----
THE WHITE HOUSE; WASHINGTON,

Dear Sir,
very well done but we cannot take profit out of our victory: our troops are tied everywhere...

so let us draw out of Virginia for the moment...

THE PRESIDENT OF THE UNITED STATES
-----{end of secret telegraph depeche}----"
A Long Journey to Freedom (1848-1865),12,"December, 13., 1862 Fredericksburg",VICTORY,100,"May, 2., 1863 Chancellorsville",13,"Fredericksburg * V

----{secret telegraph depeche to general}-----
THE WHITE HOUSE; WASHINGTON,

Dear Sir,
very well done but we cannot take profit out of our victory: our troops are tied everywhere...

so let us draw out of Virginia for the moment...

THE PRESIDENT OF THE UNITED STATES
-----{end of secret telegraph depeche}----"
A Long Journey to Freedom (1848-1865),12,"December, 13., 1862 Fredericksburg",TACTICAL,100,"May, 2., 1863 Chancellorsville",13,"Fredericksburg * TV

----{secret telegraph depeche to general}-----
THE WHITE HOUSE; WASHINGTON,

Dear Sir,
well done but we cannot take profit out of our victory: our troops are tied everywhere...

so let us draw out of Virginia for the moment...

THE PRESIDENT OF THE UNITED STATES
-----{end of secret telegraph depeche}----"
A Long Journey to Freedom (1848-1865),12,"December, 13., 1862 Fredericksburg",LOSE,0,"May, 2., 1863 Chancellorsville",13,"Fredericksburg * L

Everything is lost."
A Long Journey to Freedom (1848-1865),13,"May, 2., 1863 Chancellorsville",BRILIANT,20,"May, 19., 1863  Vicksburg",14,"Chancellorsville * BV

----{secret telegraph depeche to general}-----
THE WHITE HOUSE; WASHINGTON,

Dear Sir,
the president names you as one of his best generals....! 
As special recognition the newly launched USS Moose is detached to your army corps...!

THE PRESIDENT OF THE UNITED STATES
-----{end of secret telegraph depeche}----"
A Long Journey to Freedom (1848-1865),13,"May, 2., 1863 Chancellorsville",VICTORY,20,"May, 19., 1863  Vicksburg",14,"Chancellorsville * V

----{secret telegraph depeche to general}-----
THE WHITE HOUSE; WASHINGTON,

Dear Sir,
the president names you as one of his best generals....! 
As special recognition the newly launched USS Moose is detached to your army corps...!

THE PRESIDENT OF THE UNITED STATES
-----{end of secret telegraph depeche}----"
A Long Journey to Freedom (1848-1865),13,"May, 2., 1863 Chancellorsville",TACTICAL,20,"May, 19., 1863  Vicksburg",14,"Chancellorsville * TV

----{secret telegraph depeche to general}-----
THE WHITE HOUSE; WASHINGTON,

Dear Sir,
the president names you as one of his best generals....! 
As special recognition the newly launched USS Moose is detached to your army corps...!

THE PRESIDENT OF THE UNITED STATES
-----{end of secret telegraph depeche}----"
A Long Journey to Freedom (1848-1865),13,"May, 2., 1863 Chancellorsville",LOSE,0,CAMPAIGN END / DEFEAT,255,"Chancellorsville * L

Everything is lost."
A Long Journey to Freedom (1848-1865),14,"May, 19., 1863  Vicksburg",BRILIANT,60,"July, 1., 1863  Gettysburg",15,"Vicksburg * BV

----{secret telegraph depeche to general}-----
THE WHITE HOUSE; WASHINGTON,

Dear Sir,
disregarding your success we are forced to pull back your troops. One of the best enemy generals, general Lee, is threatening our lins in the southeast.
Fortunately we early recognized the importance of railways and are therfore able to move troops for hundreds of miles very fast.

We send your corps as reinforcement of our front.

Stop General Lee at any cost !!!

THE PRESIDENT OF THE UNITED STATES
-----{end of secret telegraph depeche}----"
A Long Journey to Freedom (1848-1865),14,"May, 19., 1863  Vicksburg",VICTORY,50,"July, 1., 1863  Gettysburg",15,"Vicksburg * V

----{secret telegraph depeche to general}-----
THE WHITE HOUSE; WASHINGTON,

Dear Sir,
disregarding your success we are forced to pull back your troops. One of the best enemy generals, general Lee, is threatening our lins in the southeast.
Fortunately we early recognized the importance of railways and are therfore able to move troops for hundreds of miles very fast.

We send your corps as reinforcement of our front.

Stop General Lee at any cost !!!

THE PRESIDENT OF THE UNITED STATES
-----{end of secret telegraph depeche}----"
A Long Journey to Freedom (1848-1865),14,"May, 19., 1863  Vicksburg",TACTICAL,50,"July, 1., 1863  Gettysburg",15,"Vicksburg * TV

----{secret telegraph depeche to general}-----
THE WHITE HOUSE; WASHINGTON,

Dear Sir,
disregarding your success we are forced to pull back your troops. One of the best enemy generals, general Lee, is threatening our lins in the southeast.
Fortunately we early recognized the importance of railways and are therfore able to move troops for hundreds of miles very fast.

We send your corps as reinforcement of our front.

Stop General Lee at any cost !!!

THE PRESIDENT OF THE UNITED STATES
-----{end of secret telegraph depeche}----"
A Long Journey to Freedom (1848-1865),14,"May, 19., 1863  Vicksburg",LOSE,0,CAMPAIGN END / DEFEAT,255,"Vicksburg * L

Everything is lost."
A Long Journey to Freedom (1848-1865),15,"July, 1., 1863  Gettysburg",BRILIANT,100,"October, 14., 1863  Bristoe Station",16,"Gettysburg * BV

----{secret telegraph depeche to general}-----
THE WHITE HOUSE; WASHINGTON,

Dear Sir,
the United States congratulate you on this victory ! 
You have saved us from a big threat !
I am sorry, but we cannot grant a rest to you and your men... you are moved further by rail - our situation in the south is difficult...

May God be with you !

THE PRESIDENT OF THE UNITED STATES
-----{end of secret telegraph depeche}----"
A Long Journey to Freedom (1848-1865),15,"July, 1., 1863  Gettysburg",VICTORY,90,"October, 14., 1863  Bristoe Station",16,"Gettysburg * V

----{secret telegraph depeche to general}-----
THE WHITE HOUSE; WASHINGTON,

Dear Sir,
the United States congratulate you on this victory ! 
You have saved us from a big threat !
I am sorry, but we cannot grant a rest to you and your men... you are moved further by rail - our situation in the south is difficult...

May God be with you !

THE PRESIDENT OF THE UNITED STATES
-----{end of secret telegraph depeche}----"
A Long Journey to Freedom (1848-1865),15,"July, 1., 1863  Gettysburg",TACTICAL,80,"October, 14., 1863  Bristoe Station",16,"Gettysburg * TV

----{secret telegraph depeche to general}-----
THE WHITE HOUSE; WASHINGTON,

Dear Sir,
the United States congratulate you on this victory ! 
You have saved us from a big threat !
I am sorry, but we cannot grant a rest to you and your men... you are moved further by rail - our situation in the south is difficult...

May God be with you !

THE PRESIDENT OF THE UNITED STATES
-----{end of secret telegraph depeche}----"
A Long Journey to Freedom (1848-1865),15,"July, 1., 1863  Gettysburg",LOSE,0,CAMPAIGN END / DEFEAT,255,"Gettysburg * L

Everything is lost."
A Long Journey to Freedom (1848-1865),16,"October, 14., 1863  Bristoe Station",BRILIANT,100,"February, 17., 1864  Charleston",17,"Bristoe Station * BV

----{secret telegraph depeche to general}-----
THE WHITE HOUSE; WASHINGTON,

Dear Sir,
once again you have saved the Situaion and we are indebted to you...
We proclaim you to be the Commander in Chief of our Expeditionary forces ... 
This time we will arrive from Sea, they will not calculate with this Move....

THE PRESIDENT OF THE UNITED STATES
-----{end of secret telegraph depeche}----"
A Long Journey to Freedom (1848-1865),16,"October, 14., 1863  Bristoe Station",VICTORY,100,"February, 17., 1864  Charleston",17,"Bristoe Station * V

----{secret telegraph depeche to general}-----
THE WHITE HOUSE; WASHINGTON,

Dear Sir,
once again you have saved the Situaion and we are indebted to you...
We proclaim you to be the Commander in Chief of our Expeditionary forces ... 
This time we will arrive from Sea, they will not calculate with this Move....

THE PRESIDENT OF THE UNITED STATES
-----{end of secret telegraph depeche}----"
A Long Journey to Freedom (1848-1865),16,"October, 14., 1863  Bristoe Station",TACTICAL,100,"February, 17., 1864  Charleston",17,"Bristoe Station * TV

----{secret telegraph depeche to general}-----
THE WHITE HOUSE; WASHINGTON,

Dear Sir,
once again you have saved the Situaion and we are indebted to you...
We proclaim you to be the Commander in Chief of our Expeditionary forces ... 
This time we will arrive from Sea, they will not calculate with this Move....

THE PRESIDENT OF THE UNITED STATES
-----{end of secret telegraph depeche}----"
A Long Journey to Freedom (1848-1865),16,"October, 14., 1863  Bristoe Station",LOSE,0,CAMPAIGN END / DEFEAT,255,"Bristoe Station * L

Everything is lost."
A Long Journey to Freedom (1848-1865),17,"February, 17., 1864  Charleston",BRILIANT,100,"May, 5., 1864  New Market",18,"Charleston * BV

----{secret telegraph depeche to general}-----
THE WHITE HOUSE; WASHINGTON,

Dear Sir,
very well done. You have secured this part of the coast !

now we have planned your corps for reconniassance and sabotage missions in the enemy country....

THE PRESIDENT OF THE UNITED STATES
-----{end of secret telegraph depeche}----"
A Long Journey to Freedom (1848-1865),17,"February, 17., 1864  Charleston",VICTORY,90,"May, 5., 1864  New Market",18,"Charleston * V

----{secret telegraph depeche to general}-----
THE WHITE HOUSE; WASHINGTON,

Dear Sir,
very well done. You have secured this part of the coast !

now we have planned your corps for reconniassance and sabotage missions in the enemy country....

THE PRESIDENT OF THE UNITED STATES
-----{end of secret telegraph depeche}----"
A Long Journey to Freedom (1848-1865),17,"February, 17., 1864  Charleston",TACTICAL,80,"May, 5., 1864  New Market",18,"Charleston * TV

----{secret telegraph depeche to general}-----
THE WHITE HOUSE; WASHINGTON,

Dear Sir,
well done. You have secured this part of the coast !

now we have planned your corps for reconniassance and sabotage missions in the enemy country....

THE PRESIDENT OF THE UNITED STATES
-----{end of secret telegraph depeche}----"
A Long Journey to Freedom (1848-1865),17,"February, 17., 1864  Charleston",LOSE,0,CAMPAIGN END / DEFEAT,255,"Charleston * L

Everything is lost."
A Long Journey to Freedom (1848-1865),18,"May, 5., 1864  New Market",BRILIANT,80,"July, 4., 1864  Harper's Ferry",19,"New Market * BV

----{secret telegraph depeche to general}-----
THE WHITE HOUSE; WASHINGTON,

Dear Sir,
very well done, Sir, but now we haveto call you back.... at the moment we are not able to send you support... and even more important:
we have to reconquer the important railway junction Harpers Ferry at all cost....
this is one of the strategic most relevant traffic junctions... who controls the railway supply will win the war !

THE PRESIDENT OF THE UNITED STATES
-----{end of secret telegraph depeche}----"
A Long Journey to Freedom (1848-1865),18,"May, 5., 1864  New Market",VICTORY,70,"July, 4., 1864  Harper's Ferry",19,"New Market * V

----{secret telegraph depeche to general}-----
THE WHITE HOUSE; WASHINGTON,

Dear Sir,
very well done, Sir, but now we haveto call you back.... at the moment we are not able to send you support... and even more important:
we have to reconquer the important railway junction Harpers Ferry at all cost....
this is one of the strategic most relevant traffic junctions... who controls the railway supply will win the war !

THE PRESIDENT OF THE UNITED STATES
-----{end of secret telegraph depeche}----"
A Long Journey to Freedom (1848-1865),18,"May, 5., 1864  New Market",TACTICAL,60,"July, 4., 1864  Harper's Ferry",19,"New Market * TV

----{secret telegraph depeche to general}-----
THE WHITE HOUSE; WASHINGTON,

Dear Sir,
well done, Sir, but now we haveto call you back.... at the moment we are not able to send you support... and even more important:
we have to reconquer the important railway junction Harpers Ferry at all cost....
this is one of the strategic most relevant traffic junctions... who controls the railway supply will win the war !

THE PRESIDENT OF THE UNITED STATES
-----{end of secret telegraph depeche}----"
A Long Journey to Freedom (1848-1865),18,"May, 5., 1864  New Market",LOSE,0,CAMPAIGN END / DEFEAT,255,"New Market * L

Everything is lost."
A Long Journey to Freedom (1848-1865),19,"July, 4., 1864  Harper's Ferry",BRILIANT,80,"August, 5., 1864  Mobile Bay",20,"Harper's Ferry * BV

----{secret telegraph depeche to general}-----
THE WHITE HOUSE; WASHINGTON,

Dear Sir,
excellent, General !
according to your high experience in warfare at sea and in amphibious maneuvers, you are sent to our south-eastern front... let us take all rebel harbors at first !

THE PRESIDENT OF THE UNITED STATES
-----{end of secret telegraph depeche}----"
A Long Journey to Freedom (1848-1865),19,"July, 4., 1864  Harper's Ferry",VICTORY,70,"August, 5., 1864  Mobile Bay",20,"Harper's Ferry * V

----{secret telegraph depeche to general}-----
THE WHITE HOUSE; WASHINGTON,

Dear Sir,
excellent, General !
according to your high experience in warfare at sea and in amphibious maneuvers, you are sent to our south-eastern front... let us take all rebel harbors at first !

THE PRESIDENT OF THE UNITED STATES
-----{end of secret telegraph depeche}----"
A Long Journey to Freedom (1848-1865),19,"July, 4., 1864  Harper's Ferry",TACTICAL,60,"August, 5., 1864  Mobile Bay",20,"Harper's Ferry * TV

----{secret telegraph depeche to general}-----
THE WHITE HOUSE; WASHINGTON,

Dear Sir,
excellent, General !
according to your high experience in warfare at sea and in amphibious maneuvers, you are sent to our south-eastern front... let us take all rebel harbors at first !

THE PRESIDENT OF THE UNITED STATES
-----{end of secret telegraph depeche}----"
A Long Journey to Freedom (1848-1865),19,"July, 4., 1864  Harper's Ferry",LOSE,0,CAMPAIGN END / DEFEAT,255,"Harper's Ferry * L

Everything is lost."
A Long Journey to Freedom (1848-1865),20,"August, 5., 1864  Mobile Bay",BRILIANT,100,"October, 25., 1864  Petersburg",21,"Mobile Bay * BV

----{secret telegraph depeche to general}-----
THE WHITE HOUSE; WASHINGTON,

Dear Sir,
the confederate fleet is nearly non existent any more... 
Now our main force may come from the north whereas your corps will land from the south-east..
good luck !

THE PRESIDENT OF THE UNITED STATES
-----{end of secret telegraph depeche}----"
A Long Journey to Freedom (1848-1865),20,"August, 5., 1864  Mobile Bay",VICTORY,90,"October, 25., 1864  Petersburg",21,"Mobile Bay * V

----{secret telegraph depeche to general}-----
THE WHITE HOUSE; WASHINGTON,

Dear Sir,
the confederate fleet is nearly non existent any more... 
Now our main force may come from the north whereas your corps will land from the south-east..
good luck !

THE PRESIDENT OF THE UNITED STATES
-----{end of secret telegraph depeche}----"
A Long Journey to Freedom (1848-1865),20,"August, 5., 1864  Mobile Bay",TACTICAL,80,"October, 25., 1864  Petersburg",21,"Mobile Bay * TV

----{secret telegraph depeche to general}-----
THE WHITE HOUSE; WASHINGTON,

Dear Sir,
the confederate fleet is nearly non existent any more... 
Now our main force may come from the north whereas your corps will land from the south-east..
good luck !

THE PRESIDENT OF THE UNITED STATES
-----{end of secret telegraph depeche}----"
A Long Journey to Freedom (1848-1865),20,"August, 5., 1864  Mobile Bay",LOSE,0,CAMPAIGN END / DEFEAT,255,"Mobile Bay * L

Everything is lost."
A Long Journey to Freedom (1848-1865),21,"October, 25., 1864  Petersburg",BRILIANT,100,"January, 13., 1865  Fort Fisher",22,"Petersburg * BV

----{secret telegraph depeche to general}-----
THE WHITE HOUSE; WASHINGTON,

Dear Sir,
rest of the confederate Navy gather near Fort Fisher...
As you and your men are most experienced in amphibious maneuvers, we once again have to ask you to carry out this important amphibious maneuver....
Some U.S.C.T and our Marine Corps will support you...

THE PRESIDENT OF THE UNITED STATES
-----{end of secret telegraph depeche}----"
A Long Journey to Freedom (1848-1865),21,"October, 25., 1864  Petersburg",VICTORY,90,"January, 13., 1865  Fort Fisher",22,"Petersburg * V

----{secret telegraph depeche to general}-----
THE WHITE HOUSE; WASHINGTON,

Dear Sir,
rest of the confederate Navy gather near Fort Fisher...
As you and your men are most experienced in amphibious maneuvers, we once again have to ask you to carry out this important amphibious maneuver....
Some U.S.C.T and our Marine Corps will support you...

THE PRESIDENT OF THE UNITED STATES
-----{end of secret telegraph depeche}----"
A Long Journey to Freedom (1848-1865),21,"October, 25., 1864  Petersburg",TACTICAL,80,"January, 13., 1865  Fort Fisher",22,"Petersburg * TV

----{secret telegraph depeche to general}-----
THE WHITE HOUSE; WASHINGTON,

Dear Sir,
rest of the confederate Navy gather near Fort Fisher...
As you and your men are most experienced in amphibious maneuvers, we once again have to ask you to carry out this important amphibious maneuver....
Some U.S.C.T and our Marine Corps will support you...

THE PRESIDENT OF THE UNITED STATES
-----{end of secret telegraph depeche}----"
A Long Journey to Freedom (1848-1865),21,"October, 25., 1864  Petersburg",LOSE,0,CAMPAIGN END / DEFEAT,255,"Petersburg * L

Everything is lost."
A Long Journey to Freedom (1848-1865),22,"January, 13., 1865  Fort Fisher",BRILIANT,100,"April, 1., 1865  Close the Trap (Ft. Stedman + Five Forks)",23,"Fort Fisher * BV

----{secret telegraph depeche to general}-----
THE WHITE HOUSE; WASHINGTON,

Dear Sir,
very well done General, 
we have conquered the last important confederate Navybase !
Now move back your corps to Petersburg immediately and close the trap...!

THE PRESIDENT OF THE UNITED STATES
-----{end of secret telegraph depeche}----"
A Long Journey to Freedom (1848-1865),22,"January, 13., 1865  Fort Fisher",VICTORY,90,"April, 1., 1865  Close the Trap (Ft. Stedman + Five Forks)",23,"Fort Fisher * V

----{secret telegraph depeche to general}-----
THE WHITE HOUSE; WASHINGTON,

Dear Sir,
very well done General, 
we have conquered the last important confederate Navybase !
Now move back your corps to Petersburg immediately and close the trap...!

THE PRESIDENT OF THE UNITED STATES
-----{end of secret telegraph depeche}----"
A Long Journey to Freedom (1848-1865),22,"January, 13., 1865  Fort Fisher",TACTICAL,80,"April, 1., 1865  Close the Trap (Ft. Stedman + Five Forks)",23,"Fort Fisher * TV

----{secret telegraph depeche to general}-----
THE WHITE HOUSE; WASHINGTON,

Dear Sir,
well done General, 
we have conquered the last important confederate Navybase !
Now move back your corps to Petersburg immediately and close the trap...!

THE PRESIDENT OF THE UNITED STATES
-----{end of secret telegraph depeche}----"
A Long Journey to Freedom (1848-1865),22,"January, 13., 1865  Fort Fisher",LOSE,0,CAMPAIGN END / DEFEAT,255,"Fort Fisher * L

Everything is lost."
A Long Journey to Freedom (1848-1865),23,"April, 1., 1865  Close the Trap (Ft. Stedman + Five Forks)",BRILIANT,160,"May, 9., 1865  The Key to Richmond",24,"Close the Trap * BV

----{secret telegraph depeche to general}-----
THE WHITE HOUSE; WASHINGTON,

Dear Sir,
the rebels are not planning to surrender.... they collect their last reserves near Richmond...!
You and your corps get the honor to start our attack...
Secure the waterway to Richmond !

THE PRESIDENT OF THE UNITED STATES
-----{end of secret telegraph depeche}----"
A Long Journey to Freedom (1848-1865),23,"April, 1., 1865  Close the Trap (Ft. Stedman + Five Forks)",VICTORY,150,"May, 9., 1865  The Key to Richmond",24,"Close the Trap * V

----{secret telegraph depeche to general}-----
THE WHITE HOUSE; WASHINGTON,

Dear Sir,
the rebels are not planning to surrender.... they collect their last reserves near Richmond...!
You and your corps get the honor to start our attack...
Secure the waterway to Richmond !

THE PRESIDENT OF THE UNITED STATES
-----{end of secret telegraph depeche}----"
A Long Journey to Freedom (1848-1865),23,"April, 1., 1865  Close the Trap (Ft. Stedman + Five Forks)",TACTICAL,140,"May, 9., 1865  The Key to Richmond",24,"Close the Trap * TV

----{secret telegraph depeche to general}-----
THE WHITE HOUSE; WASHINGTON,

Dear Sir,
the rebels are not planning to surrender.... they collect their last reserves near Richmond...!
You and your corps get the honor to start our attack...
Secure the waterway to Richmond !

THE PRESIDENT OF THE UNITED STATES
-----{end of secret telegraph depeche}----"
A Long Journey to Freedom (1848-1865),23,"April, 1., 1865  Close the Trap (Ft. Stedman + Five Forks)",LOSE,0,CAMPAIGN END / DEFEAT,255,"Close the Trap  * L

Everything is lost."
A Long Journey to Freedom (1848-1865),24,"May, 9., 1865  The Key to Richmond",BRILIANT,700,"June, 23., 1865  Final Assault at Richmond",25,"The Key to Richmond * BV

----{secret telegraph depeche to general}-----
THE WHITE HOUSE; WASHINGTON,

Dear Sir,
we have to srtike quickly into the heart of the beast !
being our best general, you have the honor to start the attack...
god bless america....

THE PRESIDENT OF THE UNITED STATES
-----{end of secret telegraph depeche}----"
A Long Journey to Freedom (1848-1865),24,"May, 9., 1865  The Key to Richmond",VICTORY,690,"June, 23., 1865  Final Assault at Richmond",25,"The Key to Richmond * V

----{secret telegraph depeche to general}-----
THE WHITE HOUSE; WASHINGTON,

Dear Sir,
we have to srtike quickly into the heart of the beast !
being our best general, you have the honor to start the attack...
god bless america....

THE PRESIDENT OF THE UNITED STATES
-----{end of secret telegraph depeche}----"
A Long Journey to Freedom (1848-1865),24,"May, 9., 1865  The Key to Richmond",TACTICAL,660,"June, 23., 1865  Final Assault at Richmond",25,"The Key to Richmond * TV

----{secret telegraph depeche to general}-----
THE WHITE HOUSE; WASHINGTON,

Dear Sir,
we have to srtike quickly into the heart of the beast !
being our best general, you have the honor to start the attack...
god bless america....

THE PRESIDENT OF THE UNITED STATES
-----{end of secret telegraph depeche}----"
A Long Journey to Freedom (1848-1865),24,"May, 9., 1865  The Key to Richmond",LOSE,0,CAMPAIGN END / DEFEAT,255,"The Key to Richmond * L

Everything is lost."
A Long Journey to Freedom (1848-1865),25,"June, 23., 1865  Final Assault at Richmond",BRILIANT,9999,Unknown (ID 254),254,"Final Assault at Richmond * BV

----{secret telegraph depeche to general}-----
THE WHITE HOUSE; WASHINGTON,

Dear Sir,
Unbelievable, you made it !!!
You have taken Richmond and the enemy had to surrender !
The war is over ! We have won !
if you plan to run for presidency in the future, I could help you with advice...
God bless and long live liberty !

THE PRESIDENT OF THE UNITED STATES
-----{end of secret telegraph depeche}----

dear friend,
we have won, I fullfilled my duty: I resign as general, return to my school and teach young people again.....
there is one thing that I will teach them for sure: Their are times where freedom must be defended.... 
and here my friend, here ends my long journey to freedom."
A Long Journey to Freedom (1848-1865),25,"June, 23., 1865  Final Assault at Richmond",VICTORY,999,Unknown (ID 254),254,"Final Assault at Richmond * V

----{secret telegraph depeche to general}-----
THE WHITE HOUSE; WASHINGTON,

Dear Sir,
Unbelievable, you made it !!!
You have taken Richmond and the enemy had to surrender !
The war is over ! We have won !
if you plan to run for presidency in the future, I could help you with advice...
God bless and long live liberty !

THE PRESIDENT OF THE UNITED STATES
-----{end of secret telegraph depeche}----

dear friend,
we have won, I fullfilled my duty: I resign as general, return to my school and teach young people again.....
there is one thing that I will teach them for sure: Their are times where freedom must be defended.... 
and here my friend, here ends my long journey to freedom."
A Long Journey to Freedom (1848-1865),25,"June, 23., 1865  Final Assault at Richmond",TACTICAL,99,Unknown (ID 254),254,"Final Assault at Richmond * TV

----{secret telegraph depeche to general}-----
THE WHITE HOUSE; WASHINGTON,

Dear Sir,
Unbelievable, you made it !!!
You have taken Richmond and the enemy had to surrender !
The war is over ! We have won !
if you plan to run for presidency in the future, I could help you with advice...
God bless and long live liberty !

THE PRESIDENT OF THE UNITED STATES
-----{end of secret telegraph depeche}----

dear friend,
we have won, I fullfilled my duty: I resign as general, return to my school and teach young people again.....
there is one thing that I will teach them for sure: Their are times where freedom must be defended.... 
and here my friend, here ends my long journey to freedom."
A Long Journey to Freedom (1848-1865),25,"June, 23., 1865  Final Assault at Richmond",LOSE,0,CAMPAIGN END / DEFEAT,255,"Final Assault at Richmond * L

Everything is lost."
Russian Counter-Offensive Campaign (1942-1946),0,"Good Morning Comrade General Zhukov.  This is a matter of dire importance.  As you know our beloved Stalingrad has been repeatedly bombed and strafed by the German Luftwaffe.  Our patriotic partisians and snipers have been holding their own, after the subsequent invasion of our beloved city.  The German 6th Army, consisting of Von Paulus & his cronies, and castoffs from the 4th Panzer Division, have besieged the city and are now occupying territory West of the Railway tracks.  I have brought in the finest generals & commanders, and one of the most massive attack forces of history, to oust these Fascist sitters from their entrenchments.",BRILIANT,1500,AIR RECON REPORT,1,"Excellent Job Comrade General.  Stalin will reward you with an experimental prototype to use in your battles.  Congratulations on the shattering of the German 6th Army!  But we cannot be idle!  A Winter Storm is moving in, and the 3rd and 4th Romanian Armies are squatting along the Chir and Don Rivers.  Also, recon reports that the Italian 8th Army is in the area, and that the 48th Panzer Division is moving East quickly.  Smash these invaders now!"
Russian Counter-Offensive Campaign (1942-1946),0,"Good Morning Comrade General Zhukov.  This is a matter of dire importance.  As you know our beloved Stalingrad has been repeatedly bombed and strafed by the German Luftwaffe.  Our patriotic partisians and snipers have been holding their own, after the subsequent invasion of our beloved city.  The German 6th Army, consisting of Von Paulus & his cronies, and castoffs from the 4th Panzer Division, have besieged the city and are now occupying territory West of the Railway tracks.  I have brought in the finest generals & commanders, and one of the most massive attack forces of history, to oust these Fascist sitters from their entrenchments.",LOSE,0,CAMPAIGN END / DEFEAT,255,"Sorry Comrade General Zhukov, you have been demoted.  There is work for you in Siberia.  Good Luck with your new endeavors."
Russian Counter-Offensive Campaign (1942-1946),0,"Good Morning Comrade General Zhukov.  This is a matter of dire importance.  As you know our beloved Stalingrad has been repeatedly bombed and strafed by the German Luftwaffe.  Our patriotic partisians and snipers have been holding their own, after the subsequent invasion of our beloved city.  The German 6th Army, consisting of Von Paulus & his cronies, and castoffs from the 4th Panzer Division, have besieged the city and are now occupying territory West of the Railway tracks.  I have brought in the finest generals & commanders, and one of the most massive attack forces of history, to oust these Fascist sitters from their entrenchments.",TACTICAL,500,AIR RECON REPORT,1,"Well, you broke even Comrade General.  Though we paid a price!
  Congratulations on the shattering of the German 6th Army!  But we cannot be idle!  A Winter Storm is moving in, and the 3rd and 4th Romanian Armies are squatting along the Chir and Don Rivers.  Also, recon reports that the Italian 8th Army is in the area, and that the 48th Panzer Division is moving East quickly.  Smash these invaders now!"
Russian Counter-Offensive Campaign (1942-1946),0,"Good Morning Comrade General Zhukov.  This is a matter of dire importance.  As you know our beloved Stalingrad has been repeatedly bombed and strafed by the German Luftwaffe.  Our patriotic partisians and snipers have been holding their own, after the subsequent invasion of our beloved city.  The German 6th Army, consisting of Von Paulus & his cronies, and castoffs from the 4th Panzer Division, have besieged the city and are now occupying territory West of the Railway tracks.  I have brought in the finest generals & commanders, and one of the most massive attack forces of history, to oust these Fascist sitters from their entrenchments.",VICTORY,1000,AIR RECON REPORT,1,"Good Job Comrade General.
  Congratulations on the shattering of the German 6th Army!  But we cannot be idle!  A Winter Storm is moving in, and the 3rd and 4th Romanian Armies are squatting along the Chir and Don Rivers.  Also, recon reports that the Italian 8th Army is in the area, and that the 48th Panzer Division is moving East quickly.  Smash these invaders now!"
Russian Counter-Offensive Campaign (1942-1946),1,AIR RECON REPORT,BRILIANT,1500,AIR RECON REPORT,2,"Absolutely Brilliant, Zhukov, you will be rewarded greatly.  Plus I have a case of Stolie's and a box of cigars for you when you return.
Congratulations, but we must push on to Rostov.  Despite the Winter Storm that has moved in.  There are ragtag units who ran away during Operation Saturn, but they are being reinforced by part of the 48th Panzer Division.  Recon tells us they heard of our counterattack, and moved a sizable amount of Heavy Artillery across the river.  So send recon and aircraft out first, Comrade.  You have the select group of forces from the best armies and divisions, and commendable leaders!  Push East Comrade!  ON TO ROSTOV!"
Russian Counter-Offensive Campaign (1942-1946),1,AIR RECON REPORT,LOSE,0,CAMPAIGN END / DEFEAT,255,"Sorry Zhukov, but I have heard that the cannery in Siberia has openings.  Gen. Yeremenko will be taking over your duties.  Good Luck!"
Russian Counter-Offensive Campaign (1942-1946),1,AIR RECON REPORT,TACTICAL,500,AIR RECON REPORT,2,"Well, Zhukov.  A manageable, tactical win.  But many losses!  Our line is wearing thin.  If this continues, we will suffer a defeat in the long run.  We must send out more recon, before blindly attacking.
Congratulations, but we must push on to Rostov.  Despite the Winter Storm that has moved in.  There are ragtag units who ran away during Operation Saturn, but they are being reinforced by part of the 48th Panzer Division.  Recon tells us they heard of our counterattack, and moved a sizable amount of Heavy Artillery across the river.  So send recon and aircraft out first, Comrade.  You have the select group of forces from the best armies and divisions, and commendable leaders!  Push East Comrade!  ON TO ROSTOV!"
Russian Counter-Offensive Campaign (1942-1946),1,AIR RECON REPORT,VICTORY,1000,AIR RECON REPORT,2,"Good, Good Job, Comrade Zhukov.  Still some unexpected losses.
Congratulations, but we must push on to Rostov.  Despite the Winter Storm that has moved in.  There are ragtag units who ran away during Operation Saturn, but they are being reinforced by part of the 48th Panzer Division.  Recon tells us they heard of our counterattack, and moved a sizable amount of Heavy Artillery across the river.  So send recon and aircraft out first, Comrade.  You have the select group of forces from the best armies and divisions, and commendable leaders!  Push East Comrade!  ON TO ROSTOV!"
Russian Counter-Offensive Campaign (1942-1946),2,AIR RECON REPORT,BRILIANT,1500,AIR RECON REPORT,3,"Excellent Job Comrade Zhukov, You were brilliant, and will be amply rewarded!  We have a chance to quickly secure four tactical deployment sites and for our seige of Rostov.  We have to do this very quickly.  And with limited supply and troops.  Bomb the occupied territories, we have the l6th Air Army on the way.  Sieze  the  occupied territories.  Quickly, the full Army is on it's way!"
Russian Counter-Offensive Campaign (1942-1946),2,AIR RECON REPORT,LOSE,0,CAMPAIGN END / DEFEAT,255,"Sorry Zhukov, General Rokossovsky is taking over your command.  You are relieved of your duties, and will be an office manager in Moscow."
Russian Counter-Offensive Campaign (1942-1946),2,AIR RECON REPORT,TACTICAL,500,AIR RECON REPORT,3,"Well, a win is a win.  But I am getting worried about the loss of too many units for our marrch to Rostov.  We have a chance to quickly secure four tactical deployment sites.  Bomb the occupied territories and seize them with limited recon and units.  Hurry, the rest of the army is on its way"
Russian Counter-Offensive Campaign (1942-1946),2,AIR RECON REPORT,VICTORY,1000,AIR RECON REPORT,3,"Good Job Zhukov, but careful with our units, We will need them, later.  We have a chance to quickly secure four tactical deployment sites and for our seige of Rostov.  We have to do this very quickly.  And with limited supply and troops.  Bomb the occupied territories, we have the l6th Air Army on the way.  Sieze  the  occupied territories.  Quickly, the full Army is on it's way!"
Russian Counter-Offensive Campaign (1942-1946),3,AIR RECON REPORT,BRILIANT,1500,AIR RECON REPORT,4,"Great Job, Zhukov.  We must now take Rostov, but our reports tell us that Wiking's Panzer Division has reinforced the occupied city hearing of our movements.  Wiking has a sizable amount of Tigers lying in wait, so be sure to employ the recon aircraft that I have sequestred. Our tactical fighters and bombers are being used in Kursk at this time, and will not be available. In addition, Stalin is sending us additional bombers from the 8th Army to aid us in our efforts.  Careful General, a defeat here may mean a loss in the war.  Good Luck & GodSpeed, Comrade!"
Russian Counter-Offensive Campaign (1942-1946),3,AIR RECON REPORT,LOSE,0,CAMPAIGN END / DEFEAT,255,Get Lost Zhukov you can't manage a fishery
Russian Counter-Offensive Campaign (1942-1946),3,AIR RECON REPORT,TACTICAL,500,AIR RECON REPORT,4,"Great Job, Zhukov.  We must now take Rostov, but our reports tell us that Wiking's Panzer Division has reinforced the occupied city hearing of our movements.  Wiking has a sizable amount of Tigers lying in wait, so be sure to employ the recon aircraft that I have sequestred. Our tactical fighters and bombers are being used in Kursk at this time, and will not be available. In addition, Stalin is sending us additional bombers from the 8th Army to aid us in our efforts.  Careful General, a defeat here may mean a loss in the war.  Good Luck & GodSpeed, Comrade!"
Russian Counter-Offensive Campaign (1942-1946),3,AIR RECON REPORT,VICTORY,1000,AIR RECON REPORT,4,"Great Job, Zhukov.  We must now take Rostov, but our reports tell us that Wiking's Panzer Division has reinforced the occupied city hearing of our movements.  Wiking has a sizable amount of Tigers lying in wait, so be sure to employ the recon aircraft that I have sequestred. Our tactical fighters and bombers are being used in Kursk at this time, and will not be available. In addition, Stalin is sending us additional bombers from the 8th Army to aid us in our efforts.  Careful General, a defeat here may mean a loss in the war.  Good Luck & GodSpeed, Comrade!"
Russian Counter-Offensive Campaign (1942-1946),4,AIR RECON REPORT,BRILIANT,1500,AIR RECON REPORT,5,"Our Marines, Naval Forces, and Air Armies have captured deployment areas near Sevastopol.  Now is the time for us to capture Sevastopol before we head North.  There are some concerns.  Recon tells us that their are some Italian navy units operating in the Black Sea, but most of them are small.  Capture Sevastopol and let us continue this campaign for the liberation of Russia and its homeland.  Good Luck, Zhukov, I am sending you some paratroopers to deploy over key focal points in our attack"
Russian Counter-Offensive Campaign (1942-1946),4,AIR RECON REPORT,LOSE,0,CAMPAIGN END / DEFEAT,255,"Sorry Zhukov, Malinowsky will be deployed to the Southwest Line to assume your duties"
Russian Counter-Offensive Campaign (1942-1946),4,AIR RECON REPORT,TACTICAL,500,AIR RECON REPORT,5,"Our Marines, Naval Forces, and Air Armies have captured deployment areas near Sevastopol.  Now is the time for us to capture Sevastopol before we head North.  There are some concerns.  Recon tells us that their are some Italian navy units operating in the Black Sea, but most of them are small.  Capture Sevastopol and let us continue this campaign for the liberation of Russia and its homeland.  Good Luck, Zhukov, I am sending you some paratroopers to deploy over key focal points in our attack"
Russian Counter-Offensive Campaign (1942-1946),4,AIR RECON REPORT,VICTORY,1000,AIR RECON REPORT,5,"Our Marines, Naval Forces, and Air Armies have captured deployment areas near Sevastopol.  Now is the time for us to capture Sevastopol before we head North.  There are some concerns.  Recon tells us that their are some Italian navy units operating in the Black Sea, but most of them are small.  Capture Sevastopol and let us continue this campaign for the liberation of Russia and its homeland.  Good Luck, Zhukov, I am sending you some paratroopers to deploy over key focal points in our attack"
Russian Counter-Offensive Campaign (1942-1946),5,AIR RECON REPORT,BRILIANT,1500,AIR RECON REPORT,6,"Excellent Job Comrade Zhukov!  I'm sure Stalin will reward you greatly!
We are headed North to Odessa.  There seems to be some small units on the way.  Nothing that you can't take care of.  Will report back after we dispose of these runaways!  Good Luck Zhukov!"
Russian Counter-Offensive Campaign (1942-1946),5,AIR RECON REPORT,LOSE,0,CAMPAIGN END / DEFEAT,255,"Well Zhukov, see you after the war, when you are waiting tables for my dinner party."
Russian Counter-Offensive Campaign (1942-1946),5,AIR RECON REPORT,TACTICAL,500,AIR RECON REPORT,6,"Well, Zhukov you made it a tactical victory, but I am concerned.
We are headed North to Odessa.  There seems to be some small units on the way.  Nothing that you can't take care of.  Will report back after we dispose of these runaways!  Good Luck Zhukov!"
Russian Counter-Offensive Campaign (1942-1946),5,AIR RECON REPORT,VICTORY,1000,AIR RECON REPORT,6,"Good Job Zhukov.  A Bit of a Log Jam there, but still a victory.
We are headed North to Odessa.  There seems to be some small units on the way.  Nothing that you can't take care of.  Will report back after we dispose of these runaways!  Good Luck Zhukov!"
Russian Counter-Offensive Campaign (1942-1946),6,AIR RECON REPORT,BRILIANT,1500,AIR RECON REPORT,7,"Excellent Job Comrade Zhukov!  I'm sure Stalin will reward you greatly!
West to the Sea Comrade!  This is going to be a big one!  We have Naval Support in the Black Sea for the Naval guns.  Plus in a day or two will be sending in some bombing support.  Careful, recon tells us mostly anti-tank battalions, small, though they are supported by some heavier ATs.  Air intelligence has spotted the Italian Navy to the South, but also two HA railroad guns that could cause some problems, brother.  Good Luck Comrade Zhukov, after this we head North to Kiev to reunite with the other generals in their battle."
Russian Counter-Offensive Campaign (1942-1946),6,AIR RECON REPORT,LOSE,0,CAMPAIGN END / DEFEAT,255,Get Lost Zhukov!
Russian Counter-Offensive Campaign (1942-1946),6,AIR RECON REPORT,TACTICAL,500,AIR RECON REPORT,7,"Excellent Job Comrade Zhukov!  I'm sure Stalin will reward you greatly!
West to the Sea Comrade!  This is going to be a big one!  We have Naval Support in the Black Sea for the Naval guns.  Plus in a day or two will be sending in some bombing support.  Careful, recon tells us mostly anti-tank battalions, small, though they are supported by some heavier ATs.  Air intelligence has spotted the Italian Navy to the South, but also two HA railroad guns that could cause some problems, brother.  Good Luck Comrade Zhukov, after this we head North to Kiev to reunite with the other generals in their battle."
Russian Counter-Offensive Campaign (1942-1946),6,AIR RECON REPORT,VICTORY,1000,AIR RECON REPORT,7,"Excellent Job Comrade Zhukov!  I'm sure Stalin will reward you greatly!
West to the Sea Comrade!  This is going to be a big one!  We have Naval Support in the Black Sea for the Naval guns.  Plus in a day or two will be sending in some bombing support.  Careful, recon tells us mostly anti-tank battalions, small, though they are supported by some heavier ATs.  Air intelligence has spotted the Italian Navy to the South, but also two HA railroad guns that could cause some problems, brother.  Good Luck Comrade Zhukov, after this we head North to Kiev to reunite with the other generals in their battle."
Russian Counter-Offensive Campaign (1942-1946),7,AIR RECON REPORT,BRILIANT,1500,AIR RECON REPORT:,8,"Comrade General Zhukov.  Stalin informs me that the fighting in Kursk was fierce, but the city was finally liberated.  The German battalions have regrouped at Kharkov under the leadership of Generals Von Kleist and Mannheim - remember them?  At least we are pushing them back.  General's Vatutin, Koniev, & Malinowsky are already there to expel the Northern German units on our push to Kiev.  Secure the southern area Comrade until the Generals can eradicate the Northern and Central areas.  It may be wise to wait for them to reinforce you, Kharkov across the river is well-fortified, with Kleist's Panzer Division.  Good Luck General!  I will send some crack parachuters into the Western region as soon as possible to aid your efforts."
Russian Counter-Offensive Campaign (1942-1946),7,AIR RECON REPORT,LOSE,0,CAMPAIGN END / DEFEAT,255,Have a nice life Zhukov!
Russian Counter-Offensive Campaign (1942-1946),7,AIR RECON REPORT,TACTICAL,500,AIR RECON REPORT:,8,"Comrade General Zhukov.  Stalin informs me that the fighting in Kursk was fierce, but the city was finally liberated.  The German battalions have regrouped at Kharkov under the leadership of Generals Von Kleist and Mannheim - remember them?  At least we are pushing them back.  General's Vatutin, Koniev, & Malinowsky are already there to expel the Northern German units on our push to Kiev.  Secure the southern area Comrade until the Generals can eradicate the Northern and Central areas.  It may be wise to wait for them to reinforce you, Kharkov across the river is well-fortified, with Kleist's Panzer Division.  Good Luck General!  I will send some crack parachuters into the Western region as soon as possible to aid your efforts."
Russian Counter-Offensive Campaign (1942-1946),7,AIR RECON REPORT,VICTORY,1000,AIR RECON REPORT:,8,"Comrade General Zhukov.  Stalin informs me that the fighting in Kursk was fierce, but the city was finally liberated.  The German battalions have regrouped at Kharkov under the leadership of Generals Von Kleist and Mannheim - remember them?  At least we are pushing them back.  General's Vatutin, Koniev, & Malinowsky are already there to expel the Northern German units on our push to Kiev.  Secure the southern area Comrade until the Generals can eradicate the Northern and Central areas.  It may be wise to wait for them to reinforce you, Kharkov across the river is well-fortified, with Kleist's Panzer Division.  Good Luck General!  I will send some crack parachuters into the Western region as soon as possible to aid your efforts."
Russian Counter-Offensive Campaign (1942-1946),8,AIR RECON REPORT:,BRILIANT,1500,AIR RECON REPORT,9,"Comrade General Zhukov, Excellent Job as usual.  Recon has informed us that there are lingering German units in Kanev, holding line for the bigger battle of Kiev.  I am letting the other generals go to try and encircle Kiev, while you are disposing of the German, and possibly Romanian units holding out there...Good Luck General, on our push to Kiev.  They got a bunch of units out there, especially Heavy Artillery, be careful, and tactful.  Across the river is a Rat's Nest!"
Russian Counter-Offensive Campaign (1942-1946),8,AIR RECON REPORT:,LOSE,0,CAMPAIGN END / DEFEAT,255,"For me to say anything Zhukov, would be beyond contempt, and lacking in dignity."
Russian Counter-Offensive Campaign (1942-1946),8,AIR RECON REPORT:,TACTICAL,500,AIR RECON REPORT,9,"Comrade General Zhukov, Excellent Job as usual.  Recon has informed us that there are lingering German units in Kanev, holding line for the bigger battle of Kiev.  I am letting the other generals go to try and encircle Kiev, while you are disposing of the German, and possibly Romanian units holding out there...Good Luck General, on our push to Kiev.  They got a bunch of units out there, especially Heavy Artillery, be careful, and tactful.  Across the river is a Rat's Nest!"
Russian Counter-Offensive Campaign (1942-1946),8,AIR RECON REPORT:,VICTORY,1000,AIR RECON REPORT,9,"Comrade General Zhukov, Excellent Job as usual.  Recon has informed us that there are lingering German units in Kanev, holding line for the bigger battle of Kiev.  I am letting the other generals go to try and encircle Kiev, while you are disposing of the German, and possibly Romanian units holding out there...Good Luck General, on our push to Kiev.  They got a bunch of units out there, especially Heavy Artillery, be careful, and tactful.  Across the river is a Rat's Nest!"
Russian Counter-Offensive Campaign (1942-1946),9,AIR RECON REPORT,BRILIANT,1500,AIR RECON REPORT,10,"Comrade General Zhukov, Excellent Job!  Onward to Kiev.  This is the Big One!  You will be reuniting with Generals Koniev, Malinowsky, and Vatutin there, as you approach from the South.  They will be working on the Northern and Central Sectors of Kiev.  Do your best to reinforce their efforts.  The Battle has already begun, and we have established bases east of the river.  Good Luck Comrade General.  If we do well here, it may signal the beginning of the end to this war."
Russian Counter-Offensive Campaign (1942-1946),9,AIR RECON REPORT,LOSE,0,CAMPAIGN END / DEFEAT,255,"Comrade General Zhukov, you are no longer a comrade.  Become an expatriat, and leave our beloved mission now."
Russian Counter-Offensive Campaign (1942-1946),9,AIR RECON REPORT,TACTICAL,500,AIR RECON REPORT,10,"Comrade General Zhukov, Excellent Job!  Onward to Kiev.  This is the Big One!  You will be reuniting with Generals Koniev, Malinowsky, and Vatutin there, as you approach from the South.  They will be working on the Northern and Central Sectors of Kiev.  Do your best to reinforce their efforts.  The Battle has already begun, and we have established bases east of the river.  Good Luck Comrade General.  If we do well here, it may signal the beginning of the end to this war."
Russian Counter-Offensive Campaign (1942-1946),9,AIR RECON REPORT,VICTORY,1000,AIR RECON REPORT,10,"Comrade General Zhukov, Excellent Job!  Onward to Kiev.  This is the Big One!  You will be reuniting with Generals Koniev, Malinowsky, and Vatutin there, as you approach from the South.  They will be working on the Northern and Central Sectors of Kiev.  Do your best to reinforce their efforts.  The Battle has already begun, and we have established bases east of the river.  Good Luck Comrade General.  If we do well here, it may signal the beginning of the end to this war."
Russian Counter-Offensive Campaign (1942-1946),10,AIR RECON REPORT,BRILIANT,1500,AIR RECON REPORT,11,"Comrade General Zhukov!  Excellent!  Excellent!  Despite the heavy casualties.  The other generals will be pushing the front through Poland, and I need you to counter some Romanian resistance in Belgrade. If we can be victorious here, there will be absolutely no chance of getting attacked from behind.  Good Luck, with this win you will be joining the other generals, in the push of the East Front!"
Russian Counter-Offensive Campaign (1942-1946),10,AIR RECON REPORT,LOSE,0,CAMPAIGN END / DEFEAT,255,Comrade General Zhukov! I am sending you to work with the women in the factories.
Russian Counter-Offensive Campaign (1942-1946),10,AIR RECON REPORT,TACTICAL,500,AIR RECON REPORT,11,"Comrade General Zhukov!  Excellent!  Excellent!  Despite the heavy casualties.  The other generals will be pushing the front through Poland, and I need you to counter some Romanian resistance in Belgrade. If we can be victorious here, there will be absolutely no chance of getting attacked from behind.  Good Luck, with this win you will be joining the other generals, in the push of the East Front!"
Russian Counter-Offensive Campaign (1942-1946),10,AIR RECON REPORT,VICTORY,1000,AIR RECON REPORT,11,"Comrade General Zhukov!  Excellent!  Excellent!  Despite the heavy casualties.  The other generals will be pushing the front through Poland, and I need you to counter some Romanian resistance in Belgrade. If we can be victorious here, there will be absolutely no chance of getting attacked from behind.  Good Luck, with this win you will be joining the other generals, in the push of the East Front!"
Russian Counter-Offensive Campaign (1942-1946),11,AIR RECON REPORT,BRILIANT,1500,AIR RECON REPORT,12,"Comrade General Zhukov! Excellent Job!  We need to move you and your arms NW to the SE front of Poland.  The Other Generals are there awaiting you, and your fine army battalions.  Good Luck!"
Russian Counter-Offensive Campaign (1942-1946),11,AIR RECON REPORT,LOSE,0,CAMPAIGN END / DEFEAT,255,Comrade General Zhukov! See you back at the office.
Russian Counter-Offensive Campaign (1942-1946),11,AIR RECON REPORT,TACTICAL,500,AIR RECON REPORT,12,"Comrade General Zhukov! Excellent Job!  We need to move you and your arms NW to the SE front of Poland.  The Other Generals are there awaiting you, and your fine army battalions.  Good Luck!"
Russian Counter-Offensive Campaign (1942-1946),11,AIR RECON REPORT,VICTORY,1000,AIR RECON REPORT,12,"Comrade General Zhukov! Excellent Job!  We need to move you and your arms NW to the SE front of Poland.  The Other Generals are there awaiting you, and your fine army battalions.  Good Luck!"
Russian Counter-Offensive Campaign (1942-1946),12,AIR RECON REPORT,BRILIANT,1500,AIR RECON REPORT,13,"Excellent Zhukov, my commendations!  We are approaching Berlin.  The Other armies are poised at the Oder.  We are ready to strike.  We need you to approach from the Southwest as usual.  This war is almost over!"
Russian Counter-Offensive Campaign (1942-1946),12,AIR RECON REPORT,LOSE,0,CAMPAIGN END / DEFEAT,255,Get Lost Zhukov!!!!!!!!!!
Russian Counter-Offensive Campaign (1942-1946),12,AIR RECON REPORT,TACTICAL,500,AIR RECON REPORT,13,"Excellent Zhukov, my commendations!  We are approaching Berlin.  The Other armies are poised at the Oder.  We are ready to strike.  We need you to approach from the Southwest as usual.  This war is almost over!"
Russian Counter-Offensive Campaign (1942-1946),12,AIR RECON REPORT,VICTORY,1000,AIR RECON REPORT,13,"Excellent Zhukov, my commendations!  We are approaching Berlin.  The Other armies are poised at the Oder.  We are ready to strike.  We need you to approach from the Southwest as usual.  This war is almost over!"
Russian Counter-Offensive Campaign (1942-1946),13,AIR RECON REPORT,BRILIANT,1500,AIR RECON REPORT,14,"Excellent Drive Zhukov.  We are now poised to take Berlin!  We hear that the French, American, & British forces are approaching.  But we will strike first!  Good Luck Zhukov!  Their sources are almost depleted, but more support may be on its way, from the other fronts."
Russian Counter-Offensive Campaign (1942-1946),13,AIR RECON REPORT,LOSE,0,CAMPAIGN END / DEFEAT,255,Get Lost Zhukov
Russian Counter-Offensive Campaign (1942-1946),13,AIR RECON REPORT,TACTICAL,500,AIR RECON REPORT,14,"Excellent Drive Zhukov.  We are now poised to take Berlin!  We hear that the French, American, & British forces are approaching.  But we will strike first!  Good Luck Zhukov!  Their sources are almost depleted, but more support may be on its way, from the other fronts."
Russian Counter-Offensive Campaign (1942-1946),13,AIR RECON REPORT,VICTORY,1000,AIR RECON REPORT,14,"Excellent Drive Zhukov.  We are now poised to take Berlin!  We hear that the French, American, & British forces are approaching.  But we will strike first!  Good Luck Zhukov!  Their sources are almost depleted, but more support may be on its way, from the other fronts."
Russian Counter-Offensive Campaign (1942-1946),14,AIR RECON REPORT,BRILIANT,1500,AIR RECON REPORT,15,"Zhukov now that we have surrounded the city of Berlin.  We have heard of Hitler's death, or suicide, we are not quite sure at this time.  But it appears, the Reichstag had a secret armory, a warehouse, of anti-tank weapons, and heavy artillery.  Overnight, in secret they have barricaded the Reichstag off from the impending forces.  And set up their last hold on the city.  It appears they have stockpiled more than we assumed.  Recon tells us that some fighters and bombers of the Luftwaffe running out of fuel may be approaching the area.  Keep an eye to the sky, and take the Reichstag stronghold.  You will have the support of your other fine generals, as well as the American, British, and French battalions which pushed their way to Berlin.  Good Luck, Zhukov.  This war is almost over."
Russian Counter-Offensive Campaign (1942-1946),14,AIR RECON REPORT,LOSE,0,CAMPAIGN END / DEFEAT,255,"Go make Vodka from potatos Zhukov, at least you can get drunk, you disgrace!"
Russian Counter-Offensive Campaign (1942-1946),14,AIR RECON REPORT,TACTICAL,500,AIR RECON REPORT,15,"Zhukov now that we have surrounded the city of Berlin.  We have heard of Hitler's death, or suicide, we are not quite sure at this time.  But it appears, the Reichstag had a secret armory, a warehouse, of anti-tank weapons, and heavy artillery.  Overnight, in secret they have barricaded the Reichstag off from the impending forces.  And set up their last hold on the city.  It appears they have stockpiled more than we assumed.  Recon tells us that some fighters and bombers of the Luftwaffe running out of fuel may be approaching the area.  Keep an eye to the sky, and take the Reichstag stronghold.  You will have the support of your other fine generals, as well as the American, British, and French battalions which pushed their way to Berlin.  Good Luck, Zhukov.  This war is almost over."
Russian Counter-Offensive Campaign (1942-1946),14,AIR RECON REPORT,VICTORY,1000,AIR RECON REPORT,15,"Zhukov now that we have surrounded the city of Berlin.  We have heard of Hitler's death, or suicide, we are not quite sure at this time.  But it appears, the Reichstag had a secret armory, a warehouse, of anti-tank weapons, and heavy artillery.  Overnight, in secret they have barricaded the Reichstag off from the impending forces.  And set up their last hold on the city.  It appears they have stockpiled more than we assumed.  Recon tells us that some fighters and bombers of the Luftwaffe running out of fuel may be approaching the area.  Keep an eye to the sky, and take the Reichstag stronghold.  You will have the support of your other fine generals, as well as the American, British, and French battalions which pushed their way to Berlin.  Good Luck, Zhukov.  This war is almost over."
Russian Counter-Offensive Campaign (1942-1946),15,AIR RECON REPORT,BRILIANT,1500,AIR RECON REPORT,16,"Comrade Zhukov.  Our engineers have barricaded the East side of the city, for what we feel is rightfully ours, after our losses and determination in pushing the German forces back.  Negotiations of the leaders appear to be a bit strained.  And this division of the city of Berlin has us looking over the fortifications at the American, British, and French units.  We are supposed to be allies, so if things get tense on the line of demarcation.  Try to quiet down the troops, and just hold our ground.  Do not fire unless fired upon!  That is an order Zhukov!  Excellent Job in your push to Berlin.  We shall be decorated for our heroism"
Russian Counter-Offensive Campaign (1942-1946),15,AIR RECON REPORT,LOSE,0,CAMPAIGN END / DEFEAT,255,"Comrade Zhukov.  Our engineers have barricaded the East side of the city, for what we feel is rightfully ours, after our losses and determination in pushing the German forces back.  Negotiations of the leaders appear to be a bit strained.  And this division of the city of Berlin has us looking over the fortifications at the American, British, and French units.  We are supposed to be allies, so if things get tense on the line of demarcation.  Try to quiet down the troops, and just hold our ground.  Do not fire unless fired upon!  That is an order Zhukov!  Excellent Job in your push to Berlin.  We shall be decorated for our heroism"
Russian Counter-Offensive Campaign (1942-1946),15,AIR RECON REPORT,TACTICAL,500,AIR RECON REPORT,16,"Comrade Zhukov.  Our engineers have barricaded the East side of the city, for what we feel is rightfully ours, after our losses and determination in pushing the German forces back.  Negotiations of the leaders appear to be a bit strained.  And this division of the city of Berlin has us looking over the fortifications at the American, British, and French units.  We are supposed to be allies, so if things get tense on the line of demarcation.  Try to quiet down the troops, and just hold our ground.  Do not fire unless fired upon!  That is an order Zhukov!  Excellent Job in your push to Berlin.  We shall be decorated for our heroism"
Russian Counter-Offensive Campaign (1942-1946),15,AIR RECON REPORT,VICTORY,1000,AIR RECON REPORT,16,"Comrade Zhukov.  Our engineers have barricaded the East side of the city, for what we feel is rightfully ours, after our losses and determination in pushing the German forces back.  Negotiations of the leaders appear to be a bit strained.  And this division of the city of Berlin has us looking over the fortifications at the American, British, and French units.  We are supposed to be allies, so if things get tense on the line of demarcation.  Try to quiet down the troops, and just hold our ground.  Do not fire unless fired upon!  That is an order Zhukov!  Excellent Job in your push to Berlin.  We shall be decorated for our heroism"
Russian Counter-Offensive Campaign (1942-1946),16,AIR RECON REPORT,BRILIANT,1500,A GENERAL'S CHOICE,17,"Comrade General Zhukov.  We were attacked ruthlessly without warning by our own allies.  While the great leaders were negotiating, Russian blood was spilled.  I am stepping down from any advice.  It is up to you and General Rokossovsky to consider pushing our so-called allies back to the sea.  If you wish to continue our war, press on General, if not, then stay secure, and wait for the negotiations to end.  The choice is yours General, in my eyes you are the true leader of Russia now.  Whatever your choice Good Luck, and God be with you General.  Further reports will be assigned by another intelligence officer.  Goodbye Zhukov."
Russian Counter-Offensive Campaign (1942-1946),16,AIR RECON REPORT,LOSE,0,CAMPAIGN END / DEFEAT,255,"Comrade General Zhukov.  We were attacked ruthlessly without warning by our own allies.  While the great leaders were negotiating, Russian blood was spilled.  I am stepping down from any advice.  It is up to you and General Rokossovsky to consider pushing our so-called allies back to the sea.  If you wish to continue our war, press on General, if not, then stay secure, and wait for the negotiations to end.  The choice is yours General, in my eyes you are the true leader of Russia now.  Whatever your choice Good Luck, and God be with you General.  Further reports will be assigned by another intelligence officer.  Goodbye Zhukov."
Russian Counter-Offensive Campaign (1942-1946),16,AIR RECON REPORT,TACTICAL,500,A GENERAL'S CHOICE,17,"Comrade General Zhukov.  We were attacked ruthlessly without warning by our own allies.  While the great leaders were negotiating, Russian blood was spilled.  I am stepping down from any advice.  It is up to you and General Rokossovsky to consider pushing our so-called allies back to the sea.  If you wish to continue our war, press on General, if not, then stay secure, and wait for the negotiations to end.  The choice is yours General, in my eyes you are the true leader of Russia now.  Whatever your choice Good Luck, and God be with you General.  Further reports will be assigned by another intelligence officer.  Goodbye Zhukov."
Russian Counter-Offensive Campaign (1942-1946),16,AIR RECON REPORT,VICTORY,1000,A GENERAL'S CHOICE,17,"Comrade General Zhukov.  We were attacked ruthlessly without warning by our own allies.  While the great leaders were negotiating, Russian blood was spilled.  I am stepping down from any advice.  It is up to you and General Rokossovsky to consider pushing our so-called allies back to the sea.  If you wish to continue our war, press on General, if not, then stay secure, and wait for the negotiations to end.  The choice is yours General, in my eyes you are the true leader of Russia now.  Whatever your choice Good Luck, and God be with you General.  Further reports will be assigned by another intelligence officer.  Goodbye Zhukov."
Russian Counter-Offensive Campaign (1942-1946),17,A GENERAL'S CHOICE,BRILIANT,1500,PACT OF STEEL TWO - THE SIEGE OF DUNKIRK,18,"INTELLIGENCE REPORT:

We have formed a new Pact of Steel with Germany despite both our losses and resentments.  It is in Russia's best interests.  The Italian armies have also joined on our quest in the expansion westward.  The British, American, and French armies have been pushed back to Dunkirk, while our German allies are successfully occupying the Northern Sectors.  In addition, the Italian factions are working through Spain.  Take Dunkirk, now while it is vulnerable.  Then our new Pact of Steel, can push on to Great Britain."
Russian Counter-Offensive Campaign (1942-1946),17,A GENERAL'S CHOICE,LOSE,0,Unknown (ID 254),254,"INTELLIGENCE REPORT:

We have formed a new Pact of Steel with Germany despite both our losses and resentments.  It is in Russia's best interests.  The Italian armies have also joined on our quest in the expansion westward.  The British, American, and French armies have been pushed back to Dunkirk, while our German allies are successfully occupying the Northern Sectors.  In addition, the Italian factions are working through Spain.  Take Dunkirk, now while it is vulnerable.  Then our new Pact of Steel, can push on to Great Britain."
Russian Counter-Offensive Campaign (1942-1946),17,A GENERAL'S CHOICE,TACTICAL,500,PACT OF STEEL TWO - THE SIEGE OF DUNKIRK,18,"INTELLIGENCE REPORT:

We have formed a new Pact of Steel with Germany despite both our losses and resentments.  It is in Russia's best interests.  The Italian armies have also joined on our quest in the expansion westward.  The British, American, and French armies have been pushed back to Dunkirk, while our German allies are successfully occupying the Northern Sectors.  In addition, the Italian factions are working through Spain.  Take Dunkirk, now while it is vulnerable.  Then our new Pact of Steel, can push on to Great Britain."
Russian Counter-Offensive Campaign (1942-1946),17,A GENERAL'S CHOICE,VICTORY,1000,PACT OF STEEL TWO - THE SIEGE OF DUNKIRK,18,"INTELLIGENCE REPORT:

We have formed a new Pact of Steel with Germany despite both our losses and resentments.  It is in Russia's best interests.  The Italian armies have also joined on our quest in the expansion westward.  The British, American, and French armies have been pushed back to Dunkirk, while our German allies are successfully occupying the Northern Sectors.  In addition, the Italian factions are working through Spain.  Take Dunkirk, now while it is vulnerable.  Then our new Pact of Steel, can push on to Great Britain."
Russian Counter-Offensive Campaign (1942-1946),18,PACT OF STEEL TWO - THE SIEGE OF DUNKIRK,BRILIANT,1500,PACT OF STEEL 2,19,"INTELLIGENCE REPORT:

We are currently crossing the English Channel encountering some resistence from the British, 
American, and French factions.  Our new allies have naval and air support, and are currently 
transporting units for landing.  There are also some paratrooper support in the NW quadrant.  
For our full air attack to be employed, it is a priority to annex an airbase, otherwise we will be 
sunk in the English channel.  There is also a necessary deployment zone to annex.  Our units 
are getting backed-up, and we don't have the transport capabilities for the bigger heavy 
artillery.  At this point, it may be wise, to cash in a few units for parachutists or Spenaz.  Out."
Russian Counter-Offensive Campaign (1942-1946),18,PACT OF STEEL TWO - THE SIEGE OF DUNKIRK,LOSE,0,CAMPAIGN END / DEFEAT,255,"INTELLIGENCE REPORT:

We are currently crossing the English Channel encountering some resistence from the British, 
American, and French factions.  Our new allies have naval and air support, and are currently 
transporting units for landing.  There are also some paratrooper support in the NW quadrant.  
For our full air attack to be employed, it is a priority to annex an airbase, otherwise we will be 
sunk in the English channel.  There is also a necessary deployment zone to annex.  Our units 
are getting backed-up, and we don't have the transport capabilities for the bigger heavy 
artillery.  At this point, it may be wise, to cash in a few units for parachutists or Spenaz.  Out."
Russian Counter-Offensive Campaign (1942-1946),18,PACT OF STEEL TWO - THE SIEGE OF DUNKIRK,TACTICAL,500,PACT OF STEEL 2,19,"INTELLIGENCE REPORT:

We are currently crossing the English Channel encountering some resistence from the British, 
American, and French factions.  Our new allies have naval and air support, and are currently 
transporting units for landing.  There are also some paratrooper support in the NW quadrant.  
For our full air attack to be employed, it is a priority to annex an airbase, otherwise we will be 
sunk in the English channel.  There is also a necessary deployment zone to annex.  Our units 
are getting backed-up, and we don't have the transport capabilities for the bigger heavy 
artillery.  At this point, it may be wise, to cash in a few units for parachutists or Spenaz.  Out."
Russian Counter-Offensive Campaign (1942-1946),18,PACT OF STEEL TWO - THE SIEGE OF DUNKIRK,VICTORY,1000,PACT OF STEEL 2,19,"INTELLIGENCE REPORT:

We are currently crossing the English Channel encountering some resistence from the British, 
American, and French factions.  Our new allies have naval and air support, and are currently 
transporting units for landing.  There are also some paratrooper support in the NW quadrant.  
For our full air attack to be employed, it is a priority to annex an airbase, otherwise we will be 
sunk in the English channel.  There is also a necessary deployment zone to annex.  Our units 
are getting backed-up, and we don't have the transport capabilities for the bigger heavy 
artillery.  At this point, it may be wise, to cash in a few units for parachutists or Spenaz.  Out."
Russian Counter-Offensive Campaign (1942-1946),19,PACT OF STEEL 2,BRILIANT,1500,PACT OF STEEL 2,20,"INTELLIGENCE REPORT:

While our other armies are working in the Northern vectors of England, we need you to annex the Southernmost part, before you are directed towards Windsor, and ultimately the encirclement of England.  We have established an airbase for you, and provided air, sea, and ground support. Out."
Russian Counter-Offensive Campaign (1942-1946),19,PACT OF STEEL 2,LOSE,0,CAMPAIGN END / DEFEAT,255,"INTELLIGENCE REPORT:

While our other armies are working in the Northern vectors of England, we need you to annex the Southernmost part, before you are directed towards Windsor, and ultimately the encirclement of England.  We have established an airbase for you, and provided air, sea, and ground support. Out."
Russian Counter-Offensive Campaign (1942-1946),19,PACT OF STEEL 2,TACTICAL,500,PACT OF STEEL 2,20,"INTELLIGENCE REPORT:

While our other armies are working in the Northern vectors of England, we need you to annex the Southernmost part, before you are directed towards Windsor, and ultimately the encirclement of England.  We have established an airbase for you, and provided air, sea, and ground support. Out."
Russian Counter-Offensive Campaign (1942-1946),19,PACT OF STEEL 2,VICTORY,1000,PACT OF STEEL 2,20,"INTELLIGENCE REPORT:

While our other armies are working in the Northern vectors of England, we need you to annex the Southernmost part, before you are directed towards Windsor, and ultimately the encirclement of England.  We have established an airbase for you, and provided air, sea, and ground support. Out."
Russian Counter-Offensive Campaign (1942-1946),20,PACT OF STEEL 2,BRILIANT,1500,PACT OF STEEL 2,21,"INTELLIGENCE REPORT:

The other armies are pushing towards London from the North, you are now in a position to take Windsor.  Airbases have been established, and there are some ground units in the area.  Windsor appears to be heavily fortified with all types of weapons.  Out."
Russian Counter-Offensive Campaign (1942-1946),20,PACT OF STEEL 2,LOSE,0,CAMPAIGN END / DEFEAT,255,"INTELLIGENCE REPORT:

The other armies are pushing towards London from the North, you are now in a position to take Windsor.  Airbases have been established, and there are some ground units in the area.  Windsor appears to be heavily fortified with all types of weapons.  Out."
Russian Counter-Offensive Campaign (1942-1946),20,PACT OF STEEL 2,TACTICAL,500,PACT OF STEEL 2,21,"INTELLIGENCE REPORT:

The other armies are pushing towards London from the North, you are now in a position to take Windsor.  Airbases have been established, and there are some ground units in the area.  Windsor appears to be heavily fortified with all types of weapons.  Out."
Russian Counter-Offensive Campaign (1942-1946),20,PACT OF STEEL 2,VICTORY,1000,PACT OF STEEL 2,21,"INTELLIGENCE REPORT:

The other armies are pushing towards London from the North, you are now in a position to take Windsor.  Airbases have been established, and there are some ground units in the area.  Windsor appears to be heavily fortified with all types of weapons.  Out."
Russian Counter-Offensive Campaign (1942-1946),21,PACT OF STEEL 2,BRILIANT,1500,PACT OF STEEL 2,22,"INTELLIGENCE REPORT:

The German units are now at the Northeast parameters of London.  While our paratroopers and other ground units have annexed some key tactical positions for the encirclement and defeat of London.  Air recon has identified some vacant areas in the middle of the city, where you will be reinforced by air drops.  Also reinforcements may be issued from the East which seems a tactical weak point for the British.  London is heavily armed with air and ground support.  Out."
Russian Counter-Offensive Campaign (1942-1946),21,PACT OF STEEL 2,LOSE,0,CAMPAIGN END / DEFEAT,255,"INTELLIGENCE REPORT:

The German units are now at the Northeast parameters of London.  While our paratroopers and other ground units have annexed some key tactical positions for the encirclement and defeat of London.  Air recon has identified some vacant areas in the middle of the city, where you will be reinforced by air drops.  Also reinforcements may be issued from the East which seems a tactical weak point for the British.  London is heavily armed with air and ground support.  Out."
Russian Counter-Offensive Campaign (1942-1946),21,PACT OF STEEL 2,TACTICAL,500,PACT OF STEEL 2,22,"INTELLIGENCE REPORT:

The German units are now at the Northeast parameters of London.  While our paratroopers and other ground units have annexed some key tactical positions for the encirclement and defeat of London.  Air recon has identified some vacant areas in the middle of the city, where you will be reinforced by air drops.  Also reinforcements may be issued from the East which seems a tactical weak point for the British.  London is heavily armed with air and ground support.  Out."
Russian Counter-Offensive Campaign (1942-1946),21,PACT OF STEEL 2,VICTORY,1000,PACT OF STEEL 2,22,"INTELLIGENCE REPORT:

The German units are now at the Northeast parameters of London.  While our paratroopers and other ground units have annexed some key tactical positions for the encirclement and defeat of London.  Air recon has identified some vacant areas in the middle of the city, where you will be reinforced by air drops.  Also reinforcements may be issued from the East which seems a tactical weak point for the British.  London is heavily armed with air and ground support.  Out."
Russian Counter-Offensive Campaign (1942-1946),22,PACT OF STEEL 2,BRILIANT,1500,PACT OF STEEL 2,23,"INTELLIGENCE REPORT:

You are to accompany an air and naval attack off the Florida Coast.  It is protected by a small group of destroyers, and air support.  The German Wolfpack, along with some of our bigger destroyers will assist in the attack.  Once annexed we can attack the USA.  Great Britain, and France have capitulated.  There will be no reinforcements in this siege.  Thier radar units have not picked up our deployments at this time.  Out."
Russian Counter-Offensive Campaign (1942-1946),22,PACT OF STEEL 2,LOSE,0,CAMPAIGN END / DEFEAT,255,"INTELLIGENCE REPORT:

You are to accompany an air and naval attack off the Florida Coast.  It is protected by a small group of destroyers, and air support.  The German Wolfpack, along with some of our bigger destroyers will assist in the attack.  Once annexed we can attack the USA.  Great Britain, and France have capitulated.  There will be no reinforcements in this siege.  Thier radar units have not picked up our deployments at this time.  Out."
Russian Counter-Offensive Campaign (1942-1946),22,PACT OF STEEL 2,TACTICAL,500,PACT OF STEEL 2,23,"INTELLIGENCE REPORT:

You are to accompany an air and naval attack off the Florida Coast.  It is protected by a small group of destroyers, and air support.  The German Wolfpack, along with some of our bigger destroyers will assist in the attack.  Once annexed we can attack the USA.  Great Britain, and France have capitulated.  There will be no reinforcements in this siege.  Thier radar units have not picked up our deployments at this time.  Out."
Russian Counter-Offensive Campaign (1942-1946),22,PACT OF STEEL 2,VICTORY,1000,PACT OF STEEL 2,23,"INTELLIGENCE REPORT:

You are to accompany an air and naval attack off the Florida Coast.  It is protected by a small group of destroyers, and air support.  The German Wolfpack, along with some of our bigger destroyers will assist in the attack.  Once annexed we can attack the USA.  Great Britain, and France have capitulated.  There will be no reinforcements in this siege.  Thier radar units have not picked up our deployments at this time.  Out."
Russian Counter-Offensive Campaign (1942-1946),23,PACT OF STEEL 2,BRILIANT,1500,PACT OF STEEL 2,24,"INTELLIGENCE REPORT:

You are to annex a tactical point off the east coast of Florida, while our other armies are attacking northern points.  You will not have full air support until you annex an airbase.  Out."
Russian Counter-Offensive Campaign (1942-1946),23,PACT OF STEEL 2,LOSE,0,CAMPAIGN END / DEFEAT,255,"INTELLIGENCE REPORT:

You are to annex a tactical point off the east coast of Florida, while our other armies are attacking northern points.  You will not have full air support until you annex an airbase.  Out."
Russian Counter-Offensive Campaign (1942-1946),23,PACT OF STEEL 2,TACTICAL,500,PACT OF STEEL 2,24,"INTELLIGENCE REPORT:

You are to annex a tactical point off the east coast of Florida, while our other armies are attacking northern points.  You will not have full air support until you annex an airbase.  Out."
Russian Counter-Offensive Campaign (1942-1946),23,PACT OF STEEL 2,VICTORY,1000,PACT OF STEEL 2,24,"INTELLIGENCE REPORT:

You are to annex a tactical point off the east coast of Florida, while our other armies are attacking northern points.  You will not have full air support until you annex an airbase.  Out."
Russian Counter-Offensive Campaign (1942-1946),24,PACT OF STEEL 2,BRILIANT,1500,PACT OF STEEL 2,25,"INTELLIGENCE REPORT:

Savannah is well-fortified, but an airbase was taken.  You are provided with naval and air support.  Reinforcements are forthcoming.  The Northern armies are pushing Southward and Westward from the Ocean towards Washington.  Out"
Russian Counter-Offensive Campaign (1942-1946),24,PACT OF STEEL 2,LOSE,0,CAMPAIGN END / DEFEAT,255,"INTELLIGENCE REPORT:

Savannah is well-fortified, but an airbase was taken.  You are provided with naval and air support.  Reinforcements are forthcoming.  The Northern armies are pushing Southward and Westward from the Ocean towards Washington.  Out"
Russian Counter-Offensive Campaign (1942-1946),24,PACT OF STEEL 2,TACTICAL,500,PACT OF STEEL 2,25,"INTELLIGENCE REPORT:

Savannah is well-fortified, but an airbase was taken.  You are provided with naval and air support.  Reinforcements are forthcoming.  The Northern armies are pushing Southward and Westward from the Ocean towards Washington.  Out"
Russian Counter-Offensive Campaign (1942-1946),24,PACT OF STEEL 2,VICTORY,1000,PACT OF STEEL 2,25,"INTELLIGENCE REPORT:

Savannah is well-fortified, but an airbase was taken.  You are provided with naval and air support.  Reinforcements are forthcoming.  The Northern armies are pushing Southward and Westward from the Ocean towards Washington.  Out"
Russian Counter-Offensive Campaign (1942-1946),25,PACT OF STEEL 2,BRILIANT,1500,PACT OF STEEL 2,26,"INTELLIGENCE REPORT:

Washington and the USA are ready to be conquered.  Out."
Russian Counter-Offensive Campaign (1942-1946),25,PACT OF STEEL 2,LOSE,0,CAMPAIGN END / DEFEAT,255,"INTELLIGENCE REPORT:

Washington and the USA are ready to be conquered.  Out."
Russian Counter-Offensive Campaign (1942-1946),25,PACT OF STEEL 2,TACTICAL,500,PACT OF STEEL 2,26,"INTELLIGENCE REPORT:

Washington and the USA are ready to be conquered.  Out."
Russian Counter-Offensive Campaign (1942-1946),25,PACT OF STEEL 2,VICTORY,1000,PACT OF STEEL 2,26,"INTELLIGENCE REPORT:

Washington and the USA are ready to be conquered.  Out."
Russian Counter-Offensive Campaign (1942-1946),26,PACT OF STEEL 2,BRILIANT,1500,Unknown (ID 254),254,
Russian Counter-Offensive Campaign (1942-1946),26,PACT OF STEEL 2,LOSE,0,CAMPAIGN END / DEFEAT,255,
Russian Counter-Offensive Campaign (1942-1946),26,PACT OF STEEL 2,TACTICAL,500,CAMPAIGN END / DEFEAT,255,
Russian Counter-Offensive Campaign (1942-1946),26,PACT OF STEEL 2,VICTORY,1000,Unknown (ID 254),254,
Stay Alive - Red Partisans (1941-1945),0,GUERRILLA HUNTER - 2 JUL 1941,BRILIANT,0,BLITZ - 10 JUL 1941,1,"General Kuznetsov

Excellent, a serious defeat for the Estonian bandits and their Finnish friends."
Stay Alive - Red Partisans (1941-1945),0,GUERRILLA HUNTER - 2 JUL 1941,VICTORY,0,BLITZ - 10 JUL 1941,1,"General Kuznetsov

Excellent, a serious defeat for the Estonian bandits and their Finnish friends."
Stay Alive - Red Partisans (1941-1945),0,GUERRILLA HUNTER - 2 JUL 1941,TACTICAL,0,BLITZ - 10 JUL 1941,1,"General Kuznetsov

Excellent, a serious defeat for the Estonian bandits and their Finnish friends."
Stay Alive - Red Partisans (1941-1945),0,GUERRILLA HUNTER - 2 JUL 1941,LOSE,0,BLITZ - 10 JUL 1941,1,"General Kuznetsov

You can not win all battles, it is important to win the last battle, Comrade!"
Stay Alive - Red Partisans (1941-1945),1,BLITZ - 10 JUL 1941,BRILIANT,500,SINK THE TIRPITZ - 5 OCT 1941,2,"General Kuznetsov

Your resoluteness is impressing, Comrade! Go with your remains into the forests and form a partisan group to fight against the Fascists from behind!"
Stay Alive - Red Partisans (1941-1945),1,BLITZ - 10 JUL 1941,VICTORY,500,SINK THE TIRPITZ - 5 OCT 1941,2,"General Kuznetsov

Your resoluteness is impressing, Comrade! Go with your remains into the forests and form a partisan group to fight against the Fascists from behind!"
Stay Alive - Red Partisans (1941-1945),1,BLITZ - 10 JUL 1941,TACTICAL,500,SINK THE TIRPITZ - 5 OCT 1941,2,"General Kuznetsov

Your resoluteness is impressing, Comrade! Go with your remains into the forests and form a partisan group to fight against the Fascists from behind!"
Stay Alive - Red Partisans (1941-1945),1,BLITZ - 10 JUL 1941,LOSE,500,SINK THE TIRPITZ - 5 OCT 1941,2,"General Kuznetsov

You can not win all battles, it is important to win the last battle, Comrade! Go with the remains into the forests and form a partisan group to fight against the Fascists from behind!"
Stay Alive - Red Partisans (1941-1945),2,SINK THE TIRPITZ - 5 OCT 1941,BRILIANT,750,HIT & RUN - 28 APR 1942,3,"General Karotamm

A great success that make headlines. Your name is on everyone's lips in Moscow. Excellent work, Comrade!"
Stay Alive - Red Partisans (1941-1945),2,SINK THE TIRPITZ - 5 OCT 1941,VICTORY,750,HIT & RUN - 28 APR 1942,3,"General Karotamm

A great success that make headlines. Your name is on everyone's lips in Moscow. Excellent work, Comrade!"
Stay Alive - Red Partisans (1941-1945),2,SINK THE TIRPITZ - 5 OCT 1941,TACTICAL,750,HIT & RUN - 28 APR 1942,3,"General Karotamm

A great success that make headlines. Your name is on everyone's lips in Moscow. Excellent work, Comrade!"
Stay Alive - Red Partisans (1941-1945),2,SINK THE TIRPITZ - 5 OCT 1941,LOSE,750,HIT & RUN - 28 APR 1942,3,"General Karotamm

You can not win all battles, it is important to win the last battle, Comrade!"
Stay Alive - Red Partisans (1941-1945),3,HIT & RUN - 28 APR 1942,BRILIANT,1000,REVENGE - 8 OCT 1942,4,"General Karotamm

Your attack was a success, the depot was badly damaged! That's the way we will wear down the enemy, Comrade!"
Stay Alive - Red Partisans (1941-1945),3,HIT & RUN - 28 APR 1942,VICTORY,1000,REVENGE - 8 OCT 1942,4,"General Karotamm

Your attack was a success, the depot was badly damaged! That's the way we will wear down the enemy, Comrade!"
Stay Alive - Red Partisans (1941-1945),3,HIT & RUN - 28 APR 1942,TACTICAL,1000,REVENGE - 8 OCT 1942,4,"General Karotamm

Your attack was a success, the depot was badly damaged! That's the way we will wear down the enemy, Comrade!"
Stay Alive - Red Partisans (1941-1945),3,HIT & RUN - 28 APR 1942,LOSE,1000,REVENGE - 8 OCT 1942,4,"General Karotamm

You can not win all battles, it is important to win the last battle, Comrade!"
Stay Alive - Red Partisans (1941-1945),4,REVENGE - 8 OCT 1942,BRILIANT,1000,OPERATION GYBSY BARON - 15 JUN 1943,5,"General Karotamm

The leadership of the SS division is destroyed. They get what they deserve. You have once again met all expectations."
Stay Alive - Red Partisans (1941-1945),4,REVENGE - 8 OCT 1942,VICTORY,1000,OPERATION GYBSY BARON - 15 JUN 1943,5,"General Karotamm

The leadership of the SS division is destroyed. They get what they deserve. You have once again met all expectations."
Stay Alive - Red Partisans (1941-1945),4,REVENGE - 8 OCT 1942,TACTICAL,1000,OPERATION GYBSY BARON - 15 JUN 1943,5,"General Karotamm

The leadership of the SS division is destroyed. They get what they deserve. You have once again met all expectations."
Stay Alive - Red Partisans (1941-1945),4,REVENGE - 8 OCT 1942,LOSE,1000,OPERATION GYBSY BARON - 15 JUN 1943,5,"General Karotamm

You can not win all battles, it is important to win the last battle, Comrade!"
Stay Alive - Red Partisans (1941-1945),5,OPERATION GYBSY BARON - 15 JUN 1943,BRILIANT,1000,RESCUE MISSION - 12 SEP 1943,6,"General Karotamm

The Germans sent criminal traitors in the battle. But they are all dead now."
Stay Alive - Red Partisans (1941-1945),5,OPERATION GYBSY BARON - 15 JUN 1943,VICTORY,1000,RESCUE MISSION - 12 SEP 1943,6,"General Karotamm

The Germans sent criminal traitors in the battle. But they are all dead now."
Stay Alive - Red Partisans (1941-1945),5,OPERATION GYBSY BARON - 15 JUN 1943,TACTICAL,1000,RESCUE MISSION - 12 SEP 1943,6,"General Karotamm

The Germans sent criminal traitors in the battle. But they are all dead now."
Stay Alive - Red Partisans (1941-1945),5,OPERATION GYBSY BARON - 15 JUN 1943,LOSE,1000,RESCUE MISSION - 12 SEP 1943,6,"General Karotamm

You can not win all battles, it is important to win the last battle, Comrade!"
Stay Alive - Red Partisans (1941-1945),6,RESCUE MISSION - 12 SEP 1943,BRILIANT,1000,KILL BRUNO - 28 JAN 1944,7,"General Karotamm

Excellent, Moscow is very pleased with the outcome of this mission!"
Stay Alive - Red Partisans (1941-1945),6,RESCUE MISSION - 12 SEP 1943,VICTORY,1000,KILL BRUNO - 28 JAN 1944,7,"General Karotamm

Excellent, Moscow is very pleased with the outcome of this mission!"
Stay Alive - Red Partisans (1941-1945),6,RESCUE MISSION - 12 SEP 1943,TACTICAL,1000,KILL BRUNO - 28 JAN 1944,7,"General Karotamm

Excellent, Moscow is very pleased with the outcome of this mission!"
Stay Alive - Red Partisans (1941-1945),6,RESCUE MISSION - 12 SEP 1943,LOSE,1000,KILL BRUNO - 28 JAN 1944,7,"General Karotamm

You can not win all battles, it is important to win the last battle, Comrade!"
Stay Alive - Red Partisans (1941-1945),7,KILL BRUNO - 28 JAN 1944,BRILIANT,5000,NARVA - 24 JUL 1944,8,"General Karotamm

The Rail gun is destroyed, excellent work. Another major blow to the fascists!"
Stay Alive - Red Partisans (1941-1945),7,KILL BRUNO - 28 JAN 1944,VICTORY,5000,NARVA - 24 JUL 1944,8,"General Karotamm

The Rail gun is destroyed, excellent work. Another major blow to the fascists!"
Stay Alive - Red Partisans (1941-1945),7,KILL BRUNO - 28 JAN 1944,TACTICAL,5000,NARVA - 24 JUL 1944,8,"General Karotamm

The Rail gun is destroyed, excellent work. Another major blow to the fascists!"
Stay Alive - Red Partisans (1941-1945),7,KILL BRUNO - 28 JAN 1944,LOSE,5000,NARVA - 24 JUL 1944,8,"General Karotamm

You can not win all battles, it is important to win the last battle, Comrade!"
Stay Alive - Red Partisans (1941-1945),8,NARVA - 24 JUL 1944,BRILIANT,3000,AUGUST STORM - 12 AUG 1945,9,"General Fedyuninsky

The Germans are defeated, the way to Tallinn is open! Soon our country will be cleared of the last German soldier."
Stay Alive - Red Partisans (1941-1945),8,NARVA - 24 JUL 1944,VICTORY,3000,AUGUST STORM - 12 AUG 1945,9,"General Fedyuninsky

The Germans are defeated, the way to Tallinn is open! Soon our country will be cleared of the last German soldier."
Stay Alive - Red Partisans (1941-1945),8,NARVA - 24 JUL 1944,TACTICAL,3000,AUGUST STORM - 12 AUG 1945,9,"General Fedyuninsky

The Germans are defeated, the way to Tallinn is open! Soon our country will be cleared of the last German soldier."
Stay Alive - Red Partisans (1941-1945),8,NARVA - 24 JUL 1944,LOSE,3000,AUGUST STORM - 12 AUG 1945,9,"General Fedyuninsky

You can not win all battles, it is important to win the last battle, Comrade!"
Stay Alive - Red Partisans (1941-1945),9,AUGUST STORM - 12 AUG 1945,BRILIANT,0,Unknown (ID 254),254,"General Malinovsky

The Japanese will surrender soon and we dictate the terms! A great victory for our glorious country.

I hope you enjoyed this short campaign with an small lock-out on the possibilities of Open General. Thousand thanks to Luis for all his efforts!"
Stay Alive - Red Partisans (1941-1945),9,AUGUST STORM - 12 AUG 1945,VICTORY,0,Unknown (ID 254),254,"General Malinovsky

The Japanese will surrender soon and we dictate the terms! A great victory for our glorious country.

I hope you enjoyed this short campaign with an small lock-out on the possibilities of Open General. Thousand thanks to Luis for all his efforts!"
Stay Alive - Red Partisans (1941-1945),9,AUGUST STORM - 12 AUG 1945,TACTICAL,0,Unknown (ID 254),254,"General Malinovsky

The Japanese will surrender soon and we dictate the terms! A great victory for our glorious country.

I hope you enjoyed this short campaign with an small lock-out on the possibilities of Open General. Thousand thanks to Luis for all his efforts!"
Stay Alive - Red Partisans (1941-1945),9,AUGUST STORM - 12 AUG 1945,LOSE,0,CAMPAIGN END / DEFEAT,255,"General Malinovsky

Hey, that is probably not your day, Comrade!

I hope you enjoyed this short campaign with an small lock-out on the possibilities of Open General. Thousand thanks to Luis for all his efforts!"
Yugoslav Front (1941-1945),0,UPRISING IN SERBIA - 25 Aug 1941,BRILIANT,300,BATTLE OF SABAC - 18 Sep 1941,1,"You have achieved all objectives, the mission was a complete success. Good work!

BACKGROUND

The Uprising in Yugoslavia was initiated in July 1941 by the Communist Party of Yugoslavia against the German occupation forces and their Serbian quisling auxiliaries in the Territory of the Military Commander in Serbia. At first the Yugoslav Partisans had mounted diversions and conducted sabotage and had attacked representatives of Acimovic's quisling administration. In late August some Chetniks joined the uprising and liberated Loznica. The uprising soon reached mass proportions. Partisans and Chetniks captured towns that weak German garrisons had abandoned. The armed uprising soon engulfed great parts of the occupied territory. The largest liberated territory in occupied Europe was created by the Partisans in western Serbia, and was known as the Republic of Uzice. Rebels shared power on the liberated territory; the center of the Partisan liberated territory was in Uzice, and Chetniks had their headquarters on Ravna Gora.

As the uprising progressed, the ideological rift between the two factions became more and more obvious. On one side were the Chetnik detachments who considered themselves loyal to the royal government in exile and fought for the restoration of pre-war order. On the other side were members of the Peoples Liberation Army of Yugoslavia who favored the introduction of socialism and the post-war reorganization of Yugoslavia on federal basis. The Chetnik leader Dragoljub Mihailovic abandoned the uprising in late October and entered into negotiations with the quisling government and the Germans in order to destroy the rival Partisans.

The Germans soon gathered a large force and quelled the uprising using mass terror, but the remaining Partisan forces crossed into Bosnia, where they formed the 1st Proletarian Brigade. After the collapse of the uprising, Territory of the Military Commander was largely pacified until the return of the Partisans and the Belgrade Offensive in second half of 1944. Meanwhile, the Chetniks became even more reluctant to fight against Germans, and engaged in anti-Partisan operations and open collaboration. Nevertheless, Mihailovic was able to establish himself as the sole legitimate representative of the Yugoslav government in exile, who ordered that all resistance forces should fight under his command."
Yugoslav Front (1941-1945),0,UPRISING IN SERBIA - 25 Aug 1941,VICTORY,275,BATTLE OF SABAC - 18 Sep 1941,1,"You have achieved all objectives, the mission was a complete success. Good work!

BACKGROUND

The Uprising in Yugoslavia was initiated in July 1941 by the Communist Party of Yugoslavia against the German occupation forces and their Serbian quisling auxiliaries in the Territory of the Military Commander in Serbia. At first the Yugoslav Partisans had mounted diversions and conducted sabotage and had attacked representatives of Acimovic's quisling administration. In late August some Chetniks joined the uprising and liberated Loznica. The uprising soon reached mass proportions. Partisans and Chetniks captured towns that weak German garrisons had abandoned. The armed uprising soon engulfed great parts of the occupied territory. The largest liberated territory in occupied Europe was created by the Partisans in western Serbia, and was known as the Republic of Uzice. Rebels shared power on the liberated territory; the center of the Partisan liberated territory was in Uzice, and Chetniks had their headquarters on Ravna Gora.

As the uprising progressed, the ideological rift between the two factions became more and more obvious. On one side were the Chetnik detachments who considered themselves loyal to the royal government in exile and fought for the restoration of pre-war order. On the other side were members of the Peoples Liberation Army of Yugoslavia who favored the introduction of socialism and the post-war reorganization of Yugoslavia on federal basis. The Chetnik leader Dragoljub Mihailovic abandoned the uprising in late October and entered into negotiations with the quisling government and the Germans in order to destroy the rival Partisans.

The Germans soon gathered a large force and quelled the uprising using mass terror, but the remaining Partisan forces crossed into Bosnia, where they formed the 1st Proletarian Brigade. After the collapse of the uprising, Territory of the Military Commander was largely pacified until the return of the Partisans and the Belgrade Offensive in second half of 1944. Meanwhile, the Chetniks became even more reluctant to fight against Germans, and engaged in anti-Partisan operations and open collaboration. Nevertheless, Mihailovic was able to establish himself as the sole legitimate representative of the Yugoslav government in exile, who ordered that all resistance forces should fight under his command."
Yugoslav Front (1941-1945),0,UPRISING IN SERBIA - 25 Aug 1941,TACTICAL,250,BATTLE OF SABAC - 18 Sep 1941,1,"You have achieved all objectives, the mission was a complete success. Good work!

BACKGROUND

The Uprising in Yugoslavia was initiated in July 1941 by the Communist Party of Yugoslavia against the German occupation forces and their Serbian quisling auxiliaries in the Territory of the Military Commander in Serbia. At first the Yugoslav Partisans had mounted diversions and conducted sabotage and had attacked representatives of Acimovic's quisling administration. In late August some Chetniks joined the uprising and liberated Loznica. The uprising soon reached mass proportions. Partisans and Chetniks captured towns that weak German garrisons had abandoned. The armed uprising soon engulfed great parts of the occupied territory. The largest liberated territory in occupied Europe was created by the Partisans in western Serbia, and was known as the Republic of Uzice. Rebels shared power on the liberated territory; the center of the Partisan liberated territory was in Uzice, and Chetniks had their headquarters on Ravna Gora.

As the uprising progressed, the ideological rift between the two factions became more and more obvious. On one side were the Chetnik detachments who considered themselves loyal to the royal government in exile and fought for the restoration of pre-war order. On the other side were members of the Peoples Liberation Army of Yugoslavia who favored the introduction of socialism and the post-war reorganization of Yugoslavia on federal basis. The Chetnik leader Dragoljub Mihailovic abandoned the uprising in late October and entered into negotiations with the quisling government and the Germans in order to destroy the rival Partisans.

The Germans soon gathered a large force and quelled the uprising using mass terror, but the remaining Partisan forces crossed into Bosnia, where they formed the 1st Proletarian Brigade. After the collapse of the uprising, Territory of the Military Commander was largely pacified until the return of the Partisans and the Belgrade Offensive in second half of 1944. Meanwhile, the Chetniks became even more reluctant to fight against Germans, and engaged in anti-Partisan operations and open collaboration. Nevertheless, Mihailovic was able to establish himself as the sole legitimate representative of the Yugoslav government in exile, who ordered that all resistance forces should fight under his command."
Yugoslav Front (1941-1945),0,UPRISING IN SERBIA - 25 Aug 1941,LOSE,0,CAMPAIGN END / DEFEAT,255,"You could not achieve your goals, the mission was a failure! You had your chance, we need commander who successfully complete orders. This was your last combat mission!

THE END!

BACKGROUND

The Uprising in Yugoslavia was initiated in July 1941 by the Communist Party of Yugoslavia against the German occupation forces and their Serbian quisling auxiliaries in the Territory of the Military Commander in Serbia. At first the Yugoslav Partisans had mounted diversions and conducted sabotage and had attacked representatives of Acimovic's quisling administration. In late August some Chetniks joined the uprising and liberated Loznica. The uprising soon reached mass proportions. Partisans and Chetniks captured towns that weak German garrisons had abandoned. The armed uprising soon engulfed great parts of the occupied territory. The largest liberated territory in occupied Europe was created by the Partisans in western Serbia, and was known as the Republic of Uzice. Rebels shared power on the liberated territory; the center of the Partisan liberated territory was in Uzice, and Chetniks had their headquarters on Ravna Gora.

As the uprising progressed, the ideological rift between the two factions became more and more obvious. On one side were the Chetnik detachments who considered themselves loyal to the royal government in exile and fought for the restoration of pre-war order. On the other side were members of the Peoples Liberation Army of Yugoslavia who favored the introduction of socialism and the post-war reorganization of Yugoslavia on federal basis. The Chetnik leader Dragoljub Mihailovic abandoned the uprising in late October and entered into negotiations with the quisling government and the Germans in order to destroy the rival Partisans.

The Germans soon gathered a large force and quelled the uprising using mass terror, but the remaining Partisan forces crossed into Bosnia, where they formed the 1st Proletarian Brigade. After the collapse of the uprising, Territory of the Military Commander was largely pacified until the return of the Partisans and the Belgrade Offensive in second half of 1944. Meanwhile, the Chetniks became even more reluctant to fight against Germans, and engaged in anti-Partisan operations and open collaboration. Nevertheless, Mihailovic was able to establish itself as the sole legitimate representative of the Yugoslav government in exile, who ordered that all resistance forces should fight under his command."
Yugoslav Front (1941-1945),1,BATTLE OF SABAC - 18 Sep 1941,BRILIANT,350,BETRAYAL - 1 Nov 1941,2,"You have achieved all objectives, the mission was a complete success. Good work!

BACKGROUND

By September 1941, after seeing the considerable success of the uprising, and observing its wide, and growing, support among the populace, the Chetniks realized that if they did not join the fight, they would likely forfeit their standing as the leaders of Serbian resistance. On September 12, German intelligence reported that Chetnik units are taking up positions alongside the Partisans. Reporting on the events to the government-in-exile, Yugoslav politician Dr. Milos Sekulic stated that the Chetnik resistance has a ""defensive character"", while the Partisans managed to unite elements of the Yugoslav people inclined toward active resistance.

In mid-September 1941, Josip Broz Tito and the Partisan General Staff moved from Belgrade to the Uzice Republic where the Partisans had by now formed 25 new military detachments. A few days later on September 19, Tito met with Draza Mihailovic in order to negotiate an alliance between Partisans and Chetniks, but they failed to reach an agreement. Tito was in favor of a joint full-scale offensive, while Mihailovic considered a general uprising to be premature and dangerous, as he deemed it would trigger reprisals. Chetnik support for the rebellion was partial: of some 5,000-10,000 available men, the Chetniks fielded about 3,000 in the area, while an unknown proportion of these did not enter the fighting."
Yugoslav Front (1941-1945),1,BATTLE OF SABAC - 18 Sep 1941,VICTORY,325,BETRAYAL - 1 Nov 1941,2,"You have achieved all objectives, the mission was a complete success. Good work!

BACKGROUND

By September 1941, after seeing the considerable success of the uprising, and observing its wide, and growing, support among the populace, the Chetniks realized that if they did not join the fight, they would likely forfeit their standing as the leaders of Serbian resistance. On September 12, German intelligence reported that Chetnik units are taking up positions alongside the Partisans. Reporting on the events to the government-in-exile, Yugoslav politician Dr. Milos Sekulic stated that the Chetnik resistance has a ""defensive character"", while the Partisans managed to unite elements of the Yugoslav people inclined toward active resistance.

In mid-September 1941, Josip Broz Tito and the Partisan General Staff moved from Belgrade to the Uzice Republic where the Partisans had by now formed 25 new military detachments. A few days later on September 19, Tito met with Draza Mihailovic in order to negotiate an alliance between Partisans and Chetniks, but they failed to reach an agreement. Tito was in favor of a joint full-scale offensive, while Mihailovic considered a general uprising to be premature and dangerous, as he deemed it would trigger reprisals. Chetnik support for the rebellion was partial: of some 5,000-10,000 available men, the Chetniks fielded about 3,000 in the area, while an unknown proportion of these did not enter the fighting."
Yugoslav Front (1941-1945),1,BATTLE OF SABAC - 18 Sep 1941,TACTICAL,300,BETRAYAL - 1 Nov 1941,2,"You have achieved all objectives, the mission was a complete success. Good work!

BACKGROUND

By September 1941, after seeing the considerable success of the uprising, and observing its wide, and growing, support among the populace, the Chetniks realized that if they did not join the fight, they would likely forfeit their standing as the leaders of Serbian resistance. On September 12, German intelligence reported that Chetnik units are taking up positions alongside the Partisans. Reporting on the events to the government-in-exile, Yugoslav politician Dr. Milos Sekulic stated that the Chetnik resistance has a ""defensive character"", while the Partisans managed to unite elements of the Yugoslav people inclined toward active resistance.

In mid-September 1941, Josip Broz Tito and the Partisan General Staff moved from Belgrade to the Uzice Republic where the Partisans had by now formed 25 new military detachments. A few days later on September 19, Tito met with Draza Mihailovic in order to negotiate an alliance between Partisans and Chetniks, but they failed to reach an agreement. Tito was in favor of a joint full-scale offensive, while Mihailovic considered a general uprising to be premature and dangerous, as he deemed it would trigger reprisals. Chetnik support for the rebellion was partial: of some 5,000-10,000 available men, the Chetniks fielded about 3,000 in the area, while an unknown proportion of these did not enter the fighting."
Yugoslav Front (1941-1945),1,BATTLE OF SABAC - 18 Sep 1941,LOSE,300,BETRAYAL - 1 Nov 1941,2,"You could not achieve your goals, the mission was a failure! Hopefully you have gained some experience to avoid such failures in future.

BACKGROUND

By September 1941, after seeing the considerable success of the uprising, and observing its wide, and growing, support among the populace, the Chetniks realized that if they did not join the fight, they would likely forfeit their standing as the leaders of Serbian resistance. On September 12, German intelligence reported that Chetnik units are taking up positions alongside the Partisans. Reporting on the events to the government-in-exile, Yugoslav politician Dr. Milos Sekulic stated that the Chetnik resistance has a ""defensive character"", while the Partisans managed to unite elements of the Yugoslav people inclined toward active resistance.

In mid-September 1941, Josip Broz Tito and the Partisan General Staff moved from Belgrade to the Uzice Republic where the Partisans had by now formed 25 new military detachments. A few days later on September 19, Tito met with Draza Mihailovic in order to negotiate an alliance between Partisans and Chetniks, but they failed to reach an agreement. Tito was in favor of a joint full-scale offensive, while Mihailovic considered a general uprising to be premature and dangerous, as he deemed it would trigger reprisals. Chetnik support for the rebellion was partial: of some 5,000-10,000 available men, the Chetniks fielded about 3,000 in the area, while an unknown proportion of these did not enter the fighting."
Yugoslav Front (1941-1945),2,BETRAYAL - 1 Nov 1941,BRILIANT,350,RETREAT TO MONTENEGRO - 2 Dec 1941,3,"You have achieved all objectives, the mission was a complete success. Good work!

BACKGROUND

By the beginning of October, several small towns in Serbia were in the hands of Partisan or Chetnik groups. While distrustful of each other, Partisans and Chetniks started taking joint actions and besieging larger towns. Their respective commands were set in Uzice and Pozega, 15 km apart. During October, all hopes of a continued cooperation were drained away in sporadic bickering and outright violations of agreements. During these weeks it also became obvious that, while the Partisan command had no doubts about continuing the struggle, the Chetniks were wavering and looking for a way of giving up the fight against the Germans and directing all their power against the Partisans. A process of polarization took place, taking several weeks and producing shifts in loyalties. The Chetnik detachments of Rev. Vlada Zecevic and Lieutenant Ratko Martinovic switched to the Partisans during this time.

Tito and Mihailovic met again on October 26 or 27, 1941 in the town of Brajici near Ravna Gora in a final attempt to achieve an understanding, but found consensus only on secondary issues. Mihailovic rejected principal points of Tito's proposal including the establishment of common headquarters, joint military actions against the Germans and quisling formations, establishment of a combined staff for the supply of troops, and the formation of national liberation committees. Mihailovic did not arrive at the meeting in good faith. The Chetnik command had already dispatched to Belgrade Colonel Branislav Pantic and Captain Nenad Mitrovic, two of Mihailovic's aides, where they contacted German intelligence officer Captain Josef Matl on October 28. They informed the Abwehr that they have been empowered by Colonel Mihailovic to establish contact with Prime Minister Milan Nedic and the appropriate Wehrmacht command posts to inform them that the Colonel was willing to ""place himself and his men at their disposal for fighting communism"". The two representatives further gave the Germans their commander's guarantee for the ""definitive clearing of communist bands in Serbian territory"" and requested aid from the occupation forces in the form of ""about 5,000 rifles, 350 machine guns, and 20 heavy machine guns""."
Yugoslav Front (1941-1945),2,BETRAYAL - 1 Nov 1941,VICTORY,325,RETREAT TO MONTENEGRO - 2 Dec 1941,3,"You have achieved all objectives, the mission was a complete success. Good work!

BACKGROUND

By the beginning of October, several small towns in Serbia were in the hands of Partisan or Chetnik groups. While distrustful of each other, Partisans and Chetniks started taking joint actions and besieging larger towns. Their respective commands were set in Uzice and Pozega, 15 km apart. During October, all hopes of a continued cooperation were drained away in sporadic bickering and outright violations of agreements. During these weeks it also became obvious that, while the Partisan command had no doubts about continuing the struggle, the Chetniks were wavering and looking for a way of giving up the fight against the Germans and directing all their power against the Partisans. A process of polarization took place, taking several weeks and producing shifts in loyalties. The Chetnik detachments of Rev. Vlada Zecevic and Lieutenant Ratko Martinovic switched to the Partisans during this time.

Tito and Mihailovic met again on October 26 or 27, 1941 in the town of Brajici near Ravna Gora in a final attempt to achieve an understanding, but found consensus only on secondary issues. Mihailovic rejected principal points of Tito's proposal including the establishment of common headquarters, joint military actions against the Germans and quisling formations, establishment of a combined staff for the supply of troops, and the formation of national liberation committees. Mihailovic did not arrive at the meeting in good faith. The Chetnik command had already dispatched to Belgrade Colonel Branislav Pantic and Captain Nenad Mitrovic, two of Mihailovic's aides, where they contacted German intelligence officer Captain Josef Matl on October 28. They informed the Abwehr that they have been empowered by Colonel Mihailovic to establish contact with Prime Minister Milan Nedic and the appropriate Wehrmacht command posts to inform them that the Colonel was willing to ""place himself and his men at their disposal for fighting communism"". The two representatives further gave the Germans their commander's guarantee for the ""definitive clearing of communist bands in Serbian territory"" and requested aid from the occupation forces in the form of ""about 5,000 rifles, 350 machine guns, and 20 heavy machine guns""."
Yugoslav Front (1941-1945),2,BETRAYAL - 1 Nov 1941,TACTICAL,300,RETREAT TO MONTENEGRO - 2 Dec 1941,3,"You have achieved all objectives, the mission was a complete success. Good work!

BACKGROUND

By the beginning of October, several small towns in Serbia were in the hands of Partisan or Chetnik groups. While distrustful of each other, Partisans and Chetniks started taking joint actions and besieging larger towns. Their respective commands were set in Uzice and Pozega, 15 km apart. During October, all hopes of a continued cooperation were drained away in sporadic bickering and outright violations of agreements. During these weeks it also became obvious that, while the Partisan command had no doubts about continuing the struggle, the Chetniks were wavering and looking for a way of giving up the fight against the Germans and directing all their power against the Partisans. A process of polarization took place, taking several weeks and producing shifts in loyalties. The Chetnik detachments of Rev. Vlada Zecevic and Lieutenant Ratko Martinovic switched to the Partisans during this time.

Tito and Mihailovic met again on October 26 or 27, 1941 in the town of Brajici near Ravna Gora in a final attempt to achieve an understanding, but found consensus only on secondary issues. Mihailovic rejected principal points of Tito's proposal including the establishment of common headquarters, joint military actions against the Germans and quisling formations, establishment of a combined staff for the supply of troops, and the formation of national liberation committees. Mihailovic did not arrive at the meeting in good faith. The Chetnik command had already dispatched to Belgrade Colonel Branislav Pantic and Captain Nenad Mitrovic, two of Mihailovic's aides, where they contacted German intelligence officer Captain Josef Matl on October 28. They informed the Abwehr that they have been empowered by Colonel Mihailovic to establish contact with Prime Minister Milan Nedic and the appropriate Wehrmacht command posts to inform them that the Colonel was willing to ""place himself and his men at their disposal for fighting communism"". The two representatives further gave the Germans their commander's guarantee for the ""definitive clearing of communist bands in Serbian territory"" and requested aid from the occupation forces in the form of ""about 5,000 rifles, 350 machine guns, and 20 heavy machine guns""."
Yugoslav Front (1941-1945),2,BETRAYAL - 1 Nov 1941,LOSE,0,CAMPAIGN END / DEFEAT,255,"You could not achieve your goals, the mission was a failure! You had your chance, we need commander who successfully complete orders. This was your last combat mission!

THE END!

BACKGROUND

By the beginning of October, several small towns in Serbia were in the hands of Partisan or Chetnik groups. While distrustful of each other, Partisans and Chetniks started taking joint actions and besieging larger towns. Their respective commands were set in Uzice and Pozega, 15 km apart. During October, all hopes of a continued cooperation were drained away in sporadic bickering and outright violations of agreements. During these weeks it also became obvious that, while the Partisan command had no doubts about continuing the struggle, the Chetniks were wavering and looking for a way of giving up the fight against the Germans and directing all their power against the Partisans. A process of polarization took place, taking several weeks and producing shifts in loyalties. The Chetnik detachments of Rev. Vlada Zecevic and Lieutenant Ratko Martinovic switched to the Partisans during this time.

Tito and Mihailovic met again on October 26 or 27, 1941 in the town of Brajici near Ravna Gora in a final attempt to achieve an understanding, but found consensus only on secondary issues. Mihailovic rejected principal points of Tito's proposal including the establishment of common headquarters, joint military actions against the Germans and quisling formations, establishment of a combined staff for the supply of troops, and the formation of national liberation committees. Mihailovic did not arrive at the meeting in good faith. The Chetnik command had already dispatched to Belgrade Colonel Branislav Pantic and Captain Nenad Mitrovic, two of Mihailovic's aides, where they contacted German intelligence officer Captain Josef Matl on October 28. They informed the Abwehr that they have been empowered by Colonel Mihailovic to establish contact with Prime Minister Milan Nedic and the appropriate Wehrmacht command posts to inform them that the Colonel was willing to ""place himself and his men at their disposal for fighting communism"". The two representatives further gave the Germans their commander's guarantee for the ""definitive clearing of communist bands in Serbian territory"" and requested aid from the occupation forces in the form of ""about 5,000 rifles, 350 machine guns, and 20 heavy machine guns""."
Yugoslav Front (1941-1945),3,RETREAT TO MONTENEGRO - 2 Dec 1941,BRILIANT,450,RAIL RAID - 8 Feb 1942,4,"You have achieved all objectives, the mission was a complete success. Good work!

BACKGROUND

Both Tito and Mihailovic had suffered a heavy setback. Tito had been surprised by the scale of the uprising, and had found himself managing inexperienced peasant fighters who were reluctant to move away from their towns, or to accept authority and indoctrination. Mihailovic had also been unable to impose discipline on his officers, and had not received sufficient help from the British.

In November and December 1941, almost all Partisan forces from the Territory of the Military Commander in Serbia had been forced to withdraw into eastern Bosnia where they combined with local Partisan forces. Most of the Chetnik forces in eastern Bosnia were local Serb peasants. The insurgency in eastern Bosnia meant that NDH authorities were unable to retain control of the region.

At the end of 1941, there were six Partisan detachments in eastern Bosnia, with about 7,300 fighters operating in the Majevica, Ozren, Birac, Romanija, Zvijezda and Kalinovik areas. According to Enver Redzic, in early January 1942, the Chetniks controlled a large portion of eastern Bosnia. Due to continuing cooperation between the two groups, the Chetniks also shared control of the towns of Rogatica, Olovo and Han Pijesak with the Partisans."
Yugoslav Front (1941-1945),3,RETREAT TO MONTENEGRO - 2 Dec 1941,VICTORY,425,RAIL RAID - 8 Feb 1942,4,"You have achieved all objectives, the mission was a complete success. Good work!

BACKGROUND

Both Tito and Mihailovic had suffered a heavy setback. Tito had been surprised by the scale of the uprising, and had found himself managing inexperienced peasant fighters who were reluctant to move away from their towns, or to accept authority and indoctrination. Mihailovic had also been unable to impose discipline on his officers, and had not received sufficient help from the British.

In November and December 1941, almost all Partisan forces from the Territory of the Military Commander in Serbia had been forced to withdraw into eastern Bosnia where they combined with local Partisan forces. Most of the Chetnik forces in eastern Bosnia were local Serb peasants. The insurgency in eastern Bosnia meant that NDH authorities were unable to retain control of the region.

At the end of 1941, there were six Partisan detachments in eastern Bosnia, with about 7,300 fighters operating in the Majevica, Ozren, Birac, Romanija, Zvijezda and Kalinovik areas. According to Enver Redzic, in early January 1942, the Chetniks controlled a large portion of eastern Bosnia. Due to continuing cooperation between the two groups, the Chetniks also shared control of the towns of Rogatica, Olovo and Han Pijesak with the Partisans."
Yugoslav Front (1941-1945),3,RETREAT TO MONTENEGRO - 2 Dec 1941,TACTICAL,400,RAIL RAID - 8 Feb 1942,4,"You have achieved all objectives, the mission was a complete success. Good work!

BACKGROUND

Both Tito and Mihailovic had suffered a heavy setback. Tito had been surprised by the scale of the uprising, and had found himself managing inexperienced peasant fighters who were reluctant to move away from their towns, or to accept authority and indoctrination. Mihailovic had also been unable to impose discipline on his officers, and had not received sufficient help from the British.

In November and December 1941, almost all Partisan forces from the Territory of the Military Commander in Serbia had been forced to withdraw into eastern Bosnia where they combined with local Partisan forces. Most of the Chetnik forces in eastern Bosnia were local Serb peasants. The insurgency in eastern Bosnia meant that NDH authorities were unable to retain control of the region.

At the end of 1941, there were six Partisan detachments in eastern Bosnia, with about 7,300 fighters operating in the Majevica, Ozren, Birac, Romanija, Zvijezda and Kalinovik areas. According to Enver Redzic, in early January 1942, the Chetniks controlled a large portion of eastern Bosnia. Due to continuing cooperation between the two groups, the Chetniks also shared control of the towns of Rogatica, Olovo and Han Pijesak with the Partisans."
Yugoslav Front (1941-1945),3,RETREAT TO MONTENEGRO - 2 Dec 1941,LOSE,0,CAMPAIGN END / DEFEAT,255,"You could not achieve your goals, the mission was a failure! You had your chance, we need commander who successfully complete orders. This was your last combat mission!

THE END!

BACKGROUND

Both Tito and Mihailovic had suffered a heavy setback. Tito had been surprised by the scale of the uprising, and had found himself managing inexperienced peasant fighters who were reluctant to move away from their towns, or to accept authority and indoctrination. Mihailovic had also been unable to impose discipline on his officers, and had not received sufficient help from the British.

In November and December 1941, almost all Partisan forces from the Territory of the Military Commander in Serbia had been forced to withdraw into eastern Bosnia where they combined with local Partisan forces. Most of the Chetnik forces in eastern Bosnia were local Serb peasants. The insurgency in eastern Bosnia meant that NDH authorities were unable to retain control of the region.

At the end of 1941, there were six Partisan detachments in eastern Bosnia, with about 7,300 fighters operating in the Majevica, Ozren, Birac, Romanija, Zvijezda and Kalinovik areas. According to Enver Redzic, in early January 1942, the Chetniks controlled a large portion of eastern Bosnia. Due to continuing cooperation between the two groups, the Chetniks also shared control of the towns of Rogatica, Olovo and Han Pijesak with the Partisans."
Yugoslav Front (1941-1945),4,RAIL RAID - 8 Feb 1942,BRILIANT,450,OPERATION TRIO - 10 May 1942,5,"You have achieved all objectives, the mission was a complete success. Good work!"
Yugoslav Front (1941-1945),4,RAIL RAID - 8 Feb 1942,VICTORY,425,OPERATION TRIO - 10 May 1942,5,"You have achieved all objectives, the mission was a complete success. Good work!"
Yugoslav Front (1941-1945),4,RAIL RAID - 8 Feb 1942,TACTICAL,400,OPERATION TRIO - 10 May 1942,5,"You have achieved all objectives, the mission was a complete success. Good work!"
Yugoslav Front (1941-1945),4,RAIL RAID - 8 Feb 1942,LOSE,0,CAMPAIGN END / DEFEAT,255,"You could not achieve your goals, the mission was a failure! You had your chance, we need commander who successfully complete orders. This was your last combat mission!

THE END!"
Yugoslav Front (1941-1945),5,OPERATION TRIO - 10 May 1942,BRILIANT,700,COUNTERATTACK ON KLIJUC - 7 Oct 1942,6,"You have achieved all objectives, the mission was a complete success. Good work!

BACKGROUND

Operation Trio coincided with and contributed to the polarisation of the almost exclusively Serb rebels in eastern Bosnia into two groups: the Serb-chauvinist Chetniks and the multi-ethnic and communist-led Partisans. Encouraged by Chetnik propaganda against Croats and Bosnian Muslims and repelled by the sectarian left-wing policies and actions of the communists, many Serb peasant fighters were swayed to the Chetnik cause. Violent coups occurred against the communist leadership of all but one of the Partisan detachments in eastern Bosnia, and these detachments effectively defected to the Chetniks. Most of the surviving communist fighters from these detachments joined the Partisan forces, and many withdrew with Tito to western Bosnia during the Partisan Long March. Within a few weeks of the end of Operation Trio only 600 Partisan fighters were left in eastern Bosnia, comprising the Group of Shock Battalions and the Birac Partisan Detachment. All these forces sought refuge in the Birac region. The Chetnik movement in eastern Bosnia, at best a confederacy of local warlords, was strengthened by mass defections from the Partisans. For a time they ruled large parts of the region, after making accommodations with the Ustase regime in May and June 1942."
Yugoslav Front (1941-1945),5,OPERATION TRIO - 10 May 1942,VICTORY,650,COUNTERATTACK ON KLIJUC - 7 Oct 1942,6,"You have achieved all objectives, the mission was a complete success. Good work!

BACKGROUND

Operation Trio coincided with and contributed to the polarisation of the almost exclusively Serb rebels in eastern Bosnia into two groups: the Serb-chauvinist Chetniks and the multi-ethnic and communist-led Partisans. Encouraged by Chetnik propaganda against Croats and Bosnian Muslims and repelled by the sectarian left-wing policies and actions of the communists, many Serb peasant fighters were swayed to the Chetnik cause. Violent coups occurred against the communist leadership of all but one of the Partisan detachments in eastern Bosnia, and these detachments effectively defected to the Chetniks. Most of the surviving communist fighters from these detachments joined the Partisan forces, and many withdrew with Tito to western Bosnia during the Partisan Long March. Within a few weeks of the end of Operation Trio only 600 Partisan fighters were left in eastern Bosnia, comprising the Group of Shock Battalions and the Birac Partisan Detachment. All these forces sought refuge in the Birac region. The Chetnik movement in eastern Bosnia, at best a confederacy of local warlords, was strengthened by mass defections from the Partisans. For a time they ruled large parts of the region, after making accommodations with the Ustase regime in May and June 1942."
Yugoslav Front (1941-1945),5,OPERATION TRIO - 10 May 1942,TACTICAL,600,COUNTERATTACK ON KLIJUC - 7 Oct 1942,6,"You have achieved all objectives, the mission was a complete success. Good work!

BACKGROUND

Operation Trio coincided with and contributed to the polarisation of the almost exclusively Serb rebels in eastern Bosnia into two groups: the Serb-chauvinist Chetniks and the multi-ethnic and communist-led Partisans. Encouraged by Chetnik propaganda against Croats and Bosnian Muslims and repelled by the sectarian left-wing policies and actions of the communists, many Serb peasant fighters were swayed to the Chetnik cause. Violent coups occurred against the communist leadership of all but one of the Partisan detachments in eastern Bosnia, and these detachments effectively defected to the Chetniks. Most of the surviving communist fighters from these detachments joined the Partisan forces, and many withdrew with Tito to western Bosnia during the Partisan Long March. Within a few weeks of the end of Operation Trio only 600 Partisan fighters were left in eastern Bosnia, comprising the Group of Shock Battalions and the Birac Partisan Detachment. All these forces sought refuge in the Birac region. The Chetnik movement in eastern Bosnia, at best a confederacy of local warlords, was strengthened by mass defections from the Partisans. For a time they ruled large parts of the region, after making accommodations with the Ustase regime in May and June 1942."
Yugoslav Front (1941-1945),5,OPERATION TRIO - 10 May 1942,LOSE,600,COUNTERATTACK ON KLIJUC - 7 Oct 1942,6,"You could not achieve your goals, the mission was a failure! Hopefully you have gained some experience to avoid such failures in future.

BACKGROUND

Operation Trio was the first large-scale joint German-Italian counter-insurgency operation of World War II conducted in the Independent State of Croatia (NDH), which included modern-day Bosnia and Herzegovina. It was carried out in two phases within eastern Bosnia from 20 April to 13 May 1942, with Ustase militia and Croatian Home Guard forces taking part on the Axis side. The aim of the operation was to target all insurgents between Sarajevo and the Drina river in eastern Bosnia. These included groups led by communists and Serb-chauvinist Chetniks. Differentiating between the rank and file of the two insurgent factions was difficult, as even the communist-led insurgent groups consisted mainly of Serb peasants who had little understanding of the political aims of their leaders.

Operation Trio consisted of two parts, Trio I and Trio II. Together they comprised the first phase of the Axis effort known as the Third Enemy Offensive. The joint Italian-Chetnik Herzegovina Offensive formed the second phase. The Third Enemy Offensive forms part of the Seven Enemy Offensives framework in Yugoslav historiography.

The operation was of limited effectiveness due to several factors, including pre-emptive action by the Ustase militia and Italian delays. The area of operations straddled the demarcation line between the German and Italian zones of occupation within the NDH, which led to mutual suspicion and lack of coordination. Both insurgent factions avoided fighting the Axis and NDH forces, instead focusing on fighting each other. After Operation Trio, the Partisan leader Josip Broz Tito, his Supreme Staff and the Partisan main force, consisting of the 1st and 2nd Proletarian Brigades, withdrew from their base of operations around Foca. After briefly reorganising around Zelengora mountain south-east of Foca, they moved their operations to western Bosnia for the remainder of 1942."
Yugoslav Front (1941-1945),6,COUNTERATTACK ON KLIJUC - 7 Oct 1942,BRILIANT,800,CASE WHITE - 30 Feb 1943,7,"You have achieved all objectives, the mission was a complete success. Good work!"
Yugoslav Front (1941-1945),6,COUNTERATTACK ON KLIJUC - 7 Oct 1942,VICTORY,750,CASE WHITE - 30 Feb 1943,7,"You have achieved all objectives, the mission was a complete success. Good work!"
Yugoslav Front (1941-1945),6,COUNTERATTACK ON KLIJUC - 7 Oct 1942,TACTICAL,700,CASE WHITE - 30 Feb 1943,7,"You have achieved all objectives, the mission was a complete success. Good work!"
Yugoslav Front (1941-1945),6,COUNTERATTACK ON KLIJUC - 7 Oct 1942,LOSE,0,CAMPAIGN END / DEFEAT,255,"You could not achieve your goals, the mission was a failure! You had your chance, we need commander who successfully complete orders. This was your last combat mission!

THE END!"
Yugoslav Front (1941-1945),7,CASE WHITE - 30 Feb 1943,BRILIANT,700,CASE BLACK - 4 Jun 1943,8,"You have achieved all objectives, the mission was a complete success. Good work!

BACKGROUND

Case White (German: Fall Weiss), also known as the Fourth Enemy Offensive was a combined Axis strategic offensive launched against the Yugoslav Partisans throughout occupied Yugoslavia during World War II. It is one of the most significant confrontations of the Yugoslav Front. The offensive took place in early 1943, between 20 January and mid-to-late March 1943.

The operation is most remembered in Yugoslavia for its final phase, the Battle of the Neretva in Jablanica, named after the Neretva river. The final phase is also known as the Battle for the Wounded.

In late 1942, with the Axis situation in North Africa deteriorating, the German high command became concerned about the possibility of an Allied landing in the Balkans. This was of particular concern due to the substantial resources they were extracting from Yugoslavia, including timber, copper and bauxite. In the event of an Allied landing, resistance forces in Yugoslavia would be likely to interfere with German defensive operations as well as continued resource extraction. As a result, on 16 December 1942, Adolf Hitler ordered the Armed Forces Commander in South-East Europe, Generaloberst Alexander Löhr to crush the resistance in Yugoslavia. In a meeting of 18-19 December, the General Staff of the Wehrmacht decided on the destruction of the Bihac Republic. On 8 January, Löhr and Mario Roatta, commander of the 2nd Italian army, met in Zagreb and devised a detailed plan."
Yugoslav Front (1941-1945),7,CASE WHITE - 30 Feb 1943,VICTORY,650,CASE BLACK - 4 Jun 1943,8,"You have achieved all objectives, the mission was a complete success. Good work!

BACKGROUND

Case White (German: Fall Weiss), also known as the Fourth Enemy Offensive was a combined Axis strategic offensive launched against the Yugoslav Partisans throughout occupied Yugoslavia during World War II. It is one of the most significant confrontations of the Yugoslav Front. The offensive took place in early 1943, between 20 January and mid-to-late March 1943.

The operation is most remembered in Yugoslavia for its final phase, the Battle of the Neretva in Jablanica, named after the Neretva river. The final phase is also known as the Battle for the Wounded.

In late 1942, with the Axis situation in North Africa deteriorating, the German high command became concerned about the possibility of an Allied landing in the Balkans. This was of particular concern due to the substantial resources they were extracting from Yugoslavia, including timber, copper and bauxite. In the event of an Allied landing, resistance forces in Yugoslavia would be likely to interfere with German defensive operations as well as continued resource extraction. As a result, on 16 December 1942, Adolf Hitler ordered the Armed Forces Commander in South-East Europe, Generaloberst Alexander Löhr to crush the resistance in Yugoslavia. In a meeting of 18-19 December, the General Staff of the Wehrmacht decided on the destruction of the Bihac Republic. On 8 January, Löhr and Mario Roatta, commander of the 2nd Italian army, met in Zagreb and devised a detailed plan."
Yugoslav Front (1941-1945),7,CASE WHITE - 30 Feb 1943,TACTICAL,600,CASE BLACK - 4 Jun 1943,8,"You have achieved all objectives, the mission was a complete success. Good work!

BACKGROUND

Case White (German: Fall Weiss), also known as the Fourth Enemy Offensive was a combined Axis strategic offensive launched against the Yugoslav Partisans throughout occupied Yugoslavia during World War II. It is one of the most significant confrontations of the Yugoslav Front. The offensive took place in early 1943, between 20 January and mid-to-late March 1943.

The operation is most remembered in Yugoslavia for its final phase, the Battle of the Neretva in Jablanica, named after the Neretva river. The final phase is also known as the Battle for the Wounded.

In late 1942, with the Axis situation in North Africa deteriorating, the German high command became concerned about the possibility of an Allied landing in the Balkans. This was of particular concern due to the substantial resources they were extracting from Yugoslavia, including timber, copper and bauxite. In the event of an Allied landing, resistance forces in Yugoslavia would be likely to interfere with German defensive operations as well as continued resource extraction. As a result, on 16 December 1942, Adolf Hitler ordered the Armed Forces Commander in South-East Europe, Generaloberst Alexander Löhr to crush the resistance in Yugoslavia. In a meeting of 18-19 December, the General Staff of the Wehrmacht decided on the destruction of the Bihac Republic. On 8 January, Löhr and Mario Roatta, commander of the 2nd Italian army, met in Zagreb and devised a detailed plan."
Yugoslav Front (1941-1945),7,CASE WHITE - 30 Feb 1943,LOSE,0,CAMPAIGN END / DEFEAT,255,"You could not achieve your goals, the mission was a failure! You had your chance, we need commander who successfully complete orders. This was your last combat mission!

THE END!

BACKGROUND

Case White (German: Fall Weiss), also known as the Fourth Enemy Offensive was a combined Axis strategic offensive launched against the Yugoslav Partisans throughout occupied Yugoslavia during World War II. It is one of the most significant confrontations of the Yugoslav Front. The offensive took place in early 1943, between 20 January and mid-to-late March 1943.

The operation is most remembered in Yugoslavia for its final phase, the Battle of the Neretva in Jablanica, named after the Neretva river. The final phase is also known as the Battle for the Wounded.

In late 1942, with the Axis situation in North Africa deteriorating, the German high command became concerned about the possibility of an Allied landing in the Balkans. This was of particular concern due to the substantial resources they were extracting from Yugoslavia, including timber, copper and bauxite. In the event of an Allied landing, resistance forces in Yugoslavia would be likely to interfere with German defensive operations as well as continued resource extraction. As a result, on 16 December 1942, Adolf Hitler ordered the Armed Forces Commander in South-East Europe, Generaloberst Alexander Löhr to crush the resistance in Yugoslavia. In a meeting of 18-19 December, the General Staff of the Wehrmacht decided on the destruction of the Bihac Republic. On 8 January, Löhr and Mario Roatta, commander of the 2nd Italian army, met in Zagreb and devised a detailed plan."
Yugoslav Front (1941-1945),8,CASE BLACK - 4 Jun 1943,BRILIANT,1200,OPERATION ISTRIA - 25 Sep 1943,9,"You have achieved all objectives, the mission was a complete success. Good work!

BACKGROUND

Case Black (German: Fall Schwarz), also known as the Fifth Enemy Offensive in Yugoslav historiography and often identified with its final phase, the Battle of the Sutjeska was a joint attack by the Axis taking place from 15 May to 16 June 1943, which aimed to destroy the main Yugoslav Partisan force, near the Sutjeska river in south-eastern Bosnia. The failure of the offensive marked a turning point for Yugoslavia during World War II.

The operation immediately followed Case White which had failed in accomplishing the same objectives: to eliminate the central Partisan formations and capture their commander, Marshal Josip Broz Tito.

There are several songs about the Battle of Sutjeska. One of the more popular is called Sivi Sokole which translates to Peregrine Falcon. It mentions the death of Commander Sava Kovacevic.

Peregrine Falcon, old friend of mine,
Give me wings, Falcon, that I may fly over the mountains.

The mountain is high, the sky above it,
And in the sky the peregrine falcon, looking down upon me.

The Sutjeska is deep, the canyon above it
Above the canyon stands Tito, watches over the wounded

Above the canyon stands Tito and commands,
The Sutjeska must be crossed to save the wounded,
Peregrine falcon...

The Sutjeska is breached, the wounded are saved
But our old hero Sava remains and lies dead
Peregrine falcon...

We have toiled, we toil, we will toil still
Comrade Tito, we pledge, we will triumph."
Yugoslav Front (1941-1945),8,CASE BLACK - 4 Jun 1943,VICTORY,1100,OPERATION ISTRIA - 25 Sep 1943,9,"You have achieved all objectives, the mission was a complete success. Good work!

BACKGROUND

Case Black (German: Fall Schwarz), also known as the Fifth Enemy Offensive in Yugoslav historiography and often identified with its final phase, the Battle of the Sutjeska was a joint attack by the Axis taking place from 15 May to 16 June 1943, which aimed to destroy the main Yugoslav Partisan force, near the Sutjeska river in south-eastern Bosnia. The failure of the offensive marked a turning point for Yugoslavia during World War II.

The operation immediately followed Case White which had failed in accomplishing the same objectives: to eliminate the central Partisan formations and capture their commander, Marshal Josip Broz Tito.

There are several songs about the Battle of Sutjeska. One of the more popular is called Sivi Sokole which translates to Peregrine Falcon. It mentions the death of Commander Sava Kovacevic.

Peregrine Falcon, old friend of mine,
Give me wings, Falcon, that I may fly over the mountains.

The mountain is high, the sky above it,
And in the sky the peregrine falcon, looking down upon me.

The Sutjeska is deep, the canyon above it
Above the canyon stands Tito, watches over the wounded

Above the canyon stands Tito and commands,
The Sutjeska must be crossed to save the wounded,
Peregrine falcon...

The Sutjeska is breached, the wounded are saved
But our old hero Sava remains and lies dead
Peregrine falcon...

We have toiled, we toil, we will toil still
Comrade Tito, we pledge, we will triumph."
Yugoslav Front (1941-1945),8,CASE BLACK - 4 Jun 1943,TACTICAL,1000,OPERATION ISTRIA - 25 Sep 1943,9,"You have achieved all objectives, the mission was a complete success. Good work!

BACKGROUND

Case Black (German: Fall Schwarz), also known as the Fifth Enemy Offensive in Yugoslav historiography and often identified with its final phase, the Battle of the Sutjeska was a joint attack by the Axis taking place from 15 May to 16 June 1943, which aimed to destroy the main Yugoslav Partisan force, near the Sutjeska river in south-eastern Bosnia. The failure of the offensive marked a turning point for Yugoslavia during World War II.

The operation immediately followed Case White which had failed in accomplishing the same objectives: to eliminate the central Partisan formations and capture their commander, Marshal Josip Broz Tito.

There are several songs about the Battle of Sutjeska. One of the more popular is called Sivi Sokole which translates to Peregrine Falcon. It mentions the death of Commander Sava Kovacevic.

Peregrine Falcon, old friend of mine,
Give me wings, Falcon, that I may fly over the mountains.

The mountain is high, the sky above it,
And in the sky the peregrine falcon, looking down upon me.

The Sutjeska is deep, the canyon above it
Above the canyon stands Tito, watches over the wounded

Above the canyon stands Tito and commands,
The Sutjeska must be crossed to save the wounded,
Peregrine falcon...

The Sutjeska is breached, the wounded are saved
But our old hero Sava remains and lies dead
Peregrine falcon...

We have toiled, we toil, we will toil still
Comrade Tito, we pledge, we will triumph."
Yugoslav Front (1941-1945),8,CASE BLACK - 4 Jun 1943,LOSE,0,CAMPAIGN END / DEFEAT,255,"You could not achieve your goals, the mission was a failure! You had your chance, we need commander who successfully complete orders. This was your last combat mission!

THE END!

BACKGROUND

Case Black (German: Fall Schwarz), also known as the Fifth Enemy Offensive in Yugoslav historiography and often identified with its final phase, the Battle of the Sutjeska was a joint attack by the Axis taking place from 15 May to 16 June 1943, which aimed to destroy the main Yugoslav Partisan force, near the Sutjeska river in south-eastern Bosnia. The failure of the offensive marked a turning point for Yugoslavia during World War II.

The operation immediately followed Case White which had failed in accomplishing the same objectives: to eliminate the central Partisan formations and capture their commander, Marshal Josip Broz Tito.

There are several songs about the Battle of Sutjeska. One of the more popular is called Sivi Sokole which translates to Peregrine Falcon. It mentions the death of Commander Sava Kovacevic.

Peregrine Falcon, old friend of mine,
Give me wings, Falcon, that I may fly over the mountains.

The mountain is high, the sky above it,
And in the sky the peregrine falcon, looking down upon me.

The Sutjeska is deep, the canyon above it
Above the canyon stands Tito, watches over the wounded

Above the canyon stands Tito and commands,
The Sutjeska must be crossed to save the wounded,
Peregrine falcon...

The Sutjeska is breached, the wounded are saved
But our old hero Sava remains and lies dead
Peregrine falcon...

We have toiled, we toil, we will toil still
Comrade Tito, we pledge, we will triumph."
Yugoslav Front (1941-1945),9,OPERATION ISTRIA - 25 Sep 1943,BRILIANT,500,BANJA LUKA STRIKE - 18 Dec 1943,10,"You have achieved all objectives, the mission was a complete success. Good work!

BACKGROUND

Operation goal for the Germans was to occupy Slovenian littoral, Istrian peninsula, part of Kvarner littoral as well as Gorski Kotar to Ogulin in order to link up with Army Group F. Often confused with operation WOLKENBRUCH which followed immediately after probably beacuse they are locally known as Rommel's offensive or October offensive."
Yugoslav Front (1941-1945),9,OPERATION ISTRIA - 25 Sep 1943,VICTORY,450,BANJA LUKA STRIKE - 18 Dec 1943,10,"You have achieved all objectives, the mission was a complete success. Good work!

BACKGROUND

Operation goal for the Germans was to occupy Slovenian littoral, Istrian peninsula, part of Kvarner littoral as well as Gorski Kotar to Ogulin in order to link up with Army Group F. Often confused with operation WOLKENBRUCH which followed immediately after probably beacuse they are locally known as Rommel's offensive or October offensive."
Yugoslav Front (1941-1945),9,OPERATION ISTRIA - 25 Sep 1943,TACTICAL,400,BANJA LUKA STRIKE - 18 Dec 1943,10,"You have achieved all objectives, the mission was a complete success. Good work!

BACKGROUND

Operation goal for the Germans was to occupy Slovenian littoral, Istrian peninsula, part of Kvarner littoral as well as Gorski Kotar to Ogulin in order to link up with Army Group F. Often confused with operation WOLKENBRUCH which followed immediately after probably beacuse they are locally known as Rommel's offensive or October offensive."
Yugoslav Front (1941-1945),9,OPERATION ISTRIA - 25 Sep 1943,LOSE,0,CAMPAIGN END / DEFEAT,255,"You could not achieve your goals, the mission was a failure! You had your chance, we need commander who successfully complete orders. This was your last combat mission!

THE END!

BACKGROUND

Operation goal for the Germans was to occupy Slovenian littoral, Istrian peninsula, part of Kvarner littoral as well as Gorski Kotar to Ogulin in order to link up with Army Group F. Often confused with operation WOLKENBRUCH which followed immediately after probably beacuse they are locally known as Rommel's offensive or October offensive."
Yugoslav Front (1941-1945),10,BANJA LUKA STRIKE - 18 Dec 1943,BRILIANT,550,KNIGHT'S MOVE - 25 May 1944,11,"You have achieved all objectives, the mission was a complete success. Good work!"
Yugoslav Front (1941-1945),10,BANJA LUKA STRIKE - 18 Dec 1943,VICTORY,500,KNIGHT'S MOVE - 25 May 1944,11,"You have achieved all objectives, the mission was a complete success. Good work!"
Yugoslav Front (1941-1945),10,BANJA LUKA STRIKE - 18 Dec 1943,TACTICAL,450,KNIGHT'S MOVE - 25 May 1944,11,"You have achieved all objectives, the mission was a complete success. Good work!"
Yugoslav Front (1941-1945),10,BANJA LUKA STRIKE - 18 Dec 1943,LOSE,0,CAMPAIGN END / DEFEAT,255,"You could not achieve your goals, the mission was a failure! You had your chance, we need commander who successfully complete orders. This was your last combat mission!

THE END!"
Yugoslav Front (1941-1945),11,KNIGHT'S MOVE - 25 May 1944,BRILIANT,1500,OPERATION RATWEEK - 3 Sep 1944,12,"You have achieved all objectives, the mission was a complete success. Good work!

BACKGROUND

Operation Rösselsprung (Knight's move) was a combined airborne and ground assault by the German XV Mountain Corps and their Allies on the Supreme Headquarters of the Yugoslav Partisans located at the town of Drvar in western Independent State of Croatia (of which modern-day Bosnia and Herzegovina was a part) during World War II. The operation was launched on 25 May 1944, and was aimed at capturing or killing Marshal Josip Broz Tito and destroying the headquarters, support facilities and co-located Allied military missions. It is associated with the Seventh Enemy Offensive in Yugoslav history. The airborne assault itself is also known as the Raid on Drvar.

Operation Rösselsprung was a coup de main operation involving direct action by a parachute and glider-borne assault force based on 500th SS Parachute Battalion and their link-up with ground forces of the XV Mountain Corps converging on Drvar. The airborne assault was preceded by heavy bombing of the town by the Luftwaffe. The ground forces included Home Guard forces of the Independent State of Croatia.

The operation was a failure, as Tito, his principal headquarters staff and the allied military personnel escaped, despite their presence in Drvar at the time of the airborne assault. The operation failed due to a number of factors, including Partisan resistance in the town itself and along the approaches to Drvar. The failure of the various German intelligence agencies to share the limited intelligence available on Tito's exact location also contributed to the unsuccessful outcome for the Germans, and this failure to share intelligence was compounded by a lack of contingency planning by the commander of the German airborne force."
Yugoslav Front (1941-1945),11,KNIGHT'S MOVE - 25 May 1944,VICTORY,1400,OPERATION RATWEEK - 3 Sep 1944,12,"You have achieved all objectives, the mission was a complete success. Good work!

BACKGROUND

Operation Rösselsprung (Knight's move) was a combined airborne and ground assault by the German XV Mountain Corps and their Allies on the Supreme Headquarters of the Yugoslav Partisans located at the town of Drvar in western Independent State of Croatia (of which modern-day Bosnia and Herzegovina was a part) during World War II. The operation was launched on 25 May 1944, and was aimed at capturing or killing Marshal Josip Broz Tito and destroying the headquarters, support facilities and co-located Allied military missions. It is associated with the Seventh Enemy Offensive in Yugoslav history. The airborne assault itself is also known as the Raid on Drvar.

Operation Rösselsprung was a coup de main operation involving direct action by a parachute and glider-borne assault force based on 500th SS Parachute Battalion and their link-up with ground forces of the XV Mountain Corps converging on Drvar. The airborne assault was preceded by heavy bombing of the town by the Luftwaffe. The ground forces included Home Guard forces of the Independent State of Croatia.

The operation was a failure, as Tito, his principal headquarters staff and the allied military personnel escaped, despite their presence in Drvar at the time of the airborne assault. The operation failed due to a number of factors, including Partisan resistance in the town itself and along the approaches to Drvar. The failure of the various German intelligence agencies to share the limited intelligence available on Tito's exact location also contributed to the unsuccessful outcome for the Germans, and this failure to share intelligence was compounded by a lack of contingency planning by the commander of the German airborne force."
Yugoslav Front (1941-1945),11,KNIGHT'S MOVE - 25 May 1944,TACTICAL,1300,OPERATION RATWEEK - 3 Sep 1944,12,"You have achieved all objectives, the mission was a complete success. Good work!

BACKGROUND

Operation Rösselsprung (Knight's move) was a combined airborne and ground assault by the German XV Mountain Corps and their Allies on the Supreme Headquarters of the Yugoslav Partisans located at the town of Drvar in western Independent State of Croatia (of which modern-day Bosnia and Herzegovina was a part) during World War II. The operation was launched on 25 May 1944, and was aimed at capturing or killing Marshal Josip Broz Tito and destroying the headquarters, support facilities and co-located Allied military missions. It is associated with the Seventh Enemy Offensive in Yugoslav history. The airborne assault itself is also known as the Raid on Drvar.

Operation Rösselsprung was a coup de main operation involving direct action by a parachute and glider-borne assault force based on 500th SS Parachute Battalion and their link-up with ground forces of the XV Mountain Corps converging on Drvar. The airborne assault was preceded by heavy bombing of the town by the Luftwaffe. The ground forces included Home Guard forces of the Independent State of Croatia.

The operation was a failure, as Tito, his principal headquarters staff and the allied military personnel escaped, despite their presence in Drvar at the time of the airborne assault. The operation failed due to a number of factors, including Partisan resistance in the town itself and along the approaches to Drvar. The failure of the various German intelligence agencies to share the limited intelligence available on Tito's exact location also contributed to the unsuccessful outcome for the Germans, and this failure to share intelligence was compounded by a lack of contingency planning by the commander of the German airborne force."
Yugoslav Front (1941-1945),11,KNIGHT'S MOVE - 25 May 1944,LOSE,0,CAMPAIGN END / DEFEAT,255,"You could not achieve your goals, the mission was a failure! You had your chance, we need commander who successfully complete orders. This was your last combat mission!

THE END!

BACKGROUND

Operation Rösselsprung (Knight's move) was a combined airborne and ground assault by the German XV Mountain Corps and their Allies on the Supreme Headquarters of the Yugoslav Partisans located at the town of Drvar in western Independent State of Croatia (of which modern-day Bosnia and Herzegovina was a part) during World War II. The operation was launched on 25 May 1944, and was aimed at capturing or killing Marshal Josip Broz Tito and destroying the headquarters, support facilities and co-located Allied military missions. It is associated with the Seventh Enemy Offensive in Yugoslav history. The airborne assault itself is also known as the Raid on Drvar.

Operation Rösselsprung was a coup de main operation involving direct action by a parachute and glider-borne assault force based on 500th SS Parachute Battalion and their link-up with ground forces of the XV Mountain Corps converging on Drvar. The airborne assault was preceded by heavy bombing of the town by the Luftwaffe. The ground forces included Home Guard forces of the Independent State of Croatia.

The operation was a failure, as Tito, his principal headquarters staff and the allied military personnel escaped, despite their presence in Drvar at the time of the airborne assault. The operation failed due to a number of factors, including Partisan resistance in the town itself and along the approaches to Drvar. The failure of the various German intelligence agencies to share the limited intelligence available on Tito's exact location also contributed to the unsuccessful outcome for the Germans, and this failure to share intelligence was compounded by a lack of contingency planning by the commander of the German airborne force."
Yugoslav Front (1941-1945),12,OPERATION RATWEEK - 3 Sep 1944,BRILIANT,650,BELGRADE OFFENSIVE - 12 Oct 1944,13,"You have achieved all objectives, the mission was a complete success. Good work!

BACKGROUND

15th USAAF made 1373 sorties and drooped 3000 tons of bombs, while BAF made some 600 fighter sorties. Allied air force destroyed 112 locomotives, 243 motorized transports and 413 railway carts, also attacks on the airfields destroyed 94 aircraft crippling Luftwaffe strength in Yugoslavia. The Long Range Desert Group and the Special Boat Service destroyed bridge near Gruda and attacked coastal targets in Dubrovnik region, while Royal Navy harassed German sea traffic.

Yugoslav partisans among other things, captured eight communication centers, 49 railway stations or strongholds, destroyed 77 kilometers of railroad tracks, 97 road and railway bridges, also cut 77 kilometers of phone and telegraph lines.

Axis forces had suffered 4187 killed, around 2000 wounded and 5782 captured soldiers. Railway traffic was interrupted for two to three weeks during vital period of German retreat from Balkan (Greece, Bulgaria, Romania) in front of advancing Soviet army allowing for quick liberation of Belgrade.

In following weeks Army Group E narrowly avoid being cut off and destroyed because while RATWEEK prevented timely arrival of reinforcements to Belgrade, evacuation of German garrisons from the islands went mostly uninterrupted until last possible moment (thousands of troops still had to be abandoned on Crete which remained occupied until end of the war) despite little or no protection and when finally Germans began their retreat from Greece operation ended with most Allied air-power diverted to support operations on Gothic line in Italy, another week of bombing would probably delay Army Group E enough to make escape impossible."
Yugoslav Front (1941-1945),12,OPERATION RATWEEK - 3 Sep 1944,VICTORY,600,BELGRADE OFFENSIVE - 12 Oct 1944,13,"You have achieved all objectives, the mission was a complete success. Good work!

BACKGROUND

15th USAAF made 1373 sorties and drooped 3000 tons of bombs, while BAF made some 600 fighter sorties. Allied air force destroyed 112 locomotives, 243 motorized transports and 413 railway carts, also attacks on the airfields destroyed 94 aircraft crippling Luftwaffe strength in Yugoslavia. The Long Range Desert Group and the Special Boat Service destroyed bridge near Gruda and attacked coastal targets in Dubrovnik region, while Royal Navy harassed German sea traffic.

Yugoslav partisans among other things, captured eight communication centers, 49 railway stations or strongholds, destroyed 77 kilometers of railroad tracks, 97 road and railway bridges, also cut 77 kilometers of phone and telegraph lines.

Axis forces had suffered 4187 killed, around 2000 wounded and 5782 captured soldiers. Railway traffic was interrupted for two to three weeks during vital period of German retreat from Balkan (Greece, Bulgaria, Romania) in front of advancing Soviet army allowing for quick liberation of Belgrade.

In following weeks Army Group E narrowly avoid being cut off and destroyed because while RATWEEK prevented timely arrival of reinforcements to Belgrade, evacuation of German garrisons from the islands went mostly uninterrupted until last possible moment (thousands of troops still had to be abandoned on Crete which remained occupied until end of the war) despite little or no protection and when finally Germans began their retreat from Greece operation ended with most Allied air-power diverted to support operations on Gothic line in Italy, another week of bombing would probably delay Army Group E enough to make escape impossible."
Yugoslav Front (1941-1945),12,OPERATION RATWEEK - 3 Sep 1944,TACTICAL,550,BELGRADE OFFENSIVE - 12 Oct 1944,13,"You have achieved all objectives, the mission was a complete success. Good work!

BACKGROUND

15th USAAF made 1373 sorties and drooped 3000 tons of bombs, while BAF made some 600 fighter sorties. Allied air force destroyed 112 locomotives, 243 motorized transports and 413 railway carts, also attacks on the airfields destroyed 94 aircraft crippling Luftwaffe strength in Yugoslavia. The Long Range Desert Group and the Special Boat Service destroyed bridge near Gruda and attacked coastal targets in Dubrovnik region, while Royal Navy harassed German sea traffic.

Yugoslav partisans among other things, captured eight communication centers, 49 railway stations or strongholds, destroyed 77 kilometers of railroad tracks, 97 road and railway bridges, also cut 77 kilometers of phone and telegraph lines.

Axis forces had suffered 4187 killed, around 2000 wounded and 5782 captured soldiers. Railway traffic was interrupted for two to three weeks during vital period of German retreat from Balkan (Greece, Bulgaria, Romania) in front of advancing Soviet army allowing for quick liberation of Belgrade.

In following weeks Army Group E narrowly avoid being cut off and destroyed because while RATWEEK prevented timely arrival of reinforcements to Belgrade, evacuation of German garrisons from the islands went mostly uninterrupted until last possible moment (thousands of troops still had to be abandoned on Crete which remained occupied until end of the war) despite little or no protection and when finally Germans began their retreat from Greece operation ended with most Allied air-power diverted to support operations on Gothic line in Italy, another week of bombing would probably delay Army Group E enough to make escape impossible."
Yugoslav Front (1941-1945),12,OPERATION RATWEEK - 3 Sep 1944,LOSE,0,CAMPAIGN END / DEFEAT,255,"You could not achieve your goals, the mission was a failure! You had your chance, we need commander who successfully complete orders. This was your last combat mission!

THE END!

BACKGROUND

15th USAAF made 1373 sorties and drooped 3000 tons of bombs, while BAF made some 600 fighter sorties. Allied air force destroyed 112 locomotives, 243 motorized transports and 413 railway carts, also attacks on the airfields destroyed 94 aircraft crippling Luftwaffe strength in Yugoslavia. The Long Range Desert Group and the Special Boat Service destroyed bridge near Gruda and attacked coastal targets in Dubrovnik region, while Royal Navy harassed German sea traffic.

Yugoslav partisans among other things, captured eight communication centers, 49 railway stations or strongholds, destroyed 77 kilometers of railroad tracks, 97 road and railway bridges, also cut 77 kilometers of phone and telegraph lines.

Axis forces had suffered 4187 killed, around 2000 wounded and 5782 captured soldiers. Railway traffic was interrupted for two to three weeks during vital period of German retreat from Balkan (Greece, Bulgaria, Romania) in front of advancing Soviet army allowing for quick liberation of Belgrade.

In following weeks Army Group E narrowly avoid being cut off and destroyed because while RATWEEK prevented timely arrival of reinforcements to Belgrade, evacuation of German garrisons from the islands went mostly uninterrupted until last possible moment (thousands of troops still had to be abandoned on Crete which remained occupied until end of the war) despite little or no protection and when finally Germans began their retreat from Greece operation ended with most Allied air-power diverted to support operations on Gothic line in Italy, another week of bombing would probably delay Army Group E enough to make escape impossible."
Yugoslav Front (1941-1945),13,BELGRADE OFFENSIVE - 12 Oct 1944,BRILIANT,800,KNIN - 26 Nov 1944,14,"You have achieved all objectives, the mission was a complete success. Good work!

BACKGROUND

The Belgrade Offensive or the Belgrade Strategic Offensive Operation (14 September-24 November 1944) was an offensive military operation in which Belgrade was liberated from the German Wehrmacht by the joint efforts of the Soviet Red Army, the Yugoslav Partisans, and the Bulgarian People's Army. These forces launched separate but loosely coordinated operations that successfully forced the Germans out of the Belgrade area.

The offensive involved the Soviet 3rd Ukrainian Front (including the Bulgarian 2nd Army), elements of the 2nd Ukrainian Front to the north, the 1st Army Group of the Yugoslav Partisans to the west, and First, Third and elements of the Fourth Bulgarian Armies to the south. They conductied an offensive against part of Germany's Army Group E (Korpsgruppe ""Schneckenburger"" and ""Stern"") which included the forces of the German-installed puppet government, quisling troops, and the military forces of the puppet government. The objective was to destroy the forces of the German Army Group E in the Suva Planina region, and those of Army Group F east of Velika Morava river, and ultimately to free Belgrade from Nazi occupation.

A secondary objective for the offensive was to sever the line of retreat for German Army Group E from Greece, Albania and the southern regions of Yugoslavia through Belgrade to Hungary, including the Salonica-Belgrade railroad."
Yugoslav Front (1941-1945),13,BELGRADE OFFENSIVE - 12 Oct 1944,VICTORY,750,KNIN - 26 Nov 1944,14,"You have achieved all objectives, the mission was a complete success. Good work!

BACKGROUND

The Belgrade Offensive or the Belgrade Strategic Offensive Operation (14 September-24 November 1944) was an offensive military operation in which Belgrade was liberated from the German Wehrmacht by the joint efforts of the Soviet Red Army, the Yugoslav Partisans, and the Bulgarian People's Army. These forces launched separate but loosely coordinated operations that successfully forced the Germans out of the Belgrade area.

The offensive involved the Soviet 3rd Ukrainian Front (including the Bulgarian 2nd Army), elements of the 2nd Ukrainian Front to the north, the 1st Army Group of the Yugoslav Partisans to the west, and First, Third and elements of the Fourth Bulgarian Armies to the south. They conductied an offensive against part of Germany's Army Group E (Korpsgruppe ""Schneckenburger"" and ""Stern"") which included the forces of the German-installed puppet government, quisling troops, and the military forces of the puppet government. The objective was to destroy the forces of the German Army Group E in the Suva Planina region, and those of Army Group F east of Velika Morava river, and ultimately to free Belgrade from Nazi occupation.

A secondary objective for the offensive was to sever the line of retreat for German Army Group E from Greece, Albania and the southern regions of Yugoslavia through Belgrade to Hungary, including the Salonica-Belgrade railroad."
Yugoslav Front (1941-1945),13,BELGRADE OFFENSIVE - 12 Oct 1944,TACTICAL,700,KNIN - 26 Nov 1944,14,"You have achieved all objectives, the mission was a complete success. Good work!

BACKGROUND

The Belgrade Offensive or the Belgrade Strategic Offensive Operation (14 September-24 November 1944) was an offensive military operation in which Belgrade was liberated from the German Wehrmacht by the joint efforts of the Soviet Red Army, the Yugoslav Partisans, and the Bulgarian People's Army. These forces launched separate but loosely coordinated operations that successfully forced the Germans out of the Belgrade area.

The offensive involved the Soviet 3rd Ukrainian Front (including the Bulgarian 2nd Army), elements of the 2nd Ukrainian Front to the north, the 1st Army Group of the Yugoslav Partisans to the west, and First, Third and elements of the Fourth Bulgarian Armies to the south. They conductied an offensive against part of Germany's Army Group E (Korpsgruppe ""Schneckenburger"" and ""Stern"") which included the forces of the German-installed puppet government, quisling troops, and the military forces of the puppet government. The objective was to destroy the forces of the German Army Group E in the Suva Planina region, and those of Army Group F east of Velika Morava river, and ultimately to free Belgrade from Nazi occupation.

A secondary objective for the offensive was to sever the line of retreat for German Army Group E from Greece, Albania and the southern regions of Yugoslavia through Belgrade to Hungary, including the Salonica-Belgrade railroad."
Yugoslav Front (1941-1945),13,BELGRADE OFFENSIVE - 12 Oct 1944,LOSE,0,CAMPAIGN END / DEFEAT,255,"You could not achieve your goals, the mission was a failure! You had your chance, we need commander who successfully complete orders. This was your last combat mission!

THE END!

BACKGROUND

The 4th Guards Mechanized Corps of the Red Army and the Yugoslav 12th Corps broke through the enemy resistance south of Belgrade on 14 October, approaching the city. The Yugoslavs advanced along the roads in the direction of Belgrade south of the Sava River, while the Red Army engaged in fighting on the northern bank outskirts. The assault on the city was delayed due to the diversion of forces for the elimination of thousands of enemy troops surrounded between Belgrade and Smederevo (to the south-east). On 20 October, Belgrade had been completely overrun by joint Soviet and Yugoslav forces.

The Yugoslav 13th Corps, in cooperation with the Bulgarian 2nd Army, advanced from the south-east. They were responsible for the area of Nis and Leskovac. The forces were also responsible for cutting off the main for the evacuation of Army Group E, along the rivers of South Morava and Morava. Army Group E had, therefore, been forced to retreat through the mountains of Montenegro and Bosnia and was unable to strengthen the German forces in Hungary.

The next day, elements of the 3rd Ukrainian Front stormed Kraljevo and finally cut Thessaloniki highway to Belgrade.

The Soviet 10th Guards Rifle Corps of the 46th Army (2nd Ukrainian Front), together with units of the Yugoslav Partisans moving via the Danube - provided more offensive strength from the north-east against the Wehrmacht's position in Belgrade. They cleared the left bank of the Tisa and Danube (in Yugoslavia) and took the town of Pancevo."
Yugoslav Front (1941-1945),14,KNIN - 26 Nov 1944,BRILIANT,1600,LIBERATION OF MOSTAR - 6 Feb 1945,15,"You have achieved all objectives, the mission was a complete success. Good work!

BACKGROUND

Knin operation in 1944 was launched by Yugoslav Partisans 8th Corps from 7 November to 9 December 1944 with purpose of destroying German, Ustasha and Chetnik formations in the area of Knin. It is often refereed to as much larger Partisans offensive which liberated most of Dalmatia covering all operations from Zadar to Dubrovnik.

After difficult withdrawal from Dalmatian coastal areas during operation HERBSTGEWITTER (1944), headquarters of German 15th Mountain Corps (which was based in Knin until 19 November when it moved to Ostrozac near Bihac transferring defense of Knin to commander of the 264th Division) was ordered to hold Knin at all costs. German units were ordered to defend Knin to the last round and to the last men in order to stop advance of 8th Corps towards Lika and Bosnia. Knin was strategic point in defensive plans of German high command as part of the line going from Srymia over Sarajevo and Mostar holding the end of that line."
Yugoslav Front (1941-1945),14,KNIN - 26 Nov 1944,VICTORY,1500,LIBERATION OF MOSTAR - 6 Feb 1945,15,"You have achieved all objectives, the mission was a complete success. Good work!

BACKGROUND

Knin operation in 1944 was launched by Yugoslav Partisans 8th Corps from 7 November to 9 December 1944 with purpose of destroying German, Ustasha and Chetnik formations in the area of Knin. It is often refereed to as much larger Partisans offensive which liberated most of Dalmatia covering all operations from Zadar to Dubrovnik.

After difficult withdrawal from Dalmatian coastal areas during operation HERBSTGEWITTER (1944), headquarters of German 15th Mountain Corps (which was based in Knin until 19 November when it moved to Ostrozac near Bihac transferring defense of Knin to commander of the 264th Division) was ordered to hold Knin at all costs. German units were ordered to defend Knin to the last round and to the last men in order to stop advance of 8th Corps towards Lika and Bosnia. Knin was strategic point in defensive plans of German high command as part of the line going from Srymia over Sarajevo and Mostar holding the end of that line."
Yugoslav Front (1941-1945),14,KNIN - 26 Nov 1944,TACTICAL,1400,LIBERATION OF MOSTAR - 6 Feb 1945,15,"You have achieved all objectives, the mission was a complete success. Good work!

BACKGROUND

Knin operation in 1944 was launched by Yugoslav Partisans 8th Corps from 7 November to 9 December 1944 with purpose of destroying German, Ustasha and Chetnik formations in the area of Knin. It is often refereed to as much larger Partisans offensive which liberated most of Dalmatia covering all operations from Zadar to Dubrovnik.

After difficult withdrawal from Dalmatian coastal areas during operation HERBSTGEWITTER (1944), headquarters of German 15th Mountain Corps (which was based in Knin until 19 November when it moved to Ostrozac near Bihac transferring defense of Knin to commander of the 264th Division) was ordered to hold Knin at all costs. German units were ordered to defend Knin to the last round and to the last men in order to stop advance of 8th Corps towards Lika and Bosnia. Knin was strategic point in defensive plans of German high command as part of the line going from Srymia over Sarajevo and Mostar holding the end of that line."
Yugoslav Front (1941-1945),14,KNIN - 26 Nov 1944,LOSE,0,CAMPAIGN END / DEFEAT,255,"You could not achieve your goals, the mission was a failure! You had your chance, we need commander who successfully complete orders. This was your last combat mission!

THE END!

BACKGROUND

Knin operation in 1944 was launched by Yugoslav Partisans 8th Corps from 7 November to 9 December 1944 with purpose of destroying German, Ustasha and Chetnik formations in the area of Knin. It is often refereed to as much larger Partisans offensive which liberated most of Dalmatia covering all operations from Zadar to Dubrovnik.

After difficult withdrawal from Dalmatian coastal areas during operation HERBSTGEWITTER (1944), headquarters of German 15th Mountain Corps (which was based in Knin until 19 November when it moved to Ostrozac near Bihac transferring defense of Knin to commander of the 264th Division) was ordered to hold Knin at all costs. German units were ordered to defend Knin to the last round and to the last men in order to stop advance of 8th Corps towards Lika and Bosnia. Knin was strategic point in defensive plans of German high command as part of the line going from Srymia over Sarajevo and Mostar holding the end of that line."
Yugoslav Front (1941-1945),15,LIBERATION OF MOSTAR - 6 Feb 1945,BRILIANT,1600,BATTLE OF SARAJEVO - 1 Apr 1945,16,"You have achieved all objectives, the mission was a complete success. Good work!"
Yugoslav Front (1941-1945),15,LIBERATION OF MOSTAR - 6 Feb 1945,VICTORY,1500,BATTLE OF SARAJEVO - 1 Apr 1945,16,"You have achieved all objectives, the mission was a complete success. Good work!"
Yugoslav Front (1941-1945),15,LIBERATION OF MOSTAR - 6 Feb 1945,TACTICAL,1400,BATTLE OF SARAJEVO - 1 Apr 1945,16,"You have achieved all objectives, the mission was a complete success. Good work!"
Yugoslav Front (1941-1945),15,LIBERATION OF MOSTAR - 6 Feb 1945,LOSE,1400,BATTLE OF SARAJEVO - 1 Apr 1945,16,"You could not achieve your goals, the mission was a failure! Hopefully you have gained some experience to avoid such failures in future."
Yugoslav Front (1941-1945),16,BATTLE OF SARAJEVO - 1 Apr 1945,BRILIANT,1100,ADVANCE ON TRIESTE - 14 Apr 1945,17,"You have achieved all objectives, the mission was a complete success. Good work!"
Yugoslav Front (1941-1945),16,BATTLE OF SARAJEVO - 1 Apr 1945,VICTORY,1000,ADVANCE ON TRIESTE - 14 Apr 1945,17,"You have achieved all objectives, the mission was a complete success. Good work!"
Yugoslav Front (1941-1945),16,BATTLE OF SARAJEVO - 1 Apr 1945,TACTICAL,900,ADVANCE ON TRIESTE - 14 Apr 1945,17,"You have achieved all objectives, the mission was a complete success. Good work!"
Yugoslav Front (1941-1945),16,BATTLE OF SARAJEVO - 1 Apr 1945,LOSE,900,ADVANCE ON TRIESTE - 14 Apr 1945,17,"You could not achieve your goals, the mission was a failure! Hopefully you have gained some experience to avoid such failures in future."
Yugoslav Front (1941-1945),17,ADVANCE ON TRIESTE - 14 Apr 1945,BRILIANT,1200,BATTLE OF POLJANA - 14 May 1945,18,"You have achieved all objectives, the mission was a complete success. Good work!"
Yugoslav Front (1941-1945),17,ADVANCE ON TRIESTE - 14 Apr 1945,VICTORY,1100,BATTLE OF POLJANA - 14 May 1945,18,"You have achieved all objectives, the mission was a complete success. Good work!"
Yugoslav Front (1941-1945),17,ADVANCE ON TRIESTE - 14 Apr 1945,TACTICAL,1000,BATTLE OF POLJANA - 14 May 1945,18,"You have achieved all objectives, the mission was a complete success. Good work!"
Yugoslav Front (1941-1945),17,ADVANCE ON TRIESTE - 14 Apr 1945,LOSE,0,CAMPAIGN END / DEFEAT,255,"You could not achieve your goals, the mission was a failure! You had your chance, we need commander who successfully complete orders. This was your last combat mission!

THE END!"
Yugoslav Front (1941-1945),18,BATTLE OF POLJANA - 14 May 1945,BRILIANT,0,Unknown (ID 254),254,"You have achieved all objectives, the mission was a complete success. Good work!

CAMPAIGN WON!!!

Congratulations, you have successfully completed the campaign!

BACKGROUND

The Battle of Poljana (Monday May 14 - Tuesday May 15, 1945) was a battle of World War II in Europe. It started at Poljana, near the village of Prevalje in Yugoslavia (now Slovenia), and was the culmination of a series of engagements between the Yugoslav Partisans and a large retreating Axis column, numbering in excess of 30,000 men. The column consisted of units of the German (Wehrmacht), the Armed Forces of the Independent State of Croatia, the Montenegrin People's Army (former Chetniks and the survivors of the Battle on Lijevce field), and Slovene Home Guard forces, as well as other fascist collaborationist factions and even civilians who were attempting to escape into British-controlled Austria. It took place a few days after 8 May, when the armed forces of Nazi Germany officially surrendered.

The Armed Forces of the Independent State of Croatia were reorganized in November 1944 to combine the units of the Ustase and Army of the Independent State of Croatia into eighteen divisions, comprising 13 infantry, two mountain, two assault and one replacement division, each with its own organic artillery and other support units. There were also several armoured units. From early 1945, the divisions were allocated to various German Corps and by March 1945 were holding the Southern Front.

In the spring of 1945, the German Army and their Allies were in full retreat from the Yugoslav Partisans. In early April, the Partisan 3rd Army, under the command of Kosta Nad, fanned out through the Drava Valley region (Podravina), reaching a point north of Zagreb, and crossed the old Austrian border with Yugoslavia in the Dravograd sector. The 3rd Army closed the ring around Axis forces when its advanced motorized detachments linked up with detachments of the 4th Army in Carinthia. As a result, the German Army Group E was prevented from escaping north-west across the Drava river. Completely surrounded, General Alexander Löhr, Commander-in-Chief of Army Group E was forced to sign the unconditional surrender of the forces under his command at Topolsica, near Velenje, Slovenia, on Wednesday May 9. Nevertheless, some of his troops, along with collaborationist units, namely the NDH forces, Slovene Home Guard, Montenegrin People's Army (former Chetniks), and elements of other factions, continued to resist and tried to fight their way west to what they hoped would be the protection of the British at Klagenfurt."
Yugoslav Front (1941-1945),18,BATTLE OF POLJANA - 14 May 1945,VICTORY,0,Unknown (ID 254),254,"You have achieved all objectives, the mission was a complete success. Good work!

CAMPAIGN WON!!!

Congratulations, you have successfully completed the campaign!

BACKGROUND

The Battle of Poljana (Monday May 14 - Tuesday May 15, 1945) was a battle of World War II in Europe. It started at Poljana, near the village of Prevalje in Yugoslavia (now Slovenia), and was the culmination of a series of engagements between the Yugoslav Partisans and a large retreating Axis column, numbering in excess of 30,000 men. The column consisted of units of the German (Wehrmacht), the Armed Forces of the Independent State of Croatia, the Montenegrin People's Army (former Chetniks and the survivors of the Battle on Lijevce field), and Slovene Home Guard forces, as well as other fascist collaborationist factions and even civilians who were attempting to escape into British-controlled Austria. It took place a few days after 8 May, when the armed forces of Nazi Germany officially surrendered.

The Armed Forces of the Independent State of Croatia were reorganized in November 1944 to combine the units of the Ustase and Army of the Independent State of Croatia into eighteen divisions, comprising 13 infantry, two mountain, two assault and one replacement division, each with its own organic artillery and other support units. There were also several armoured units. From early 1945, the divisions were allocated to various German Corps and by March 1945 were holding the Southern Front.

In the spring of 1945, the German Army and their Allies were in full retreat from the Yugoslav Partisans. In early April, the Partisan 3rd Army, under the command of Kosta Nad, fanned out through the Drava Valley region (Podravina), reaching a point north of Zagreb, and crossed the old Austrian border with Yugoslavia in the Dravograd sector. The 3rd Army closed the ring around Axis forces when its advanced motorized detachments linked up with detachments of the 4th Army in Carinthia. As a result, the German Army Group E was prevented from escaping north-west across the Drava river. Completely surrounded, General Alexander Löhr, Commander-in-Chief of Army Group E was forced to sign the unconditional surrender of the forces under his command at Topolsica, near Velenje, Slovenia, on Wednesday May 9. Nevertheless, some of his troops, along with collaborationist units, namely the NDH forces, Slovene Home Guard, Montenegrin People's Army (former Chetniks), and elements of other factions, continued to resist and tried to fight their way west to what they hoped would be the protection of the British at Klagenfurt."
Yugoslav Front (1941-1945),18,BATTLE OF POLJANA - 14 May 1945,TACTICAL,0,Unknown (ID 254),254,"You have achieved all objectives, the mission was a complete success. Good work!

CAMPAIGN WON!!!

Congratulations, you have successfully completed the campaign!

BACKGROUND

The Battle of Poljana (Monday May 14 - Tuesday May 15, 1945) was a battle of World War II in Europe. It started at Poljana, near the village of Prevalje in Yugoslavia (now Slovenia), and was the culmination of a series of engagements between the Yugoslav Partisans and a large retreating Axis column, numbering in excess of 30,000 men. The column consisted of units of the German (Wehrmacht), the Armed Forces of the Independent State of Croatia, the Montenegrin People's Army (former Chetniks and the survivors of the Battle on Lijevce field), and Slovene Home Guard forces, as well as other fascist collaborationist factions and even civilians who were attempting to escape into British-controlled Austria. It took place a few days after 8 May, when the armed forces of Nazi Germany officially surrendered.

The Armed Forces of the Independent State of Croatia were reorganized in November 1944 to combine the units of the Ustase and Army of the Independent State of Croatia into eighteen divisions, comprising 13 infantry, two mountain, two assault and one replacement division, each with its own organic artillery and other support units. There were also several armoured units. From early 1945, the divisions were allocated to various German Corps and by March 1945 were holding the Southern Front.

In the spring of 1945, the German Army and their Allies were in full retreat from the Yugoslav Partisans. In early April, the Partisan 3rd Army, under the command of Kosta Nad, fanned out through the Drava Valley region (Podravina), reaching a point north of Zagreb, and crossed the old Austrian border with Yugoslavia in the Dravograd sector. The 3rd Army closed the ring around Axis forces when its advanced motorized detachments linked up with detachments of the 4th Army in Carinthia. As a result, the German Army Group E was prevented from escaping north-west across the Drava river. Completely surrounded, General Alexander Löhr, Commander-in-Chief of Army Group E was forced to sign the unconditional surrender of the forces under his command at Topolsica, near Velenje, Slovenia, on Wednesday May 9. Nevertheless, some of his troops, along with collaborationist units, namely the NDH forces, Slovene Home Guard, Montenegrin People's Army (former Chetniks), and elements of other factions, continued to resist and tried to fight their way west to what they hoped would be the protection of the British at Klagenfurt."
Yugoslav Front (1941-1945),18,BATTLE OF POLJANA - 14 May 1945,LOSE,0,Unknown (ID 254),254,"You could not achieve your goals, the mission was a failure!

THE END!!!

Congratulations, you have completed the campaign!

BACKGROUND

The Battle of Poljana (Monday May 14 - Tuesday May 15, 1945) was a battle of World War II in Europe. It started at Poljana, near the village of Prevalje in Yugoslavia (now Slovenia), and was the culmination of a series of engagements between the Yugoslav Partisans and a large retreating Axis column, numbering in excess of 30,000 men. The column consisted of units of the German (Wehrmacht), the Armed Forces of the Independent State of Croatia, the Montenegrin People's Army (former Chetniks and the survivors of the Battle on Lijevce field), and Slovene Home Guard forces, as well as other fascist collaborationist factions and even civilians who were attempting to escape into British-controlled Austria. It took place a few days after 8 May, when the armed forces of Nazi Germany officially surrendered.

The Armed Forces of the Independent State of Croatia were reorganized in November 1944 to combine the units of the Ustase and Army of the Independent State of Croatia into eighteen divisions, comprising 13 infantry, two mountain, two assault and one replacement division, each with its own organic artillery and other support units. There were also several armoured units. From early 1945, the divisions were allocated to various German Corps and by March 1945 were holding the Southern Front.

In the spring of 1945, the German Army and their Allies were in full retreat from the Yugoslav Partisans. In early April, the Partisan 3rd Army, under the command of Kosta Nad, fanned out through the Drava Valley region (Podravina), reaching a point north of Zagreb, and crossed the old Austrian border with Yugoslavia in the Dravograd sector. The 3rd Army closed the ring around Axis forces when its advanced motorized detachments linked up with detachments of the 4th Army in Carinthia. As a result, the German Army Group E was prevented from escaping north-west across the Drava river. Completely surrounded, General Alexander Löhr, Commander-in-Chief of Army Group E was forced to sign the unconditional surrender of the forces under his command at Topolsica, near Velenje, Slovenia, on Wednesday May 9. Nevertheless, some of his troops, along with collaborationist units, namely the NDH forces, Slovene Home Guard, Montenegrin People's Army (former Chetniks), and elements of other factions, continued to resist and tried to fight their way west to what they hoped would be the protection of the British at Klagenfurt."
Red Army Campaign (1936-1945),0,BATTLE OF SESENA - 29 OCT 1936,BRILIANT,450,BATTLE OF LAKE KHASAN - 2 AUG 1938,1,"BRILLIANT VICTORY

You have achieved all objectives comrade, the operation was a complete success. Great work!"
Red Army Campaign (1936-1945),0,BATTLE OF SESENA - 29 OCT 1936,VICTORY,400,BATTLE OF LAKE KHASAN - 2 AUG 1938,1,"VICTORY

You have achieved most objectives comrade, the operation was a success. Good work!"
Red Army Campaign (1936-1945),0,BATTLE OF SESENA - 29 OCT 1936,TACTICAL,400,BATTLE OF LAKE KHASAN - 2 AUG 1938,1,"TACTICAL VICTORY

You have achieved some objectives comrade, after all, the operation was not a complete failure."
Red Army Campaign (1936-1945),0,BATTLE OF SESENA - 29 OCT 1936,LOSE,0,CAMPAIGN END / DEFEAT,255,"DEFEAT

No, nothing Comrade Marshal, we lost all communications after that last counterattack. They are all dead or prisoners!

CAMPAIGN LOST!"
Red Army Campaign (1936-1945),1,BATTLE OF LAKE KHASAN - 2 AUG 1938,BRILIANT,450,KHALKHIN GOL - 3 JUL 1939,2,"BRILLIANT VICTORY

You have achieved all objectives comrade, the operation was a complete success. Great work!"
Red Army Campaign (1936-1945),1,BATTLE OF LAKE KHASAN - 2 AUG 1938,VICTORY,400,KHALKHIN GOL - 3 JUL 1939,2,"VICTORY

You have achieved most objectives comrade, the operation was a success. Good work!"
Red Army Campaign (1936-1945),1,BATTLE OF LAKE KHASAN - 2 AUG 1938,TACTICAL,400,KHALKHIN GOL - 3 JUL 1939,2,"TACTICAL VICTORY

You have achieved some objectives comrade, after all, the operation was not a complete failure."
Red Army Campaign (1936-1945),1,BATTLE OF LAKE KHASAN - 2 AUG 1938,LOSE,0,CAMPAIGN END / DEFEAT,255,"DEFEAT

No, nothing Comrade Marshal, we lost all communications after that last counterattack. They are all dead or prisoners!

CAMPAIGN LOST!"
Red Army Campaign (1936-1945),2,KHALKHIN GOL - 3 JUL 1939,BRILIANT,850,BATTLE OF GRODNO - 20 SEP 1939,3,"BRILLIANT VICTORY

You have achieved all objectives comrade, the operation was a complete success. Great work!"
Red Army Campaign (1936-1945),2,KHALKHIN GOL - 3 JUL 1939,VICTORY,800,BATTLE OF GRODNO - 20 SEP 1939,3,"VICTORY

You have achieved most objectives comrade, the operation was a success. Good work!"
Red Army Campaign (1936-1945),2,KHALKHIN GOL - 3 JUL 1939,TACTICAL,800,BATTLE OF GRODNO - 20 SEP 1939,3,"TACTICAL VICTORY

You have achieved some objectives comrade, after all, the operation was not a complete failure."
Red Army Campaign (1936-1945),2,KHALKHIN GOL - 3 JUL 1939,LOSE,0,CAMPAIGN END / DEFEAT,255,"DEFEAT

No, nothing Comrade Marshal, we lost all communications after that last counterattack. They are all dead or prisoners!

CAMPAIGN LOST!"
Red Army Campaign (1936-1945),3,BATTLE OF GRODNO - 20 SEP 1939,BRILIANT,500,RAATE ROAD - 2 JAN 1940,4,"BRILLIANT VICTORY

You have achieved all objectives comrade, the operation was a complete success. Great work!"
Red Army Campaign (1936-1945),3,BATTLE OF GRODNO - 20 SEP 1939,VICTORY,450,RAATE ROAD - 2 JAN 1940,4,"VICTORY

You have achieved most objectives comrade, the operation was a success. Good work!"
Red Army Campaign (1936-1945),3,BATTLE OF GRODNO - 20 SEP 1939,TACTICAL,450,RAATE ROAD - 2 JAN 1940,4,"TACTICAL VICTORY

You have achieved some objectives comrade, after all, the operation was not a complete failure."
Red Army Campaign (1936-1945),3,BATTLE OF GRODNO - 20 SEP 1939,LOSE,450,RAATE ROAD - 2 JAN 1940,4,"DEFEAT

You could not achieve our goals comrade, the operation was a failure! I hope for you, your next duty will be more successful. The party's patience is not endless!"
Red Army Campaign (1936-1945),4,RAATE ROAD - 2 JAN 1940,BRILIANT,1200,VYBORG BAY - 5 MAR 1940,5,"BRILLIANT VICTORY

You have achieved all objectives comrade, the operation was a complete success. Great work!"
Red Army Campaign (1936-1945),4,RAATE ROAD - 2 JAN 1940,VICTORY,1100,VYBORG BAY - 5 MAR 1940,5,"VICTORY

You have achieved most objectives comrade, the operation was a success. Good work!"
Red Army Campaign (1936-1945),4,RAATE ROAD - 2 JAN 1940,TACTICAL,1100,VYBORG BAY - 5 MAR 1940,5,"TACTICAL VICTORY

You have achieved some objectives comrade, after all, the operation was not a complete failure."
Red Army Campaign (1936-1945),4,RAATE ROAD - 2 JAN 1940,LOSE,1100,VYBORG BAY - 5 MAR 1940,5,"DEFEAT

You could not achieve our goals comrade, the operation was a failure! I hope for you, your next duty will be more successful. The party's patience is not endless!"
Red Army Campaign (1936-1945),5,VYBORG BAY - 5 MAR 1940,BRILIANT,700,BATTLE OF BIALYSTOK-MINSK - 27 JUN 1941,6,"BRILLIANT VICTORY

You have achieved all objectives comrade, the operation was a complete success. Great work!"
Red Army Campaign (1936-1945),5,VYBORG BAY - 5 MAR 1940,VICTORY,650,BATTLE OF BIALYSTOK-MINSK - 27 JUN 1941,6,"VICTORY

You have achieved most objectives comrade, the operation was a success. Good work!"
Red Army Campaign (1936-1945),5,VYBORG BAY - 5 MAR 1940,TACTICAL,650,BATTLE OF BIALYSTOK-MINSK - 27 JUN 1941,6,"TACTICAL VICTORY

You have achieved some objectives comrade, after all, the operation was not a complete failure."
Red Army Campaign (1936-1945),5,VYBORG BAY - 5 MAR 1940,LOSE,0,CAMPAIGN END / DEFEAT,255,"DEFEAT

No, nothing Comrade Marshal, we lost all communications after that last counterattack. They are all dead or prisoners!

CAMPAIGN LOST!"
Red Army Campaign (1936-1945),6,BATTLE OF BIALYSTOK-MINSK - 27 JUN 1941,BRILIANT,1200,YELNYA OFFENSIVE - 2 SEP 1941,7,"BRILLIANT VICTORY

You have achieved all objectives comrade, the operation was a complete success. Great work!"
Red Army Campaign (1936-1945),6,BATTLE OF BIALYSTOK-MINSK - 27 JUN 1941,VICTORY,1100,YELNYA OFFENSIVE - 2 SEP 1941,7,"VICTORY

You have achieved most objectives comrade, the operation was a success. Good work!"
Red Army Campaign (1936-1945),6,BATTLE OF BIALYSTOK-MINSK - 27 JUN 1941,TACTICAL,1100,YELNYA OFFENSIVE - 2 SEP 1941,7,"TACTICAL VICTORY

You have achieved some objectives comrade, after all, the operation was not a complete failure."
Red Army Campaign (1936-1945),6,BATTLE OF BIALYSTOK-MINSK - 27 JUN 1941,LOSE,1100,YELNYA OFFENSIVE - 2 SEP 1941,7,"DEFEAT

You could not achieve our goals comrade, the operation was a failure! I hope for you, your next duty will be more successful. The party's patience is not endless!"
Red Army Campaign (1936-1945),7,YELNYA OFFENSIVE - 2 SEP 1941,BRILIANT,900,BATTLE OF MOSCOW - 9 DEC 1941,8,"BRILLIANT VICTORY

You have achieved all objectives comrade, the operation was a complete success. Great work!"
Red Army Campaign (1936-1945),7,YELNYA OFFENSIVE - 2 SEP 1941,VICTORY,850,BATTLE OF MOSCOW - 9 DEC 1941,8,"VICTORY

You have achieved most objectives comrade, the operation was a success. Good work!"
Red Army Campaign (1936-1945),7,YELNYA OFFENSIVE - 2 SEP 1941,TACTICAL,850,BATTLE OF MOSCOW - 9 DEC 1941,8,"TACTICAL VICTORY

You have achieved some objectives comrade, after all, the operation was not a complete failure."
Red Army Campaign (1936-1945),7,YELNYA OFFENSIVE - 2 SEP 1941,LOSE,850,BATTLE OF MOSCOW - 9 DEC 1941,8,"DEFEAT

You could not achieve our goals comrade, the operation was a failure! I hope for you, your next duty will be more successful. The party's patience is not endless!"
Red Army Campaign (1936-1945),8,BATTLE OF MOSCOW - 9 DEC 1941,BRILIANT,1200,SECOND BATTLE OF KHARKOV - 12 MAY 1942,9,"BRILLIANT VICTORY

You have achieved all objectives comrade, the operation was a complete success. Great work!"
Red Army Campaign (1936-1945),8,BATTLE OF MOSCOW - 9 DEC 1941,VICTORY,1100,SECOND BATTLE OF KHARKOV - 12 MAY 1942,9,"VICTORY

You have achieved most objectives comrade, the operation was a success. Good work!"
Red Army Campaign (1936-1945),8,BATTLE OF MOSCOW - 9 DEC 1941,TACTICAL,1100,SECOND BATTLE OF KHARKOV - 12 MAY 1942,9,"TACTICAL VICTORY

You have achieved some objectives comrade, after all, the operation was not a complete failure."
Red Army Campaign (1936-1945),8,BATTLE OF MOSCOW - 9 DEC 1941,LOSE,0,CAMPAIGN END / DEFEAT,255,"DEFEAT

No, nothing Comrade Marshal, we lost all communications after that last counterattack. They are all dead or prisoners!

CAMPAIGN LOST!"
Red Army Campaign (1936-1945),9,SECOND BATTLE OF KHARKOV - 12 MAY 1942,BRILIANT,1500,BATTLE OF VORONEZH - 28 JUN 1942,10,"BRILLIANT VICTORY

You have achieved all objectives comrade, the operation was a complete success. Great work!"
Red Army Campaign (1936-1945),9,SECOND BATTLE OF KHARKOV - 12 MAY 1942,VICTORY,1400,BATTLE OF VORONEZH - 28 JUN 1942,10,"VICTORY

You have achieved most objectives comrade, the operation was a success. Good work!"
Red Army Campaign (1936-1945),9,SECOND BATTLE OF KHARKOV - 12 MAY 1942,TACTICAL,1400,BATTLE OF VORONEZH - 28 JUN 1942,10,"TACTICAL VICTORY

You have achieved some objectives comrade, after all, the operation was not a complete failure."
Red Army Campaign (1936-1945),9,SECOND BATTLE OF KHARKOV - 12 MAY 1942,LOSE,1400,BATTLE OF VORONEZH - 28 JUN 1942,10,"DEFEAT

You could not achieve our goals comrade, the operation was a failure! I hope for you, your next duty will be more successful. The party's patience is not endless!"
Red Army Campaign (1936-1945),10,BATTLE OF VORONEZH - 28 JUN 1942,BRILIANT,1300,TATSINSKAYA RAID - 22 DEC 1942,11,"BRILLIANT VICTORY

You have achieved all objectives comrade, the operation was a complete success. Great work!"
Red Army Campaign (1936-1945),10,BATTLE OF VORONEZH - 28 JUN 1942,VICTORY,1200,TATSINSKAYA RAID - 22 DEC 1942,11,"VICTORY

You have achieved most objectives comrade, the operation was a success. Good work!"
Red Army Campaign (1936-1945),10,BATTLE OF VORONEZH - 28 JUN 1942,TACTICAL,1200,TATSINSKAYA RAID - 22 DEC 1942,11,"TACTICAL VICTORY

You have achieved some objectives comrade, after all, the operation was not a complete failure."
Red Army Campaign (1936-1945),10,BATTLE OF VORONEZH - 28 JUN 1942,LOSE,1200,TATSINSKAYA RAID - 22 DEC 1942,11,"DEFEAT

You could not achieve our goals comrade, the operation was a failure! I hope for you, your next duty will be more successful. The party's patience is not endless!"
Red Army Campaign (1936-1945),11,TATSINSKAYA RAID - 22 DEC 1942,BRILIANT,650,THIRD BATTLE OF KHARKOV - 7 MAR 1943,12,"BRILLIANT VICTORY

You have achieved all objectives comrade, the operation was a complete success. Great work!"
Red Army Campaign (1936-1945),11,TATSINSKAYA RAID - 22 DEC 1942,VICTORY,600,THIRD BATTLE OF KHARKOV - 7 MAR 1943,12,"VICTORY

You have achieved most objectives comrade, the operation was a success. Good work!"
Red Army Campaign (1936-1945),11,TATSINSKAYA RAID - 22 DEC 1942,TACTICAL,600,THIRD BATTLE OF KHARKOV - 7 MAR 1943,12,"TACTICAL VICTORY

You have achieved some objectives comrade, after all, the operation was not a complete failure."
Red Army Campaign (1936-1945),11,TATSINSKAYA RAID - 22 DEC 1942,LOSE,0,CAMPAIGN END / DEFEAT,255,"DEFEAT

No, nothing Comrade Marshal, we lost all communications after that last counterattack. They are all dead or prisoners!

CAMPAIGN LOST!"
Red Army Campaign (1936-1945),12,THIRD BATTLE OF KHARKOV - 7 MAR 1943,BRILIANT,2400,BATTLE OF KURSK - 11 JUL 1943,13,"BRILLIANT VICTORY

You have achieved all objectives comrade, the operation was a complete success. Great work!"
Red Army Campaign (1936-1945),12,THIRD BATTLE OF KHARKOV - 7 MAR 1943,VICTORY,2200,BATTLE OF KURSK - 11 JUL 1943,13,"VICTORY

You have achieved most objectives comrade, the operation was a success. Good work!"
Red Army Campaign (1936-1945),12,THIRD BATTLE OF KHARKOV - 7 MAR 1943,TACTICAL,2200,BATTLE OF KURSK - 11 JUL 1943,13,"TACTICAL VICTORY

You have achieved some objectives comrade, after all, the operation was not a complete failure."
Red Army Campaign (1936-1945),12,THIRD BATTLE OF KHARKOV - 7 MAR 1943,LOSE,2200,BATTLE OF KURSK - 11 JUL 1943,13,"DEFEAT

You could not achieve our goals comrade, the operation was a failure! I hope for you, your next duty will be more successful. The party's patience is not endless!"
Red Army Campaign (1936-1945),13,BATTLE OF KURSK - 11 JUL 1943,BRILIANT,2000,ZHITOMIR-BERDICHEV OFFENSIVE - 27 DEC 1943,14,"BRILLIANT VICTORY

You have achieved all objectives comrade, the operation was a complete success. Great work!"
Red Army Campaign (1936-1945),13,BATTLE OF KURSK - 11 JUL 1943,VICTORY,1900,ZHITOMIR-BERDICHEV OFFENSIVE - 27 DEC 1943,14,"VICTORY

You have achieved most objectives comrade, the operation was a success. Good work!"
Red Army Campaign (1936-1945),13,BATTLE OF KURSK - 11 JUL 1943,TACTICAL,1900,ZHITOMIR-BERDICHEV OFFENSIVE - 27 DEC 1943,14,"TACTICAL VICTORY

You have achieved some objectives comrade, after all, the operation was not a complete failure."
Red Army Campaign (1936-1945),13,BATTLE OF KURSK - 11 JUL 1943,LOSE,0,CAMPAIGN END / DEFEAT,255,"DEFEAT

No, nothing Comrade Marshal, we lost all communications after that last counterattack. They are all dead or prisoners!

CAMPAIGN LOST!"
Red Army Campaign (1936-1945),14,ZHITOMIR-BERDICHEV OFFENSIVE - 27 DEC 1943,BRILIANT,1900,CRIMEAN OFFENSIVE - 7 MAY 1944,15,"BRILLIANT VICTORY

You have achieved all objectives comrade, the operation was a complete success. Great work!"
Red Army Campaign (1936-1945),14,ZHITOMIR-BERDICHEV OFFENSIVE - 27 DEC 1943,VICTORY,1800,CRIMEAN OFFENSIVE - 7 MAY 1944,15,"VICTORY

You have achieved most objectives comrade, the operation was a success. Good work!"
Red Army Campaign (1936-1945),14,ZHITOMIR-BERDICHEV OFFENSIVE - 27 DEC 1943,TACTICAL,1800,CRIMEAN OFFENSIVE - 7 MAY 1944,15,"TACTICAL VICTORY

You have achieved some objectives comrade, after all, the operation was not a complete failure."
Red Army Campaign (1936-1945),14,ZHITOMIR-BERDICHEV OFFENSIVE - 27 DEC 1943,LOSE,0,CAMPAIGN END / DEFEAT,255,"DEFEAT

No, nothing Comrade Marshal, we lost all communications after that last counterattack. They are all dead or prisoners!

CAMPAIGN LOST!"
Red Army Campaign (1936-1945),15,CRIMEAN OFFENSIVE - 7 MAY 1944,BRILIANT,1700,JASSY-KISHINEV OFFENSIVE - 20 AUG 1944,16,"BRILLIANT VICTORY

You have achieved all objectives comrade, the operation was a complete success. Great work!"
Red Army Campaign (1936-1945),15,CRIMEAN OFFENSIVE - 7 MAY 1944,VICTORY,1600,JASSY-KISHINEV OFFENSIVE - 20 AUG 1944,16,"VICTORY

You have achieved most objectives comrade, the operation was a success. Good work!"
Red Army Campaign (1936-1945),15,CRIMEAN OFFENSIVE - 7 MAY 1944,TACTICAL,1600,JASSY-KISHINEV OFFENSIVE - 20 AUG 1944,16,"TACTICAL VICTORY

You have achieved some objectives comrade, after all, the operation was not a complete failure."
Red Army Campaign (1936-1945),15,CRIMEAN OFFENSIVE - 7 MAY 1944,LOSE,1600,JASSY-KISHINEV OFFENSIVE - 20 AUG 1944,16,"DEFEAT

You could not achieve our goals comrade, the operation was a failure! I hope for you, your next duty will be more successful. The party's patience is not endless!"
Red Army Campaign (1936-1945),16,JASSY-KISHINEV OFFENSIVE - 20 AUG 1944,BRILIANT,1900,BELGRADE OFFENSIVE - 12 OCT 1944,17,"BRILLIANT VICTORY

You have achieved all objectives comrade, the operation was a complete success. Great work!"
Red Army Campaign (1936-1945),16,JASSY-KISHINEV OFFENSIVE - 20 AUG 1944,VICTORY,1800,BELGRADE OFFENSIVE - 12 OCT 1944,17,"VICTORY

You have achieved most objectives comrade, the operation was a success. Good work!"
Red Army Campaign (1936-1945),16,JASSY-KISHINEV OFFENSIVE - 20 AUG 1944,TACTICAL,1800,BELGRADE OFFENSIVE - 12 OCT 1944,17,"TACTICAL VICTORY

You have achieved some objectives comrade, after all, the operation was not a complete failure."
Red Army Campaign (1936-1945),16,JASSY-KISHINEV OFFENSIVE - 20 AUG 1944,LOSE,0,CAMPAIGN END / DEFEAT,255,"DEFEAT

No, nothing Comrade Marshal, we lost all communications after that last counterattack. They are all dead or prisoners!

CAMPAIGN LOST!"
Red Army Campaign (1936-1945),17,BELGRADE OFFENSIVE - 12 OCT 1944,BRILIANT,1800,LAKE BALATON COUNTERATTACK - 16 MAR 1945,18,"BRILLIANT VICTORY

You have achieved all objectives comrade, the operation was a complete success. Great work!"
Red Army Campaign (1936-1945),17,BELGRADE OFFENSIVE - 12 OCT 1944,VICTORY,1700,LAKE BALATON COUNTERATTACK - 16 MAR 1945,18,"VICTORY

You have achieved most objectives comrade, the operation was a success. Good work!"
Red Army Campaign (1936-1945),17,BELGRADE OFFENSIVE - 12 OCT 1944,TACTICAL,1700,LAKE BALATON COUNTERATTACK - 16 MAR 1945,18,"TACTICAL VICTORY

You have achieved some objectives comrade, after all, the operation was not a complete failure."
Red Army Campaign (1936-1945),17,BELGRADE OFFENSIVE - 12 OCT 1944,LOSE,0,CAMPAIGN END / DEFEAT,255,"DEFEAT

No, nothing Comrade Marshal, we lost all communications after that last counterattack. They are all dead or prisoners!

CAMPAIGN LOST!"
Red Army Campaign (1936-1945),18,LAKE BALATON COUNTERATTACK - 16 MAR 1945,BRILIANT,1600,ROAD TO VIENNA - 3 APR 1945,19,"BRILLIANT VICTORY

You have achieved all objectives comrade, the operation was a complete success. Great work!"
Red Army Campaign (1936-1945),18,LAKE BALATON COUNTERATTACK - 16 MAR 1945,VICTORY,1500,ROAD TO VIENNA - 3 APR 1945,19,"VICTORY

You have achieved most objectives comrade, the operation was a success. Good work!"
Red Army Campaign (1936-1945),18,LAKE BALATON COUNTERATTACK - 16 MAR 1945,TACTICAL,1500,ROAD TO VIENNA - 3 APR 1945,19,"TACTICAL VICTORY

You have achieved some objectives comrade, after all, the operation was not a complete failure."
Red Army Campaign (1936-1945),18,LAKE BALATON COUNTERATTACK - 16 MAR 1945,LOSE,0,CAMPAIGN END / DEFEAT,255,"DEFEAT

No, nothing Comrade Marshal, we lost all communications after that last counterattack. They are all dead or prisoners!

CAMPAIGN LOST!"
Red Army Campaign (1936-1945),19,ROAD TO VIENNA - 3 APR 1945,BRILIANT,1300,MANCHURIAN OFFENSIVE - 9 AUG 1945,20,"BRILLIANT VICTORY

You have achieved all objectives comrade, the operation was a complete success. Great work!"
Red Army Campaign (1936-1945),19,ROAD TO VIENNA - 3 APR 1945,VICTORY,1200,MANCHURIAN OFFENSIVE - 9 AUG 1945,20,"VICTORY

You have achieved most objectives comrade, the operation was a success. Good work!"
Red Army Campaign (1936-1945),19,ROAD TO VIENNA - 3 APR 1945,TACTICAL,1200,MANCHURIAN OFFENSIVE - 9 AUG 1945,20,"TACTICAL VICTORY

You have achieved some objectives comrade, after all, the operation was not a complete failure."
Red Army Campaign (1936-1945),19,ROAD TO VIENNA - 3 APR 1945,LOSE,1200,MANCHURIAN OFFENSIVE - 9 AUG 1945,20,"DEFEAT

You could not achieve our goals comrade, the operation was a failure! I hope for you, your next duty will be more successful. The party's patience is not endless!"
Red Army Campaign (1936-1945),20,MANCHURIAN OFFENSIVE - 9 AUG 1945,BRILIANT,0,Unknown (ID 254),254,"BRILLIANT VICTORY

You have achieved all objectives comrade, the operation was a complete success. Great work!

CAMPAIGN WON!

Congratulations, you have successfully completed the campaign!"
Red Army Campaign (1936-1945),20,MANCHURIAN OFFENSIVE - 9 AUG 1945,VICTORY,0,Unknown (ID 254),254,"VICTORY

You have achieved most objectives comrade, the operation was a success. Good work!

CAMPAIGN WON!

Congratulations, you have successfully completed the campaign!"
Red Army Campaign (1936-1945),20,MANCHURIAN OFFENSIVE - 9 AUG 1945,TACTICAL,0,Unknown (ID 254),254,"TACTICAL VICTORY

You have achieved some objectives comrade, after all, the operation was not a complete failure. 

CAMPAIGN WON!

Congratulations, you have successfully completed the campaign!"
Red Army Campaign (1936-1945),20,MANCHURIAN OFFENSIVE - 9 AUG 1945,LOSE,0,Unknown (ID 254),254,"DEFEAT

You could not achieve our goals comrade, the operation was a failure!

CAMPAIGN END!

Congratulations, you have successfully completed the campaign!"
Bolshevik Cavalry (1918-1920),0,VORONEZH (22 OCTOBER 1919),BRILIANT,900,ROSTOV (6 January 1920),1,"What a beautiful day, comrade!  The smell of capitalists fleeing from the people's army is in the air.  Voronezh is liberated but the enemy is not yet fully defeated.  Start the pursuit immediately!"
Bolshevik Cavalry (1918-1920),0,VORONEZH (22 OCTOBER 1919),VICTORY,1000,ROSTOV (6 January 1920),1,"What a beautiful day, comrade!  The smell of capitalists fleeing from the people's army is in the air.  Voronezh is liberated but the enemy is not yet fully defeated.  Start the pursuit immediately!"
Bolshevik Cavalry (1918-1920),0,VORONEZH (22 OCTOBER 1919),TACTICAL,1200,ROSTOV (6 January 1920),1,"What a beautiful day, comrade!  The smell of capitalists fleeing from the people's army is in the air.  Voronezh is liberated but the enemy is not yet fully defeated.  Start the pursuit immediately!"
Bolshevik Cavalry (1918-1920),0,VORONEZH (22 OCTOBER 1919),LOSE,0,CAMPAIGN END / DEFEAT,255,"LOSS

You have disgraced the People's Republic!  You are not worthy of commanding our comrades!  You will face a tribunal!"
Bolshevik Cavalry (1918-1920),1,ROSTOV (6 January 1920),BRILIANT,100,BATTLE OF VOLODARKA (29 May 1920),2,"Yes, comrade.  This is an impressive piece of mobile warfare!  You were even faster in Rostov than some of the capitalist's troops!  Roam the countryside and liberate the towns and villages of the provinces from the capitalists and monarchists.  They deserve to be free!  Hunt down every last traitor of the people!

AFTERMATH:
By the end of 1919 the White armies in Siberia, western Russia and the Ukraine had been contained and defeated by the victorious Red Army.  Although isolated troops and bands continued to roam around, the only organized resistance was put up by General Wrangel on the Crimea.  However, with peace so close by for the Bolshevik government, the tide seemed to turn again and not for the better..."
Bolshevik Cavalry (1918-1920),1,ROSTOV (6 January 1920),VICTORY,100,BATTLE OF VOLODARKA (29 May 1920),2,"Yes, comrade.  This is an impressive piece of mobile warfare!  You were even faster in Rostov than some of the capitalist's troops!  Roam the countryside and liberate the towns and villages of the provinces from the capitalists and monarchists.  They deserve to be free!  Hunt down every last traitor of the people!

AFTERMATH:
By the end of 1919 the White armies in Siberia, western Russia and the Ukraine had been contained and defeated by the victorious Red Army.  Although isolated troops and bands continued to roam around, the only organized resistance was put up by General Wrangel on the Crimea.  However, with peace so close by for the Bolshevik government, the tide seemed to turn again and not for the better..."
Bolshevik Cavalry (1918-1920),1,ROSTOV (6 January 1920),TACTICAL,150,BATTLE OF VOLODARKA (29 May 1920),2,"Yes, comrade.  This is an impressive piece of mobile warfare!  You were even faster in Rostov than some of the capitalist's troops!  Roam the countryside and liberate the towns and villages of the provinces from the capitalists and monarchists.  They deserve to be free!  Hunt down every last traitor of the people!

AFTERMATH:
By the end of 1919 the White armies in Siberia, western Russia and the Ukraine had been contained and defeated by the victorious Red Army.  Although isolated troops and bands continued to roam around, the only organized resistance was put up by General Wrangel on the Crimea.  However, with peace so close by for the Bolshevik government, the tide seemed to turn again and not for the better..."
Bolshevik Cavalry (1918-1920),1,ROSTOV (6 January 1920),LOSE,0,CAMPAIGN END / DEFEAT,255,"LOSS

You have disgraced the People's Republic!  You are not worthy of commanding our comrades!  You will face a tribunal!"
Bolshevik Cavalry (1918-1920),2,BATTLE OF VOLODARKA (29 May 1920),BRILIANT,100,KIEV COUNTEROFFENSIVE (9 June 1920),3,"Comrade, the operation near Volodarka has not been a success. The Polish troops had cowardly tactics and hid themselves in the villages where our horses have little effect! However the fighting with the Polish cavalry showed that the people's Cavalry Army is a superior army!

There is more bad news.  The reason why you lost contact with the Don Cossacks Brigade was not your fault, comrade.  It seems that they have switched sides and have joined the capitalist criminals that we are fighting!  I urge you to make clear to your men the fate of such traitors!"
Bolshevik Cavalry (1918-1920),2,BATTLE OF VOLODARKA (29 May 1920),VICTORY,100,KIEV COUNTEROFFENSIVE (9 June 1920),3,"Comrade, the operation near Volodarka has not been a success. The Polish troops had cowardly tactics and hid themselves in the villages where our horses have little effect! However the fighting with the Polish cavalry showed that the people's Cavalry Army is a superior army!

There is more bad news.  The reason why you lost contact with the Don Cossacks Brigade was not your fault, comrade.  It seems that they have switched sides and have joined the capitalist criminals that we are fighting!  I urge you to make clear to your men the fate of such traitors!"
Bolshevik Cavalry (1918-1920),2,BATTLE OF VOLODARKA (29 May 1920),TACTICAL,150,KIEV COUNTEROFFENSIVE (9 June 1920),3,"Comrade, the operation near Volodarka has not been a success. The Polish troops had cowardly tactics and hid themselves in the villages where our horses have little effect! However the fighting with the Polish cavalry showed that the people's Cavalry Army is a superior army!

There is more bad news.  The reason why you lost contact with the Don Cossacks Brigade was not your fault, comrade.  It seems that they have switched sides and have joined the capitalist criminals that we are fighting!  I urge you to make clear to your men the fate of such traitors!"
Bolshevik Cavalry (1918-1920),2,BATTLE OF VOLODARKA (29 May 1920),LOSE,0,CAMPAIGN END / DEFEAT,255,"LOSS

You have disgraced the people's republic! You are not worthly of commanding our comrades! You will face a tribunal!"
Bolshevik Cavalry (1918-1920),3,KIEV COUNTEROFFENSIVE (9 June 1920),BRILIANT,300,DELAY AT ROVNO (1 July 1920),4,"Comrade! Kiev is liberated!  Imagine the headline of tomorrow's newspaper!  ""The Ukrainian capital has been liberated!""   The people of the Ukraine are now free from the capitalists who have ruled them for the past few weeks.

Also, I assume you know what to do with the Ukrainian prisoners of war?  They are traitors of their own people.  They allied themselves with the very power that invaded their country and they deserve nothing but the final penalty."
Bolshevik Cavalry (1918-1920),3,KIEV COUNTEROFFENSIVE (9 June 1920),VICTORY,400,DELAY AT ROVNO (1 July 1920),4,"Comrade! Kiev is liberated!  Imagine the headline of tomorrow's newspaper!  ""The Ukrainian capital has been liberated!""   The people of the Ukraine are now free from the capitalists who have ruled them for the past few weeks.

Also, I assume you know what to do with the Ukrainian prisoners of war?  They are traitors of their own people.  They allied themselves with the very power that invaded their country and they deserve nothing but the final penalty."
Bolshevik Cavalry (1918-1920),3,KIEV COUNTEROFFENSIVE (9 June 1920),TACTICAL,500,DELAY AT ROVNO (1 July 1920),4,"Comrade! Kiev is liberated!  Imagine the headline of tomorrow's newspaper!  ""The Ukrainian capital has been liberated!""   The people of the Ukraine are now free from the capitalists who have ruled them for the past few weeks.

Also, I assume you know what to do with the Ukrainian prisoners of war?  They are traitors of their own people.  They allied themselves with the very power that invaded their country and they deserve nothing but the final penalty."
Bolshevik Cavalry (1918-1920),3,KIEV COUNTEROFFENSIVE (9 June 1920),LOSE,0,CAMPAIGN END / DEFEAT,255,"LOSS

You have disgraced the people's republic! You are not worthly of commanding our comrades! You will face a tribunal!"
Bolshevik Cavalry (1918-1920),4,DELAY AT ROVNO (1 July 1920),BRILIANT,200,BATTLE OF BRODY (29 July 1920),5,"Do not apologize, comrade.  Although you were held up near Rovno, the advance is still under way.  Not even the people's army can win every skirmish.  But the war, comrade, the war is still going on, and it is going in our favor!

I have received more good news.  Comrade Tukhachevsky has started a grand offensive in Belarus and is also moving west!  Capitalist Poland will suffer dearly for their attack on the people of Russia!"
Bolshevik Cavalry (1918-1920),4,DELAY AT ROVNO (1 July 1920),VICTORY,400,BATTLE OF BRODY (29 July 1920),5,"Do not apologize, comrade.  Although you were held up near Rovno, the advance is still under way.  Not even the people's army can win every skirmish.  But the war, comrade, the war is still going on, and it is going in our favor!

I have received more good news.  Comrade Tukhachevsky has started a grand offensive in Belarus and is also moving west!  Capitalist Poland will suffer dearly for their attack on the people of Russia!"
Bolshevik Cavalry (1918-1920),4,DELAY AT ROVNO (1 July 1920),TACTICAL,500,BATTLE OF BRODY (29 July 1920),5,"Do not apologize, comrade.  Although you were held up near Rovno, the advance is still under way.  Not even the people's army can win every skirmish.  But the war, comrade, the war is still going on, and it is going in our favor!

I have received more good news.  Comrade Tukhachevsky has started a grand offensive in Belarus and is also moving west!  Capitalist Poland will suffer dearly for their attack on the people of Russia!"
Bolshevik Cavalry (1918-1920),4,DELAY AT ROVNO (1 July 1920),LOSE,0,CAMPAIGN END / DEFEAT,255,"LOSS

You have disgraced the people's republic! You are not worthly of commanding our comrades! You will face a tribunal!"
Bolshevik Cavalry (1918-1920),5,BATTLE OF BRODY (29 July 1920),BRILIANT,250,BATTLE OF ZADWORZE (17 August 1920),6,"You have fended off disaster, comrade.  The Poles conducted a flanking attack on Brody while our eyes were pointed only on getting to Lwow.  You stabilized the situation!

On the other side, it was sarcastic that you had to encounter the treacherous Don Cossacks again that left our side at Volodarka.  If they had only known that the Revolution cannot be turned around.  We will make sure they know now.

Keep advancing towards Lwow.  It is not far now!"
Bolshevik Cavalry (1918-1920),5,BATTLE OF BRODY (29 July 1920),VICTORY,300,BATTLE OF ZADWORZE (17 August 1920),6,"You have fended off disaster, comrade.  The Poles conducted a flanking attack on Brody while our eyes were pointed only on getting to Lwow.  You stabilized the situation!

On the other side, it was sarcastic that you had to encounter the treacherous Don Cossacks again that left our side at Volodarka.  If they had only known that the Revolution cannot be turned around.  We will make sure they know now.

Keep advancing towards Lwow.  It is not far now!"
Bolshevik Cavalry (1918-1920),5,BATTLE OF BRODY (29 July 1920),TACTICAL,500,BATTLE OF ZADWORZE (17 August 1920),6,"You have fended off disaster, comrade.  The Poles conducted a flanking attack on Brody while our eyes were pointed only on getting to Lwow.  You stabilized the situation!

On the other side, it was sarcastic that you had to encounter the treacherous Don Cossacks again that left our side at Volodarka.  If they had only known that the Revolution cannot be turned around.  We will make sure they know now.

Keep advancing towards Lwow.  It is not far now!"
Bolshevik Cavalry (1918-1920),5,BATTLE OF BRODY (29 July 1920),LOSE,0,CAMPAIGN END / DEFEAT,255,"LOSS

You have disgraced the People's Republic!  You are not worthy of commanding our comrades!  You will face a tribunal!"
Bolshevik Cavalry (1918-1920),6,BATTLE OF ZADWORZE (17 August 1920),BRILIANT,0,LWOW (20 August 1920),7,"Well, if you like to see it that way.  The Poles were brave for defending that village to the bitter end but it turned into a Polish Thermopylae.  It only shows the superiority of the people's army!  The capitalists from London, Paris and Warsaw are sending their slaves to a certain death in order to stop us.  Yet they fail in stopping us!  They only slowed us down for a single day.  What is a single day in a war?  Go comrade, Lwow is ours!"
Bolshevik Cavalry (1918-1920),6,BATTLE OF ZADWORZE (17 August 1920),VICTORY,0,LWOW (20 August 1920),7,"Well, if you like to see it that way.  The Poles were brave for defending that village to the bitter end but it turned into a Polish Thermopylae.  It only shows the superiority of the people's army!  The capitalists from London, Paris and Warsaw are sending their slaves to a certain death in order to stop us.  Yet they fail in stopping us!  They only slowed us down for a single day.  What is a single day in a war?  Go comrade, Lwow is ours!"
Bolshevik Cavalry (1918-1920),6,BATTLE OF ZADWORZE (17 August 1920),TACTICAL,0,LWOW (20 August 1920),7,"Well, if you like to see it that way.  The Poles were brave for defending that village to the bitter end but it turned into a Polish Thermopylae.  It only shows the superiority of the people's army!  The capitalists from London, Paris and Warsaw are sending their slaves to a certain death in order to stop us.  Yet they fail in stopping us!  They only slowed us down for a single day.  What is a single day in a war?  Go comrade, Lwow is ours!"
Bolshevik Cavalry (1918-1920),6,BATTLE OF ZADWORZE (17 August 1920),LOSE,0,CAMPAIGN END / DEFEAT,255,"LOSS

You have disgraced the people's republic! You are not worthly of commanding our comrades! You will face a tribunal!"
Bolshevik Cavalry (1918-1920),7,LWOW (20 August 1920),BRILIANT,100,BATTLE OF KOMAROW (29 August 1920),8,"For three days blood was shed and both sides have suffered massive casualties.  Lwow is still in reactionary hands.  You have done well despite the results, comrade.  But reports I am getting show a very, very grave situation is on our hands..."
Bolshevik Cavalry (1918-1920),7,LWOW (20 August 1920),VICTORY,100,BATTLE OF KOMAROW (29 August 1920),8,"For three days blood was shed and both sides have suffered massive casualties.  Lwow is still in reactionary hands.  You have done well despite the results, comrade.  But reports I am getting show a very, very grave situation is on our hands..."
Bolshevik Cavalry (1918-1920),7,LWOW (20 August 1920),TACTICAL,100,BATTLE OF KOMAROW (29 August 1920),8,"For three days blood was shed and both sides have suffered massive casualties.  Lwow is still in reactionary hands.  You have done well despite the results, comrade.  But reports I am getting show a very, very grave situation is on our hands..."
Bolshevik Cavalry (1918-1920),7,LWOW (20 August 1920),LOSE,0,CAMPAIGN END / DEFEAT,255,"LOSS

You have disgraced the people's republic! You are not worthly of commanding our comrades! You will face a tribunal!"
Bolshevik Cavalry (1918-1920),8,BATTLE OF KOMAROW (29 August 1920),BRILIANT,0,RETREAT FROM ROVNO (18 September 1920),9,"Here, quickly, comrade!  A squadron of our loyal Cossacks have made a corridor through which we can escape!  Though not mauled, we have suffered a moral defeat from the Polish cavalry.  Worst of all, we have been denied access to the north and our entire front in Poland is rapidly collapsing...

NOTEWORTHY: Because of the numbers of forces involved, the Battle of Komarow is considered the greatest cavalry battle of the 20th century.  Also it was the last battle fought mostly by cavalry units, in which traditional cavalry tactics were used and sabers and lances played a vital role."
Bolshevik Cavalry (1918-1920),8,BATTLE OF KOMAROW (29 August 1920),VICTORY,0,RETREAT FROM ROVNO (18 September 1920),9,"Here, quickly, comrade!  A squadron of our loyal Cossacks have made a corridor through which we can escape!  Though not mauled, we have suffered a moral defeat from the Polish cavalry.  Worst of all, we have been denied access to the north and our entire front in Poland is rapidly collapsing...

NOTEWORTHY: Because of the numbers of forces involved, the Battle of Komarow is considered the greatest cavalry battle of the 20th century.  Also it was the last battle fought mostly by cavalry units, in which traditional cavalry tactics were used and sabers and lances played a vital role."
Bolshevik Cavalry (1918-1920),8,BATTLE OF KOMAROW (29 August 1920),TACTICAL,350,RETREAT FROM ROVNO (18 September 1920),9,"Here, quickly, comrade!  A squadron of our loyal Cossacks have made a corridor through which we can escape!  Though not mauled, we have suffered a moral defeat from the Polish cavalry.  Worst of all, we have been denied access to the north and our entire front in Poland is rapidly collapsing...

NOTEWORTHY: Because of the numbers of forces involved, the Battle of Komarow is considered the greatest cavalry battle of the 20th century.  Also it was the last battle fought mostly by cavalry units, in which traditional cavalry tactics were used and sabers and lances played a vital role."
Bolshevik Cavalry (1918-1920),8,BATTLE OF KOMAROW (29 August 1920),LOSE,0,CAMPAIGN END / DEFEAT,255,"LOSS

You have disgraced the people's republic! You are not worthly of commanding our comrades! You will face a tribunal!"
Bolshevik Cavalry (1918-1920),9,RETREAT FROM ROVNO (18 September 1920),BRILIANT,350,KAKHOVKA (20 October 1920),10,"Our armies are safe, comrade.  Thanks to your excellent rearguard duty slowing down the Polish army in the south long enough for us to retreat to better positions.  The front is stabilizing again locally.  Plus I have orders for our command to be pulled out of the frontline. That means rest and refitting for the first time in months!

---Some weeks later at the local HQ---

Good news, comrade!  The capitalists in Warsaw realize that further struggles with the People's Republic will inevitably will lead their defeat!  Though not all of our claims have been recognized in the cease fire, we now have peace at our western borders!  That means we finally have a border instead of a front!

Sadly that is not true for the southern border..."
Bolshevik Cavalry (1918-1920),9,RETREAT FROM ROVNO (18 September 1920),VICTORY,500,KAKHOVKA (20 October 1920),10,"Our armies are safe, comrade.  Thanks to your excellent rearguard duty slowing down the Polish army in the south long enough for us to retreat to better positions.  The front is stabilizing again locally.  Plus I have orders for our command to be pulled out of the frontline. That means rest and refitting for the first time in months!

---Some weeks later at the local HQ---

Good news, comrade!  The capitalists in Warsaw realize that further struggles with the People's Republic will inevitably will lead their defeat!  Though not all of our claims have been recognized in the cease fire, we now have peace at our western borders!  That means we finally have a border instead of a front!

Sadly that is not true for the southern border..."
Bolshevik Cavalry (1918-1920),9,RETREAT FROM ROVNO (18 September 1920),TACTICAL,800,KAKHOVKA (20 October 1920),10,"Our armies are safe, comrade.  Thanks to your excellent rearguard duty slowing down the Polish army in the south long enough for us to retreat to better positions.  The front is stabilizing again locally.  Plus I have orders for our command to be pulled out of the frontline. That means rest and refitting for the first time in months!

---Some weeks later at the local HQ---

Good news, comrade!  The capitalists in Warsaw realize that further struggles with the People's Republic will inevitably will lead their defeat!  Though not all of our claims have been recognized in the cease fire, we now have peace at our western borders!  That means we finally have a border instead of a front!

Sadly that is not true for the southern border..."
Bolshevik Cavalry (1918-1920),9,RETREAT FROM ROVNO (18 September 1920),LOSE,0,CAMPAIGN END / DEFEAT,255,"LOSS

You have disgraced the People's Republic! You are not worthly of commanding our comrades! You will face a tribunal!"
Bolshevik Cavalry (1918-1920),10,KAKHOVKA (20 October 1920),BRILIANT,0,PEREKOP (28 October 1920),11,"Comrade, what can I say!  Moscow expected a long campaign against Wrangel. However your horses have proven them wrong!  The enemy is shattered.  Our people's armies are closing in on them.  Now quickly!  To the Perekop isthmus!!!"
Bolshevik Cavalry (1918-1920),10,KAKHOVKA (20 October 1920),VICTORY,0,PEREKOP (28 October 1920),11,"Comrade, what can I say!  Moscow expected a long campaign against Wrangel. However your horses have proven them wrong!  The enemy is shattered.  Our people's armies are closing in on them.  Now quickly!  To the Perekop isthmus!!!"
Bolshevik Cavalry (1918-1920),10,KAKHOVKA (20 October 1920),TACTICAL,0,PEREKOP (28 October 1920),11,"Comrade, what can I say!  Moscow expected a long campaign against Wrangel. However your horses have proven them wrong!  The enemy is shattered.  Our people's armies are closing in on them.  Now quickly!  To the Perekop isthmus!!!"
Bolshevik Cavalry (1918-1920),10,KAKHOVKA (20 October 1920),LOSE,0,CAMPAIGN END / DEFEAT,255,"LOSS

You have disgraced the People's Republic! You are not worthly of commanding our comrades! You will face a tribunal!"
Bolshevik Cavalry (1918-1920),11,PEREKOP (28 October 1920),BRILIANT,0,SEVASTOPOL (11 November 1920),12,We must not stop now!  We have forced our way over the Perekop isthmus.  Not only is Moscow happy with your results but also the glorious people's army.  Now Wrangel is not in the position to cause more bloodshed.  Blood of the Russian proletariat!  Go forward and hunt down the enemy criminals!
Bolshevik Cavalry (1918-1920),11,PEREKOP (28 October 1920),VICTORY,0,SEVASTOPOL (11 November 1920),12,We must not stop now!  We have forced our way over the Perekop isthmus.  Not only is Moscow happy with your results but also the glorious people's army.  Now Wrangel is not in the position to cause more bloodshed.  Blood of the Russian proletariat!  Go forward and hunt down the enemy criminals!
Bolshevik Cavalry (1918-1920),11,PEREKOP (28 October 1920),TACTICAL,0,SEVASTOPOL (11 November 1920),12,We must not stop now!  We have forced our way over the Perekop isthmus.  Not only is Moscow happy with your results but also the glorious people's army.  Now Wrangel is not in the position to cause more bloodshed.  Blood of the Russian proletariat!  Go forward and hunt down the enemy criminals!
Bolshevik Cavalry (1918-1920),11,PEREKOP (28 October 1920),LOSE,0,CAMPAIGN END / DEFEAT,255,"LOSS

You have disgraced the People's Republic! You are not worthly of commanding our comrades! You will face a tribunal!"
Bolshevik Cavalry (1918-1920),12,SEVASTOPOL (11 November 1920),BRILIANT,0,Unknown (ID 254),254,"Comrade, this is one of the finest bottles of vodka!  Something that Wrangel wanted to take with him in his escape.  Though Wrangel has escaped, something historical has happened, comrade.  The Revolution of the proletariat in Russia has succeeded!  For the first time in history, the socialists of the people will rule themselves!  No more tyranny, no more social classes!  We will all be equal!  A dream has come alive, comrade!"
Bolshevik Cavalry (1918-1920),12,SEVASTOPOL (11 November 1920),VICTORY,0,Unknown (ID 254),254,"Comrade, this is one of the finest bottles of vodka!  Something that Wrangel wanted to take with him in his escape.  Though Wrangel has escaped, something historical has happened, comrade.  The Revolution of the proletariat in Russia has succeeded!  For the first time in history, the socialists of the people will rule themselves!  No more tyranny, no more social classes!  We will all be equal!  A dream has come alive, comrade!"
Bolshevik Cavalry (1918-1920),12,SEVASTOPOL (11 November 1920),TACTICAL,0,Unknown (ID 254),254,"Comrade, this is one of the finest bottles of vodka!  Something that Wrangel wanted to take with him in his escape.  Though Wrangel has escaped, something historical has happened, comrade.  The Revolution of the proletariat in Russia has succeeded!  For the first time in history, the socialists of the people will rule themselves!  No more tyranny, no more social classes!  We will all be equal!  A dream has come alive, comrade!"
Bolshevik Cavalry (1918-1920),12,SEVASTOPOL (11 November 1920),LOSE,0,CAMPAIGN END / DEFEAT,255,"LOSS

You have disgraced the People's Republic! You are not worthly of commanding our comrades! You will face a tribunal!"
"Forward, Comrade! (1939-1945)",0,Battle at the Chalchin Gol,BRILIANT,400,Battle of Suomussalmi,1,"Well done. After your superior win, Japan have sued for peace."
"Forward, Comrade! (1939-1945)",0,Battle at the Chalchin Gol,VICTORY,300,Battle of Suomussalmi,1,"Well done. After your superior win, Japan have sued for peace."
"Forward, Comrade! (1939-1945)",0,Battle at the Chalchin Gol,TACTICAL,200,Battle of Suomussalmi,1,"Well done. After your superior win, Japan have sued for peace."
"Forward, Comrade! (1939-1945)",0,Battle at the Chalchin Gol,LOSE,0,CAMPAIGN END / DEFEAT,255,Are you fuckinmg serious? You failed at this easy task? You will be dishonorable discharged.
"Forward, Comrade! (1939-1945)",1,Battle of Suomussalmi,BRILIANT,3600,Pocket of Minsk:,2,"Very good. After your victory, it seems that the finish government has to accept a peace dictate."
"Forward, Comrade! (1939-1945)",1,Battle of Suomussalmi,VICTORY,1800,Pocket of Minsk:,2,"Very good. After your victory, it seems that the finish government has to accept a peace dictate."
"Forward, Comrade! (1939-1945)",1,Battle of Suomussalmi,TACTICAL,1000,Pocket of Minsk:,2,"Very good. After your victory, it seems that the finish government has to accept a peace dictate."
"Forward, Comrade! (1939-1945)",1,Battle of Suomussalmi,LOSE,0,CAMPAIGN END / DEFEAT,255,"Well, our attack was maybe to optimistic. Otherwise, the finish troops were not superior. Therefore we have decided, that you are not needed anymore."
"Forward, Comrade! (1939-1945)",2,Pocket of Minsk:,BRILIANT,1300,Defense of Kishinev,3,"Well done, we hold Minsk long enough to take new positions."
"Forward, Comrade! (1939-1945)",2,Pocket of Minsk:,VICTORY,1000,Defense of Kishinev,3,Good job. You hold nearly everything.
"Forward, Comrade! (1939-1945)",2,Pocket of Minsk:,TACTICAL,500,Defense of Kishinev,3,That was nearly an desaster. But you hold Minsk and Borissow long time.
"Forward, Comrade! (1939-1945)",2,Pocket of Minsk:,LOSE,0,Defense of Kishinev,3,"That was an awful performance. But unfortunally we do not have the replacement for you. So, you will have another chance to show your skill."
"Forward, Comrade! (1939-1945)",3,Defense of Kishinev,BRILIANT,500,Battle of Odessa:,4,Good job. The attack of the axis crashed on your lines. Now we have enough time to prepare Kiew for the defense.
"Forward, Comrade! (1939-1945)",3,Defense of Kishinev,VICTORY,250,Battle of Odessa:,4,Good job. You could nearly hold your line.
"Forward, Comrade! (1939-1945)",3,Defense of Kishinev,TACTICAL,100,Battle of Odessa:,4,This was not good. You could only hold one target. Next time you should deal your job better.
"Forward, Comrade! (1939-1945)",3,Defense of Kishinev,LOSE,0,Battle of Odessa:,4,"Unfortunally you could not deliver. Therefore, comrade Stalin have decided that your troops will not reciieve any reinforcements at the moment."
"Forward, Comrade! (1939-1945)",4,Battle of Odessa:,BRILIANT,500,Pocket of Kiev,5,Nice job! The Rumanians have gotten a bloody nose. Unfortunally your troops are trapped. We will evacuate your troops with ships.
"Forward, Comrade! (1939-1945)",4,Battle of Odessa:,VICTORY,300,Pocket of Kiev,5,Nice job! The Rumanians have gotten a bloody nose. Unfortunally your troops are trapped. We will evacuate your troops with ships.
"Forward, Comrade! (1939-1945)",4,Battle of Odessa:,TACTICAL,100,Pocket of Kiev,5,Nice job! The Rumanians have gotten a bloody nose. Unfortunally your troops are trapped. We will evacuate your troops with ships.
"Forward, Comrade! (1939-1945)",4,Battle of Odessa:,LOSE,150,CAMPAIGN END / DEFEAT,255,"Odessa ist lost. The only good thing is, that a traitor like you is fallen into the faschist clutches. I am sure they will arrive you every moment and thank you for your good work."
"Forward, Comrade! (1939-1945)",5,Pocket of Kiev,BRILIANT,2500,Pocket of Brjansk,6,That was what we have expected from you. You could hold Kiev and the surrounding region.
"Forward, Comrade! (1939-1945)",5,Pocket of Kiev,VICTORY,1300,Pocket of Brjansk,6,Good job. You could held most of the region of Kiev.
"Forward, Comrade! (1939-1945)",5,Pocket of Kiev,TACTICAL,1000,Pocket of Brjansk,6,Your performance was only a partitial success. Next time you should accomplish your mission in a better way.
"Forward, Comrade! (1939-1945)",5,Pocket of Kiev,LOSE,0,Pocket of Brjansk,6,This was a nefirious performance. Your punishment will be no reinforcemnts in the near future.
"Forward, Comrade! (1939-1945)",6,Pocket of Brjansk,BRILIANT,1000,Tula Counterattack,7,This was a premium performance. The advance of the German troops is stopped.
"Forward, Comrade! (1939-1945)",6,Pocket of Brjansk,VICTORY,500,Tula Counterattack,7,Well done. You could hold most of your targets.
"Forward, Comrade! (1939-1945)",6,Pocket of Brjansk,TACTICAL,300,Tula Counterattack,7,Unfortunally most of the Brjansk region was occupied by the Germans. This was not a good performance.
"Forward, Comrade! (1939-1945)",6,Pocket of Brjansk,LOSE,0,Tula Counterattack,7,The Brjansker region is lost too early. You will get another chance but you have to deliever in the future.
"Forward, Comrade! (1939-1945)",7,Tula Counterattack,BRILIANT,2000,Closing the pocket,8,This brilliant victory will ever be in the haerts of our soviet population. Due to your brave soldiers we could push forward in the south of Moskau and recapture a lot of land. If we could succeed a breakthrough in the north there will be a chance to encircle the whole Heeresgruppe Mitte in a big pocket.
"Forward, Comrade! (1939-1945)",7,Tula Counterattack,VICTORY,200,Destroying the Demyansk Pocket,10,"Gut gemacht. Wir konnten auf breiter Front vorstossen. Allerdings haben sich die Deutschen inzwischen verstärkt. An ein weiteres Vordringen ist erstmal nicht mehr zu denken.
Good job. We could attack along a wide front. However, the Germans brought up reinforcements. So, a further attack is impossible in the moment."
"Forward, Comrade! (1939-1945)",7,Tula Counterattack,TACTICAL,300,Urban Warfare in Moscow,9,"You have won the battle, but the Germans are able to win the war. While you were fighting, German troops have passed Tula and are heading towards Moskau now. We will need your help for the defense of Moskau."
"Forward, Comrade! (1939-1945)",7,Tula Counterattack,LOSE,0,Urban Warfare in Moscow,9,"You have lost the battle, but the Germans are able to win the war. While you were fighting, German troops have passed Tula and are heading towards Moskau now. We will need your help for the defense of Moskau."
"Forward, Comrade! (1939-1945)",8,Closing the pocket,BRILIANT,0,Unknown (ID 254),254,It was definirly right to honor you with the soviet medal. The German divisions in the pocket have surrendered after fighting a few days. The war is over! Hitler has withdrawed the last German armys.
"Forward, Comrade! (1939-1945)",8,Closing the pocket,VICTORY,0,Unknown (ID 254),254,
"Forward, Comrade! (1939-1945)",8,Closing the pocket,TACTICAL,0,Unknown (ID 254),254,
"Forward, Comrade! (1939-1945)",8,Closing the pocket,LOSE,0,Destroying the Demyansk Pocket,10,"Our plan was too optimistic. Fortunally your troops could escape the pocket. Muster up your troops, because comrade Stalin has refused steadfastly to give you further reinforcements."
"Forward, Comrade! (1939-1945)",9,Urban Warfare in Moscow,BRILIANT,200,Destroying the Demyansk Pocket,10,"The German invaders were crushed by your troops. Due to your success, we could push back the Germans by performing many counterattacks. Keep ready for further instructions."
"Forward, Comrade! (1939-1945)",9,Urban Warfare in Moscow,VICTORY,150,Destroying the Demyansk Pocket,10,
"Forward, Comrade! (1939-1945)",9,Urban Warfare in Moscow,TACTICAL,100,Destroying the Demyansk Pocket,10,
"Forward, Comrade! (1939-1945)",9,Urban Warfare in Moscow,LOSE,0,CAMPAIGN END / DEFEAT,255,
"Forward, Comrade! (1939-1945)",10,Destroying the Demyansk Pocket,BRILIANT,2000,Defense of Voronezh,11,"Very good, the troops in the pocket was exterminated before the Kampfgruppe Seydlitz could save them."
"Forward, Comrade! (1939-1945)",10,Destroying the Demyansk Pocket,VICTORY,1000,Defense of Voronezh,11,"Very good, the troops in the pocket was exterminated before the Kampfgruppe Seydlitz could save them."
"Forward, Comrade! (1939-1945)",10,Destroying the Demyansk Pocket,TACTICAL,500,Defense of Voronezh,11,"Very good, the troops in the pocket was exterminated before the Kampfgruppe Seydlitz could save them."
"Forward, Comrade! (1939-1945)",10,Destroying the Demyansk Pocket,LOSE,150,CAMPAIGN END / DEFEAT,255,"Herr General, this was a dilettante performance. Dismiss!"
"Forward, Comrade! (1939-1945)",11,Defense of Voronezh,BRILIANT,200,Rzhew Meat Grinder,12,Very good. The great German offensive was stopped before it really could begin.
"Forward, Comrade! (1939-1945)",11,Defense of Voronezh,VICTORY,100,Rzhew Meat Grinder,12,Your performance was ok. You cold hold most of your targets.
"Forward, Comrade! (1939-1945)",11,Defense of Voronezh,TACTICAL,50,Rzhew Meat Grinder,12,This was a bumbling performance. We had good chances to stop the Germans some miles before Woronesch but you have not used them.
"Forward, Comrade! (1939-1945)",11,Defense of Voronezh,LOSE,0,Rzhew Meat Grinder,12,This was awful. We have decided that you will get no reinforcements for the moment.
"Forward, Comrade! (1939-1945)",12,Rzhew Meat Grinder,BRILIANT,200,Operation Uranus,13,"Very good, the Germans have suffered heavy losses. Now there is no danger for Moscow anyway. Also we have bind troops that the Germans could have needed for their offensive in the south."
"Forward, Comrade! (1939-1945)",12,Rzhew Meat Grinder,VICTORY,100,Operation Uranus,13,
"Forward, Comrade! (1939-1945)",12,Rzhew Meat Grinder,TACTICAL,50,Operation Uranus,13,
"Forward, Comrade! (1939-1945)",12,Rzhew Meat Grinder,LOSE,0,CAMPAIGN END / DEFEAT,255,"The German salient still exists and you have failed although best efforts of us. The Germans have progressed in the south, too. To stop the Faschists in the south we will need a more talented general then you."
"Forward, Comrade! (1939-1945)",13,Operation Uranus,BRILIANT,400,Battle at the Myschkowa,14,Very good. The axis in Stalingrad are now encircled and the Germans and their allied troops suffered heavy losses. Now a relief attack to break up the Stalingrad pocket is almost impossible.
"Forward, Comrade! (1939-1945)",13,Operation Uranus,VICTORY,200,Battle at the Myschkowa,14,
"Forward, Comrade! (1939-1945)",13,Operation Uranus,TACTICAL,100,Battle at the Myschkowa,14,
"Forward, Comrade! (1939-1945)",13,Operation Uranus,LOSE,0,CAMPAIGN END / DEFEAT,255,What the fuck? This comprehensive and long time planed offensive was no success? Stalin is in rage. Maybe Stalingrad is lost too in a few days. You will be deported to Siberia. There you will learn what hard work means.
"Forward, Comrade! (1939-1945)",14,Battle at the Myschkowa,BRILIANT,200,Blowed by backhand,15,Very good. Now the distance between Stalingrad and the German front line is very high. The 6. Army in Stalingrad is doomed to extinction.
"Forward, Comrade! (1939-1945)",14,Battle at the Myschkowa,VICTORY,100,Blowed by backhand,15,Very good. Now the distance between Stalingrad and the German front line is very high. The 6. Army in Stalingrad is doomed to extinction..
"Forward, Comrade! (1939-1945)",14,Battle at the Myschkowa,TACTICAL,50,Blowed by backhand,15,Very good. Now the distance between Stalingrad and the German front line is very high. The 6. Army in Stalingrad is doomed to extinction.
"Forward, Comrade! (1939-1945)",14,Battle at the Myschkowa,LOSE,150,CAMPAIGN END / DEFEAT,255,Your performance was a shame for the sovietunion. The Germans could break up the pocket and save the 6. Army. The death squad is already on the way to you.
"Forward, Comrade! (1939-1945)",15,Blowed by backhand,BRILIANT,5100,Free Leningrad,18,Fortunaly your troops could withstand the German pricer grip. Now we have finally taken over the initiative. I will plead for better reconnaissance for further operations. You can make holidays at the black sea. We will report when our next big offensives are pending.
"Forward, Comrade! (1939-1945)",15,Blowed by backhand,VICTORY,5100,Free Leningrad,18,Fortunaly your troops could withstand the German pricer grip. Now we have finally taken over the initiative. I will plead for better reconnaissance for further operations. You can make holidays at the black sea. We will report when our next big offensives are pending.
"Forward, Comrade! (1939-1945)",15,Blowed by backhand,TACTICAL,5100,Free Leningrad,18,Fortunaly your troops could withstand the German pricer grip. Now we have finally taken over the initiative. I will plead for better reconnaissance for further operations. You can make holidays at the black sea. We will report when our next big offensives are pending.
"Forward, Comrade! (1939-1945)",15,Blowed by backhand,LOSE,2100,Prokhorowka Tank Battle,16,This lose is not your fault. Our reconnaissance has dismally failed. Fortunally your troops could escape and prevent an encirclement. The germans have caputed Charkow again.
"Forward, Comrade! (1939-1945)",16,Prokhorowka Tank Battle,BRILIANT,2500,Free Leningrad,18,Great job. The Germans got a bloody nose. They have wasted all of their reserves and it seems that they have no capabilities to lead a further big attack. After your success our troops in the north of the Kursker salient could break to the German lines. Because of this they stopped all attacks on the Kursker salient. It gives me pleasure to told you that the USA and Great Britain has landed on Sicily.
"Forward, Comrade! (1939-1945)",16,Prokhorowka Tank Battle,VICTORY,1300,Free Leningrad,18,
"Forward, Comrade! (1939-1945)",16,Prokhorowka Tank Battle,TACTICAL,700,Free Leningrad,18,
"Forward, Comrade! (1939-1945)",16,Prokhorowka Tank Battle,LOSE,0,CAMPAIGN END / DEFEAT,255,The attack of the Germans was a great success. They could capture several armies in the Kursker pocket. Now it seems that we have los the war. The Germans are standing  at the gates of Moscow. We do not need cowards like you anymore.
"Forward, Comrade! (1939-1945)",17,Choice Scenario,BRILIANT,0,Battle of Romania,41,
"Forward, Comrade! (1939-1945)",17,Choice Scenario,VICTORY,0,Battle of Romania,41,
"Forward, Comrade! (1939-1945)",17,Choice Scenario,TACTICAL,0,Battle of Romania,41,
"Forward, Comrade! (1939-1945)",17,Choice Scenario,LOSE,0,CAMPAIGN END / DEFEAT,255,
"Forward, Comrade! (1939-1945)",18,Free Leningrad,BRILIANT,2500,Battle of Viipuri,19,Good job. The Germans were driven back several hundereds miles. The Leningrader population is no longer a hostage for the faschists.
"Forward, Comrade! (1939-1945)",18,Free Leningrad,VICTORY,1300,Battle of Viipuri,19,
"Forward, Comrade! (1939-1945)",18,Free Leningrad,TACTICAL,700,Battle of Viipuri,19,
"Forward, Comrade! (1939-1945)",18,Free Leningrad,LOSE,0,CAMPAIGN END / DEFEAT,255,This was a desaster. Leningrad is still in German hands. Dismiss!
"Forward, Comrade! (1939-1945)",19,Battle of Viipuri,BRILIANT,200,Attack on Riga,20,You have satisfied our expectations. I am gladly to tell you that Finland have sued for peace and now will support our troops.
"Forward, Comrade! (1939-1945)",19,Battle of Viipuri,VICTORY,100,Attack on Riga,20,You have satisfied our expectations. I am gladly to tell you that Finland have sued for peace and now will support our troops.
"Forward, Comrade! (1939-1945)",19,Battle of Viipuri,TACTICAL,50,Attack on Riga,20,You have satisfied our expectations. I am gladly to tell you that Finland have sued for peace and now will support our troops.
"Forward, Comrade! (1939-1945)",19,Battle of Viipuri,LOSE,0,CAMPAIGN END / DEFEAT,255,If you do not have the ability to defeat the Finnish hillbillys you are useless for the great spviet army. Dismiss!
"Forward, Comrade! (1939-1945)",20,Attack on Riga,BRILIANT,1000,Courland Pocket,21,Very good. We freed Riga. The Germans have withdrawn to Courland and are trapped there.
"Forward, Comrade! (1939-1945)",20,Attack on Riga,VICTORY,750,Courland Pocket,21,Very good. We freed Riga. The Germans have withdrawn to Courland and are trapped there.
"Forward, Comrade! (1939-1945)",20,Attack on Riga,TACTICAL,500,Courland Pocket,21,Very good. We freed Riga. The Germans have withdrawn to Courland and are trapped there.
"Forward, Comrade! (1939-1945)",20,Attack on Riga,LOSE,0,CAMPAIGN END / DEFEAT,255,"This was a poor performance. There is no chance to get something out of your attack. However, it could be a good paragon, how a general not sould lead an attack."
"Forward, Comrade! (1939-1945)",21,Courland Pocket,BRILIANT,810,Manchurian Operation,22,Very good. The courland pocket is eliminated. You we can free troops for the Battle of Berlin. The end of the war is near. We will not sacrifice further men of you against the fanatic Nazis. But we have recognized with the west allied that we will attack Japan in the summer. Prepare your troops for this mission.
"Forward, Comrade! (1939-1945)",21,Courland Pocket,VICTORY,400,Manchurian Operation,22,
"Forward, Comrade! (1939-1945)",21,Courland Pocket,TACTICAL,200,Manchurian Operation,22,
"Forward, Comrade! (1939-1945)",21,Courland Pocket,LOSE,0,CAMPAIGN END / DEFEAT,255,You failed too in breaking up the pocket? Are you serious? You decieve all our hopes.
"Forward, Comrade! (1939-1945)",22,Manchurian Operation,BRILIANT,0,Unknown (ID 254),254,"After the Faschists your great attacks have left the Japanese out of the war, too. The war is finally over. You and your men will achieve the justified honor. Come back to Moscow and join the celebration of the soviet population."
"Forward, Comrade! (1939-1945)",22,Manchurian Operation,VICTORY,0,Unknown (ID 254),254,
"Forward, Comrade! (1939-1945)",22,Manchurian Operation,TACTICAL,0,Unknown (ID 254),254,
"Forward, Comrade! (1939-1945)",22,Manchurian Operation,LOSE,0,CAMPAIGN END / DEFEAT,255,"Your attack was botched. Fortunately, your fail has no role. The war is over despite your performance. I think you are war-weary. For operations in the future we will give unspent generals a chance."
"Forward, Comrade! (1939-1945)",23,Smolensker Offensive,BRILIANT,2700,Operation Bagration,24,"Very good. We have gained a lot of territory and destroyed several German troops. In the next month we planned offensives in the north and in the south. We will inform you, when your troops have to be ready."
"Forward, Comrade! (1939-1945)",23,Smolensker Offensive,VICTORY,1300,Operation Bagration,24,
"Forward, Comrade! (1939-1945)",23,Smolensker Offensive,TACTICAL,700,Operation Bagration,24,
"Forward, Comrade! (1939-1945)",23,Smolensker Offensive,LOSE,0,CAMPAIGN END / DEFEAT,255,Our first big offensive was a fail. Maybe because you are a fail. In the future we will work together with more talented generals.
"Forward, Comrade! (1939-1945)",24,Operation Bagration,BRILIANT,200,Battle of Silesia,25,"Our offensive was a great success. We could not only free Belorussia, but push forward to the Vistula. Stalin has confer a decoration on you."
"Forward, Comrade! (1939-1945)",24,Operation Bagration,VICTORY,100,Battle of Silesia,25,"Our offensive was a great success. We could not only free Belorussia, but push forward to the Vistula. Stalin has confer a decoration on you."
"Forward, Comrade! (1939-1945)",24,Operation Bagration,TACTICAL,50,Battle of Silesia,25,"Our offensive was a great success. We could not only free Belorussia, but push forward to the Vistula. Stalin has confer a decoration on you."
"Forward, Comrade! (1939-1945)",24,Operation Bagration,LOSE,0,CAMPAIGN END / DEFEAT,255,Our great success hung op at the  first line of the faschists. Many soldiers find a pointless death. For further operations amateurs like you are useless.
"Forward, Comrade! (1939-1945)",25,Battle of Silesia,BRILIANT,460,Fortress Küstrin,26,Very good. You defeated the Nazis before they can withdraw their troops.
"Forward, Comrade! (1939-1945)",25,Battle of Silesia,VICTORY,200,Fortress Küstrin,26,Very good. You defeated the Nazis before they can withdraw their troops.
"Forward, Comrade! (1939-1945)",25,Battle of Silesia,TACTICAL,100,Fortress Küstrin,26,Very good. You defeated the Nazis before they can withdraw their troops.
"Forward, Comrade! (1939-1945)",25,Battle of Silesia,LOSE,0,CAMPAIGN END / DEFEAT,255,This was a poor performance. Dismiss!
"Forward, Comrade! (1939-1945)",26,Fortress Küstrin,BRILIANT,360,Battle of Berlin,27,Now the way to Berlin is free. When we have finished our operations in the north your troops will attack.
"Forward, Comrade! (1939-1945)",26,Fortress Küstrin,VICTORY,5300,Breakthrough at Dessau,33,The west allied have broken the agreements and have captured Berlin. This behaviour we have to punish. We have declared war to the west allied. Fortunately the German troops in the east are captured. We have negotiasted with their commanders that they will will help us if we will relinquinsh war imprisonment. You can order German troops if you need some.
"Forward, Comrade! (1939-1945)",26,Fortress Küstrin,TACTICAL,5300,Breakthrough at Dessau,28,"The west allied have broken the agreements and have captured Berlin. This behaviour we have to punish. We have declared war to the west allied. Unfortunately, the German troops in the east could flee to the west allied troops and will fight together against us."
"Forward, Comrade! (1939-1945)",26,Fortress Küstrin,LOSE,0,CAMPAIGN END / DEFEAT,255,Your operation was a failure. You are needed no longer.
"Forward, Comrade! (1939-1945)",27,Battle of Berlin,BRILIANT,0,Unknown (ID 254),254,Very good. This is the end of the war! Hitler is dead and the surrender of the Nazis is near. Come back home and celebrate with us.
"Forward, Comrade! (1939-1945)",27,Battle of Berlin,VICTORY,0,Unknown (ID 254),254,
"Forward, Comrade! (1939-1945)",27,Battle of Berlin,TACTICAL,0,Unknown (ID 254),254,
"Forward, Comrade! (1939-1945)",27,Battle of Berlin,LOSE,0,CAMPAIGN END / DEFEAT,255,"This is very, very sad. You were pipped at the post. Thanks to your failure, all German troops could escape in the west. Other generals have to complete what you have started."
"Forward, Comrade! (1939-1945)",28,Breakthrough at Dessau,BRILIANT,1300,Battle of East Friesland,29,Very good. Your troops could break through the allied lines and they must retreat because of their losses.
"Forward, Comrade! (1939-1945)",28,Breakthrough at Dessau,VICTORY,800,Battle of East Friesland,29,Very good. Your troops could break through the allied lines and they must retreat because of their losses.
"Forward, Comrade! (1939-1945)",28,Breakthrough at Dessau,TACTICAL,500,Battle of East Friesland,29,Very good. Your troops could break through the allied lines and they must retreat because of their losses.
"Forward, Comrade! (1939-1945)",28,Breakthrough at Dessau,LOSE,150,CAMPAIGN END / DEFEAT,255,Our offensive was blighted. The war is over. We have to bear with the betrayal of the west allied.
"Forward, Comrade! (1939-1945)",29,Battle of East Friesland,BRILIANT,500,Battle at the Ruhr,30,Very good. The allied troops are destroyed and with Emden and Wilhelmshaven the allieds have lost two harbours in which they can land new troops.
"Forward, Comrade! (1939-1945)",29,Battle of East Friesland,VICTORY,300,Battle at the Ruhr,30,Very good. The allied troops are destroyed and with Emden and Wilhelmshaven the allieds have lost two harbours in which they can land new troops.
"Forward, Comrade! (1939-1945)",29,Battle of East Friesland,TACTICAL,100,Battle at the Ruhr,30,Very good! After your success we could capture whole Germany in a few months.
"Forward, Comrade! (1939-1945)",29,Battle of East Friesland,LOSE,150,CAMPAIGN END / DEFEAT,255,"Unfortunately the allied troops could escape. The war will last longer as believed. But, for you, the war is over. Dismiss!"
"Forward, Comrade! (1939-1945)",30,Battle at the Ruhr,BRILIANT,1400,Battle in the Ardennes,31,Very good! After your success we could capture whole Germany in a few months.
"Forward, Comrade! (1939-1945)",30,Battle at the Ruhr,VICTORY,100,Battle in the Ardennes,31,Very good! After your success we could capture whole Germany in a few months.
"Forward, Comrade! (1939-1945)",30,Battle at the Ruhr,TACTICAL,500,Battle in the Ardennes,31,Very good! After your success we could capture whole Germany in a few months. For the German troops the war is over. They have surrendered to our troops.
"Forward, Comrade! (1939-1945)",30,Battle at the Ruhr,LOSE,150,CAMPAIGN END / DEFEAT,255,You were not fast enough. You failed!
"Forward, Comrade! (1939-1945)",31,Battle in the Ardennes,BRILIANT,500,Charge on Antwerpen,32,The last serious troops are defeated. Now the way to Antwerpen is free. A great performance from you.
"Forward, Comrade! (1939-1945)",31,Battle in the Ardennes,VICTORY,300,Charge on Antwerpen,32,The last serious troops are defeated. Now the way to Antwerpen is free. A great performance from you.
"Forward, Comrade! (1939-1945)",31,Battle in the Ardennes,TACTICAL,100,Charge on Antwerpen,32,The last serious troops are defeated. Now the way to Antwerpen is free. A great performance from you.
"Forward, Comrade! (1939-1945)",31,Battle in the Ardennes,LOSE,150,CAMPAIGN END / DEFEAT,255,Our offensive brokes down in the same way like the German offensive once. Before the allied troops can force back our troops to the border of the German Reich we believe we have to appoint a new general.
"Forward, Comrade! (1939-1945)",32,Charge on Antwerpen,BRILIANT,100,Unknown (ID 254),254,You are a great guy. You have managed capturing Antwerpen in only a half year. The next opportunity to land new units is far away. The allied have noticed their malposition and have quit the war. The whole German Reich is now under our control. You are invited to the Kremlin. Stalin personally wants to thank you.
"Forward, Comrade! (1939-1945)",32,Charge on Antwerpen,VICTORY,50,Unknown (ID 254),254,You are a great guy. You have managed capturing Antwerpen in only a half year. The next opportunity to land new units is far away. The allied have noticed their malposition and have quit the war. The whole German Reich is now under our control. You are invited to the Kremlin. Stalin personally wants to thank you.
"Forward, Comrade! (1939-1945)",32,Charge on Antwerpen,TACTICAL,10,Unknown (ID 254),254,You are a great guy. You have managed capturing Antwerpen in only a half year. The next opportunity to land new units is far away. The allied have noticed their malposition and have quit the war. The whole German Reich is now under our control. You are invited to the Kremlin. Stalin personally wants to thank you.
"Forward, Comrade! (1939-1945)",32,Charge on Antwerpen,LOSE,150,CAMPAIGN END / DEFEAT,255,Our charge on Antwerpen was a totally disaster. The allied have reinforced their troops severely around the harbor. A new offensive is not possible at the moment. Your troops will be refreshed and will get a new commander.
"Forward, Comrade! (1939-1945)",33,Breakthrough at Dessau,BRILIANT,200,Battle of East Friesland,34,Very good. Your troops could break through the allied lines and they must retreat because of their losses.
"Forward, Comrade! (1939-1945)",33,Breakthrough at Dessau,VICTORY,100,Battle of East Friesland,34,Very good. Your troops could break through the allied lines and they must retreat because of their losses.
"Forward, Comrade! (1939-1945)",33,Breakthrough at Dessau,TACTICAL,50,Battle of East Friesland,34,Very good. Your troops could break through the allied lines and they must retreat because of their losses.
"Forward, Comrade! (1939-1945)",33,Breakthrough at Dessau,LOSE,0,CAMPAIGN END / DEFEAT,255,Our offensive was blighted. The war is over. We have to bear with the betrayal of the west allied.
"Forward, Comrade! (1939-1945)",34,Battle of East Friesland,BRILIANT,200,Battle at the Ruhr,35,Very good. The allied troops are destroyed and with Emden and Wilhelmshaven the allieds have lost two harbours in which they can land new troops.
"Forward, Comrade! (1939-1945)",34,Battle of East Friesland,VICTORY,100,Battle at the Ruhr,35,Very good. The allied troops are destroyed and with Emden and Wilhelmshaven the allieds have lost two harbours in which they can land new troops.
"Forward, Comrade! (1939-1945)",34,Battle of East Friesland,TACTICAL,50,Battle at the Ruhr,35,Very good. The allied troops are destroyed and with Emden and Wilhelmshaven the allieds have lost two harbours in which they can land new troops.
"Forward, Comrade! (1939-1945)",34,Battle of East Friesland,LOSE,150,CAMPAIGN END / DEFEAT,255,"Unfortunately the allied troops could escape. The war will last longer as believed. But, for you, the war is over. Dismiss!"
"Forward, Comrade! (1939-1945)",35,Battle at the Ruhr,BRILIANT,900,Battle in the Ardennes,36,
"Forward, Comrade! (1939-1945)",35,Battle at the Ruhr,VICTORY,500,Battle in the Ardennes,36,
"Forward, Comrade! (1939-1945)",35,Battle at the Ruhr,TACTICAL,300,Battle in the Ardennes,36,
"Forward, Comrade! (1939-1945)",35,Battle at the Ruhr,LOSE,0,CAMPAIGN END / DEFEAT,255,
"Forward, Comrade! (1939-1945)",36,Battle in the Ardennes,BRILIANT,290,Charge on Antwerpen,37,
"Forward, Comrade! (1939-1945)",36,Battle in the Ardennes,VICTORY,150,Charge on Antwerpen,37,
"Forward, Comrade! (1939-1945)",36,Battle in the Ardennes,TACTICAL,50,Charge on Antwerpen,37,
"Forward, Comrade! (1939-1945)",36,Battle in the Ardennes,LOSE,0,CAMPAIGN END / DEFEAT,255,
"Forward, Comrade! (1939-1945)",37,Charge on Antwerpen,BRILIANT,0,Unknown (ID 254),254,
"Forward, Comrade! (1939-1945)",37,Charge on Antwerpen,VICTORY,0,Unknown (ID 254),254,
"Forward, Comrade! (1939-1945)",37,Charge on Antwerpen,TACTICAL,0,Unknown (ID 254),254,
"Forward, Comrade! (1939-1945)",37,Charge on Antwerpen,LOSE,0,CAMPAIGN END / DEFEAT,255,
"Forward, Comrade! (1939-1945)",38,Kuban-Bridgehead,BRILIANT,2500,Zhitomir Counterattack,39,Very good. The axis have suffered heavy losses and no troops could be evacuated. While your offensive we could push forward in the Ukraine. Your men need a break. I am sure they will be needed in the near future.
"Forward, Comrade! (1939-1945)",38,Kuban-Bridgehead,VICTORY,1300,Zhitomir Counterattack,39,
"Forward, Comrade! (1939-1945)",38,Kuban-Bridgehead,TACTICAL,700,Zhitomir Counterattack,39,
"Forward, Comrade! (1939-1945)",38,Kuban-Bridgehead,LOSE,0,CAMPAIGN END / DEFEAT,255,Many troops of the axis could escape because of your failure. We have no further use for you.
"Forward, Comrade! (1939-1945)",39,Zhitomir Counterattack,BRILIANT,200,Brody Cauldron,40,"Well done. The German attack was choked off by your troops. Also, the faschists have lost many troops. It would seem that they have lost the possibility to further counterattacks."
"Forward, Comrade! (1939-1945)",39,Zhitomir Counterattack,VICTORY,100,Brody Cauldron,40,
"Forward, Comrade! (1939-1945)",39,Zhitomir Counterattack,TACTICAL,50,Brody Cauldron,40,
"Forward, Comrade! (1939-1945)",39,Zhitomir Counterattack,LOSE,0,CAMPAIGN END / DEFEAT,255,Because of your incompetence the Germans could destroy several soviet divisions. They are standing at the gates of Kiev in the moment. We onlyy can hope that further reinforcements will arrive soon. Otherwise the city will be again in German hands in only a few days.
"Forward, Comrade! (1939-1945)",40,Brody Cauldron,BRILIANT,200,Battle of Romania,41,Very good. The Axis have suffered heavy losses and your victory opened a way to Lwow. The next way will be an attack on Romania.
"Forward, Comrade! (1939-1945)",40,Brody Cauldron,VICTORY,100,Battle of Romania,41,
"Forward, Comrade! (1939-1945)",40,Brody Cauldron,TACTICAL,50,Battle of Romania,41,
"Forward, Comrade! (1939-1945)",40,Brody Cauldron,LOSE,0,CAMPAIGN END / DEFEAT,255,This was not a good performance. Too many German and Hungarian soldiers could flee because you failed in destroying enough axis divisions.
"Forward, Comrade! (1939-1945)",41,Battle of Romania,BRILIANT,200,Take Szekesfehervar!,42,"After the surrender of Finland Romania now have sued for peace too. Thereby the Germans have lost their important oilfields in Romania. Soon the Germans will be as immobile as a 90 year old rollator-grandma. So, the victory over the Faschist will be a waltz."
"Forward, Comrade! (1939-1945)",41,Battle of Romania,VICTORY,150,Take Szekesfehervar!,42,"After the surrender of Finland Romania now have sued for peace too. Thereby the Germans have lost their important oilfields in Romania. Soon the Germans will be as immobile as a 90 year old rollator-grandma. So, the victory over the Faschist will be a waltz."
"Forward, Comrade! (1939-1945)",41,Battle of Romania,TACTICAL,100,Take Szekesfehervar!,42,"After the surrender of Finland Romania now have sued for peace too. Thereby the Germans have lost their important oilfields in Romania. Soon the Germans will be as immobile as a 90 year old rollator-grandma. So, the victory over the Faschist will be a waltz."
"Forward, Comrade! (1939-1945)",41,Battle of Romania,LOSE,0,CAMPAIGN END / DEFEAT,255,Your offensive do not deserve the word offensive. Romania still supports the Germans. We are at the end of patience with you and will not support you any longer.
"Forward, Comrade! (1939-1945)",42,Take Szekesfehervar!,BRILIANT,3000,Battle of Prague,43,Very good. Now the way to Vienna is open. Moreover the germans had to stop their offensive at the Lake Balaton.
"Forward, Comrade! (1939-1945)",42,Take Szekesfehervar!,VICTORY,2000,Battle of Prague,43,Very good. Now the way to Vienna is open. Moreover the germans had to stop their offensive at the Lake Balaton.
"Forward, Comrade! (1939-1945)",42,Take Szekesfehervar!,TACTICAL,1000,Battle of Prague,43,Very good. Now the way to Vienna is open. Moreover the germans had to stop their offensive at the Lake Balaton.
"Forward, Comrade! (1939-1945)",42,Take Szekesfehervar!,LOSE,0,CAMPAIGN END / DEFEAT,255,No breakthrough means no further combat missions for you. This is an easy calculation.
"Forward, Comrade! (1939-1945)",43,Battle of Prague,BRILIANT,1100,Manchurian Operation,22,Very good. You could break through the German lines and destroy the 8th Army. Now the way to Prague is open.
"Forward, Comrade! (1939-1945)",43,Battle of Prague,VICTORY,500,Manchurian Operation,22,
"Forward, Comrade! (1939-1945)",43,Battle of Prague,TACTICAL,250,Manchurian Operation,22,
"Forward, Comrade! (1939-1945)",43,Battle of Prague,LOSE,0,CAMPAIGN END / DEFEAT,255,You failed in your mission. Dismiss!
Zhukov: Red God of War (1939-1945),0,"Good morning comrade Lieutenant-General. STAVKA has decided it is time for you to break the stalemate at Khalkin Gol. The Japanese have been pouring reinforcements into the area, but, as you know, so have we, and we continue to do so. Therefore you will expel the invaders and push them back to where they came from!",BRILIANT,500,"Comrade General, as you are now commander of the Kiev Special Military District, we have a special assignment for you to organize! As you know, the Romanians have consented to give us back the territory taken from us during the civil war, but, in disregard of the agreement, they are also attempting to take with them railroad rolling stock, factory equipment, and other supplies as they evacuate the area! To help halt this blatant violation of the agreement, you must secure the Chisinau vicinity by occupying as many cities as possible and by cutting off their routes of exit over the Prut river. We are still trying to determine exactly where they plan on crossing the Prut river, but as soon as we know, you will know...",1,"Excellent work comrade Lieutenant-General!  Most of the Japanese forces have been wiped out, the remainder being either caught behind our lines of advance or pushed back into Manchukuo. Now the Japanese have asked for an armistice, and they agree to abide by the existing border! Congratulations, you have been awarded the title of ""Hero of the Soviet Union"", promoted to General of the Army, and have been given command of the Kiev Special Military District!"
Zhukov: Red God of War (1939-1945),0,"Good morning comrade Lieutenant-General. STAVKA has decided it is time for you to break the stalemate at Khalkin Gol. The Japanese have been pouring reinforcements into the area, but, as you know, so have we, and we continue to do so. Therefore you will expel the invaders and push them back to where they came from!",VICTORY,500,"Comrade General, as you are now commander of the Kiev Special Military District, we have a special assignment for you to organize! As you know, the Romanians have consented to give us back the territory taken from us during the civil war, but, in disregard of the agreement, they are also attempting to take with them railroad rolling stock, factory equipment, and other supplies as they evacuate the area! To help halt this blatant violation of the agreement, you must secure the Chisinau vicinity by occupying as many cities as possible and by cutting off their routes of exit over the Prut river. We are still trying to determine exactly where they plan on crossing the Prut river, but as soon as we know, you will know...",1,"Good work comrade Lieutenant-General. Most of the Japanese forces have been wiped out, the remainder being either caught behind our lines of advance or pushed back into Manchukuo. Now the Japanese have asked for an armistice, and they agree to abide by the existing border! Congratulations, you have been awarded the title of ""Hero of the Soviet Union"", promoted to General of the Army, and have been given command of the Kiev Special Military District!"
Zhukov: Red God of War (1939-1945),0,"Good morning comrade Lieutenant-General. STAVKA has decided it is time for you to break the stalemate at Khalkin Gol. The Japanese have been pouring reinforcements into the area, but, as you know, so have we, and we continue to do so. Therefore you will expel the invaders and push them back to where they came from!",TACTICAL,500,"Comrade General, as you are now commander of the Kiev Special Military District, we have a special assignment for you to organize! As you know, the Romanians have consented to give us back the territory taken from us during the civil war, but, in disregard of the agreement, they are also attempting to take with them railroad rolling stock, factory equipment, and other supplies as they evacuate the area! To help halt this blatant violation of the agreement, you must secure the Chisinau vicinity by occupying as many cities as possible and by cutting off their routes of exit over the Prut river. We are still trying to determine exactly where they plan on crossing the Prut river, but as soon as we know, you will know...",1,"Despite fierce resistance, you have managed to wipe out most of the Japanese forces, the remainder being either caught behind our lines of advance or pushed back into Manchukuo. Now the Japanese have asked for an armistice, and they agree to abide by the existing border! Congratulations, you have been awarded the title of ""Hero of the Soviet Union"", promoted to General of the Army, and have been given command of the Kiev Special Military District!"
Zhukov: Red God of War (1939-1945),0,"Good morning comrade Lieutenant-General. STAVKA has decided it is time for you to break the stalemate at Khalkin Gol. The Japanese have been pouring reinforcements into the area, but, as you know, so have we, and we continue to do so. Therefore you will expel the invaders and push them back to where they came from!",LOSE,0,CAMPAIGN END / DEFEAT,255,"Sorry comrade, obviously you were not the right man for the task. Now go, comrade Beria is waiting to talk to you..."
Zhukov: Red God of War (1939-1945),1,"Comrade General, as you are now commander of the Kiev Special Military District, we have a special assignment for you to organize! As you know, the Romanians have consented to give us back the territory taken from us during the civil war, but, in disregard of the agreement, they are also attempting to take with them railroad rolling stock, factory equipment, and other supplies as they evacuate the area! To help halt this blatant violation of the agreement, you must secure the Chisinau vicinity by occupying as many cities as possible and by cutting off their routes of exit over the Prut river. We are still trying to determine exactly where they plan on crossing the Prut river, but as soon as we know, you will know...",BRILIANT,650,"Comrade General, STAVKA applauds your decision in rejecting a  defensive posture in favor of a more active stance. As a result, the German offensive has been brought to a halt here in the Yelnya sector. Stalin now requests that You and General Rokossovsky turn the tables on the Germans by retaking Yelnya and securing the remainder of the area....",2,Excellent work Comrade General! Now the Romanians are protesting that we violated the agreement by using airborne troops and airborne tanks to disperse their army! They were so panic stricken that they actually assumed that the tanks had been transported by air as well! Stalin sends his regards. Well done...
Zhukov: Red God of War (1939-1945),1,"Comrade General, as you are now commander of the Kiev Special Military District, we have a special assignment for you to organize! As you know, the Romanians have consented to give us back the territory taken from us during the civil war, but, in disregard of the agreement, they are also attempting to take with them railroad rolling stock, factory equipment, and other supplies as they evacuate the area! To help halt this blatant violation of the agreement, you must secure the Chisinau vicinity by occupying as many cities as possible and by cutting off their routes of exit over the Prut river. We are still trying to determine exactly where they plan on crossing the Prut river, but as soon as we know, you will know...",VICTORY,650,"Comrade General, STAVKA applauds your decision in rejecting a  defensive posture in favor of a more active stance. As a result, the German offensive has been brought to a halt here in the Yelnya sector. Stalin now requests that You and General Rokossovsky turn the tables on the Germans by retaking Yelnya and securing the remainder of the area....",2,Good work Comrade General! Now the Romanians are protesting that we violated the agreement by using airborne troops and airborne tanks to disperse their army! They were so panic stricken that they actually assumed that the tanks had been transported by air as well! Stalin sends his regards. Well done...
Zhukov: Red God of War (1939-1945),1,"Comrade General, as you are now commander of the Kiev Special Military District, we have a special assignment for you to organize! As you know, the Romanians have consented to give us back the territory taken from us during the civil war, but, in disregard of the agreement, they are also attempting to take with them railroad rolling stock, factory equipment, and other supplies as they evacuate the area! To help halt this blatant violation of the agreement, you must secure the Chisinau vicinity by occupying as many cities as possible and by cutting off their routes of exit over the Prut river. We are still trying to determine exactly where they plan on crossing the Prut river, but as soon as we know, you will know...",TACTICAL,650,"Comrade General, STAVKA applauds your decision in rejecting a  defensive posture in favor of a more active stance. As a result, the German offensive has been brought to a halt here in the Yelnya sector. Stalin now requests that You and General Rokossovsky turn the tables on the Germans by retaking Yelnya and securing the remainder of the area....",2,"Despite some resistance, you have managed to put a stop to the mischief. Now the Romanians are protesting that we violated the agreement by using airborne troops and airborne tanks to disperse their army! They were so panic stricken that they actually assumed that the tanks had been transported by air as well! Stalin sends his regards..."
Zhukov: Red God of War (1939-1945),1,"Comrade General, as you are now commander of the Kiev Special Military District, we have a special assignment for you to organize! As you know, the Romanians have consented to give us back the territory taken from us during the civil war, but, in disregard of the agreement, they are also attempting to take with them railroad rolling stock, factory equipment, and other supplies as they evacuate the area! To help halt this blatant violation of the agreement, you must secure the Chisinau vicinity by occupying as many cities as possible and by cutting off their routes of exit over the Prut river. We are still trying to determine exactly where they plan on crossing the Prut river, but as soon as we know, you will know...",LOSE,650,"Comrade General, STAVKA applauds your decision in rejecting a  defensive posture in favor of a more active stance. As a result, the German offensive has been brought to a halt here in the Yelnya sector. Stalin now requests that You and General Rokossovsky turn the tables on the Germans by retaking Yelnya and securing the remainder of the area....",2,"Comrade General, how could you have let the Romanians get away with it? Because you are still rather new to the post of the Kiev Special Military District, Stalin has reluctantly agreed to give you one more chance.....Do not fail us again!"
Zhukov: Red God of War (1939-1945),2,"Comrade General, STAVKA applauds your decision in rejecting a  defensive posture in favor of a more active stance. As a result, the German offensive has been brought to a halt here in the Yelnya sector. Stalin now requests that You and General Rokossovsky turn the tables on the Germans by retaking Yelnya and securing the remainder of the area....",BRILIANT,650,"Comrade General, the lead German forces now stand less than 30 kilometers away from the Kremlin! Stalin has finally approved the counter offensive proposed by You and General Vasilevsky. You will commence it immediately!",3,"Excellent work Comrade General! Your's and Rokossovsky's success at Yelnya has been the only bright spot against the German invasion of our country thus far. I know that you would probably like to continue your westward drive from Yelnya, but Stalin has ordered the Reserve front onto the defensive, and has summoned you to the Kremlin. I have a feeling that he would like you to take over the defence of Leningrad from Marshal Voroshilov, whose performance has been deemed as so incompetent, that now there is a real threat that our Northern capital will fall!"
Zhukov: Red God of War (1939-1945),2,"Comrade General, STAVKA applauds your decision in rejecting a  defensive posture in favor of a more active stance. As a result, the German offensive has been brought to a halt here in the Yelnya sector. Stalin now requests that You and General Rokossovsky turn the tables on the Germans by retaking Yelnya and securing the remainder of the area....",VICTORY,650,"Comrade General, the lead German forces now stand less than 30 kilometers away from the Kremlin! Stalin has finally approved the counter offensive proposed by You and General Vasilevsky. You will commence it immediately!",3,"Good work Comrade General. Your's and Rokossovsky's success at Yelnya has been the only bright spot against the German invasion of our country thus far. I know that you would probably like to continue your westward drive from Yelnya, but Stalin has ordered the Reserve front onto the defensive, and has summoned you to the Kremlin. I have a feeling that he would like you to take over the defence of Leningrad from Marshal Voroshilov, whose performance has been deemed as so incompetent, that now there is a real threat that our Northern capital will fall!"
Zhukov: Red God of War (1939-1945),2,"Comrade General, STAVKA applauds your decision in rejecting a  defensive posture in favor of a more active stance. As a result, the German offensive has been brought to a halt here in the Yelnya sector. Stalin now requests that You and General Rokossovsky turn the tables on the Germans by retaking Yelnya and securing the remainder of the area....",TACTICAL,650,"Comrade General, the lead German forces now stand less than 30 kilometers away from the Kremlin! Stalin has finally approved the counter offensive proposed by You and General Vasilevsky. You will commence it immediately!",3,"Despite fierce resistance, Yelnya is again ours. Your's and Rokossovsky's success at Yelnya has been the only bright spot against the German invasion of our country thus far. I know that you would probably like to continue your westward drive from Yelnya, but Stalin has ordered the Reserve front onto the defensive, and has summoned you to the Kremlin. I have a feeling that he would like you to take over the defence of Leningrad from Marshal Voroshilov, whose performance has been deemed as so incompetent, that now there is a real threat that our Northern capital will fall!"
Zhukov: Red God of War (1939-1945),2,"Comrade General, STAVKA applauds your decision in rejecting a  defensive posture in favor of a more active stance. As a result, the German offensive has been brought to a halt here in the Yelnya sector. Stalin now requests that You and General Rokossovsky turn the tables on the Germans by retaking Yelnya and securing the remainder of the area....",LOSE,650,"Comrade General, the lead German forces now stand less than 30 kilometers away from the Kremlin! Stalin has finally approved the counter offensive proposed by You and General Vasilevsky. You will commence it immediately!",3,"Despite failing to re-capture Yelnya, You and Rokossovsky have shown the Germans that we will not give up. Stalin has now ordered the Reserve front onto the defensive, and has summoned you to the Kremlin. I have a feeling that he would like you to take over the defence of Leningrad from Marshal Voroshilov, whose performance has been deemed as so incompetent, that now there is a real threat that our Northern capital will fall!"
Zhukov: Red God of War (1939-1945),3,"Comrade General, the lead German forces now stand less than 30 kilometers away from the Kremlin! Stalin has finally approved the counter offensive proposed by You and General Vasilevsky. You will commence it immediately!",BRILIANT,700,"Comrade Zhukov, the desired effect of compelling the Germans to bring up four additional panzer divisions and one motorized division to deal with your attack, (thus effectively depriving their Stalingrad sector of the reinforcements they needed to deal with the Uranus operation), appears to have been accomplished. Therefore, Stalin has now authorized  your order for  the remnants of the 6th Tank Corps and three Cavalry divisions to break the encirclement...",4,"Excellent work comrade General! The Germans have been driven away from Moscow, but the front lines are still relatively close, and more importantly, the Rzhev salient of Army Group Center remains intact. Thus Stalin still considers Moscow as threatened..."
Zhukov: Red God of War (1939-1945),3,"Comrade General, the lead German forces now stand less than 30 kilometers away from the Kremlin! Stalin has finally approved the counter offensive proposed by You and General Vasilevsky. You will commence it immediately!",VICTORY,700,"Comrade Zhukov, the desired effect of compelling the Germans to bring up four additional panzer divisions and one motorized division to deal with your attack, (thus effectively depriving their Stalingrad sector of the reinforcements they needed to deal with the Uranus operation), appears to have been accomplished. Therefore, Stalin has now authorized  your order for  the remnants of the 6th Tank Corps and three Cavalry divisions to break the encirclement...",4,"Good work comrade General. The Germans have been driven away from Moscow, but the front lines are still relatively close, and more importantly, the Rzhev salient of Army Group Center remains intact. Thus Stalin still considers Moscow as threatened..."
Zhukov: Red God of War (1939-1945),3,"Comrade General, the lead German forces now stand less than 30 kilometers away from the Kremlin! Stalin has finally approved the counter offensive proposed by You and General Vasilevsky. You will commence it immediately!",TACTICAL,700,"Comrade Zhukov, the desired effect of compelling the Germans to bring up four additional panzer divisions and one motorized division to deal with your attack, (thus effectively depriving their Stalingrad sector of the reinforcements they needed to deal with the Uranus operation), appears to have been accomplished. Therefore, Stalin has now authorized  your order for  the remnants of the 6th Tank Corps and three Cavalry divisions to break the encirclement...",4,"Despite fierce resistance, the Germans have been driven away from Moscow, but the front lines are still relatively close, and more importantly, the Rzhev salient of Army Group Center remains intact. Thus Stalin still considers Moscow as threatened..."
Zhukov: Red God of War (1939-1945),3,"Comrade General, the lead German forces now stand less than 30 kilometers away from the Kremlin! Stalin has finally approved the counter offensive proposed by You and General Vasilevsky. You will commence it immediately!",LOSE,0,CAMPAIGN END / DEFEAT,255,"Ex comrade general, Comrade Beria of the NKVD would like to have coffee with you, but not here, because now our Capital will very soon be overrrun by the Fascist invaders!"
Zhukov: Red God of War (1939-1945),4,"Comrade Zhukov, the desired effect of compelling the Germans to bring up four additional panzer divisions and one motorized division to deal with your attack, (thus effectively depriving their Stalingrad sector of the reinforcements they needed to deal with the Uranus operation), appears to have been accomplished. Therefore, Stalin has now authorized  your order for  the remnants of the 6th Tank Corps and three Cavalry divisions to break the encirclement...",BRILIANT,0,CAMPAIGN END / DEFEAT,255,I don't think so...
Zhukov: Red God of War (1939-1945),4,"Comrade Zhukov, the desired effect of compelling the Germans to bring up four additional panzer divisions and one motorized division to deal with your attack, (thus effectively depriving their Stalingrad sector of the reinforcements they needed to deal with the Uranus operation), appears to have been accomplished. Therefore, Stalin has now authorized  your order for  the remnants of the 6th Tank Corps and three Cavalry divisions to break the encirclement...",VICTORY,0,CAMPAIGN END / DEFEAT,255,Nyet!
Zhukov: Red God of War (1939-1945),4,"Comrade Zhukov, the desired effect of compelling the Germans to bring up four additional panzer divisions and one motorized division to deal with your attack, (thus effectively depriving their Stalingrad sector of the reinforcements they needed to deal with the Uranus operation), appears to have been accomplished. Therefore, Stalin has now authorized  your order for  the remnants of the 6th Tank Corps and three Cavalry divisions to break the encirclement...",TACTICAL,1200,"Comrade Zhukov, I am sure that Stalin has already briefed you on the importance of this operation to our starving people trapped in Leningrad. They are depending for their lives on your leadership of the Leningrad and Volkov fronts!",5,"Comrade Zhukov, STAVKA has confirmed that the gains of Operation Uranus have now been consolidated, and there is no chance of a German counter-attack in the Stalingrad sector. Stalin sends his regards..."
Zhukov: Red God of War (1939-1945),4,"Comrade Zhukov, the desired effect of compelling the Germans to bring up four additional panzer divisions and one motorized division to deal with your attack, (thus effectively depriving their Stalingrad sector of the reinforcements they needed to deal with the Uranus operation), appears to have been accomplished. Therefore, Stalin has now authorized  your order for  the remnants of the 6th Tank Corps and three Cavalry divisions to break the encirclement...",LOSE,1200,"Comrade Zhukov, I am sure that Stalin has already briefed you on the importance of this operation to our starving people trapped in Leningrad. They are depending for their lives on your leadership of the Leningrad and Volkov fronts!",5,"Comrade General,  despite your being halted by the fascist counter attack, STAVKA has confirmed that the gains of Operation Uranus have now been consolidated, and there is no chance of a German counter-attack in the Stalingrad sector..."
Zhukov: Red God of War (1939-1945),5,"Comrade Zhukov, I am sure that Stalin has already briefed you on the importance of this operation to our starving people trapped in Leningrad. They are depending for their lives on your leadership of the Leningrad and Volkov fronts!",BRILIANT,700,"Comrade Zhukov, your prediction made back in April has come to pass! The Germans have launched a massive attack towards Kursk. But as you have also foreseen, the German onslaught has more or less stalled in front of our defensive preparations. As per your orders, General Popov's Bryansk front, and General Sokolovsky's Western front,  have a few days ago initiated their attacks in the direction of Orel. As STAVKA  advisor to General Rokossovsky's Central front, Stalin has given the OK for you to now order the Central front to stage a counter-attack in the general direction of the Orel sector, thus unfolding a powerful three-front offensive on the Orel region...",6,"Excellent work comrade Zhukov!  Although the Germans still hold the Sinyavino heights, under your leadership and guidance, the fronts have met, and thus a land corridor has been opened into Leningrad! The city is still partially under siege, but emergency supply trucks are entering Leningrad as we speak, carrying much needed food and supplies. Once this second "" Road of Life"" is finished being constructed within the liberated corridor, Leningrad should be able to be supplied with all necessities until the Siege can be completely lifted. Congratulations, you have been promoted to Marshal of the Soviet Union!"
Zhukov: Red God of War (1939-1945),5,"Comrade Zhukov, I am sure that Stalin has already briefed you on the importance of this operation to our starving people trapped in Leningrad. They are depending for their lives on your leadership of the Leningrad and Volkov fronts!",VICTORY,700,"Comrade Zhukov, your prediction made back in April has come to pass! The Germans have launched a massive attack towards Kursk. But as you have also foreseen, the German onslaught has more or less stalled in front of our defensive preparations. As per your orders, General Popov's Bryansk front, and General Sokolovsky's Western front,  have a few days ago initiated their attacks in the direction of Orel. As STAVKA  advisor to General Rokossovsky's Central front, Stalin has given the OK for you to now order the Central front to stage a counter-attack in the general direction of the Orel sector, thus unfolding a powerful three-front offensive on the Orel region...",6,"Good work comrade Zhukov! Although the Germans still hold the Sinyavino heights, under your leadership and guidance, the fronts have met, and thus a land corridor has been opened into Leningrad! The city is still partially under siege, but emergency supply trucks are entering Leningrad as we speak, carrying much needed food and supplies. Once this second "" Road of Life"" is finished being constructed within the liberated corridor, Leningrad should be able to be supplied with all necessities until the Siege can be completely lifted. Congratulations, you have been promoted to Marshal of the Soviet Union!"
Zhukov: Red God of War (1939-1945),5,"Comrade Zhukov, I am sure that Stalin has already briefed you on the importance of this operation to our starving people trapped in Leningrad. They are depending for their lives on your leadership of the Leningrad and Volkov fronts!",TACTICAL,700,"Comrade Zhukov, your prediction made back in April has come to pass! The Germans have launched a massive attack towards Kursk. But as you have also foreseen, the German onslaught has more or less stalled in front of our defensive preparations. As per your orders, General Popov's Bryansk front, and General Sokolovsky's Western front,  have a few days ago initiated their attacks in the direction of Orel. As STAVKA  advisor to General Rokossovsky's Central front, Stalin has given the OK for you to now order the Central front to stage a counter-attack in the general direction of the Orel sector, thus unfolding a powerful three-front offensive on the Orel region...",6,"Well done comrade Zhukov.  Although the Germans still hold the Sinyavino heights, under your leadership and guidance, the fronts have met, and thus a land corridor has been opened into Leningrad! The city is still partially under siege, but emergency supply trucks are entering Leningrad as we speak, carrying much needed food and supplies. Once this second "" Road of Life"" is finished being constructed within the liberated corridor, Leningrad should be able to be supplied with all necessities until the Siege can be completely lifted. Congratulations, you have been promoted to Marshal of the Soviet Union!"
Zhukov: Red God of War (1939-1945),5,"Comrade Zhukov, I am sure that Stalin has already briefed you on the importance of this operation to our starving people trapped in Leningrad. They are depending for their lives on your leadership of the Leningrad and Volkov fronts!",LOSE,0,CAMPAIGN END / DEFEAT,255,"Comrade Generall, I have heard rumours that comrade Stalin is relieving you of your command. Don't worry, I think he appreciates all that you have done, but maybe he feels that you need a rest. Perhaps he has lined up a nice easy desk job for you at headquarters in Moscow?"
Zhukov: Red God of War (1939-1945),6,"Comrade Zhukov, your prediction made back in April has come to pass! The Germans have launched a massive attack towards Kursk. But as you have also foreseen, the German onslaught has more or less stalled in front of our defensive preparations. As per your orders, General Popov's Bryansk front, and General Sokolovsky's Western front,  have a few days ago initiated their attacks in the direction of Orel. As STAVKA  advisor to General Rokossovsky's Central front, Stalin has given the OK for you to now order the Central front to stage a counter-attack in the general direction of the Orel sector, thus unfolding a powerful three-front offensive on the Orel region...",BRILIANT,800,"Comrade Marshal, the joint attack by your 1st Ukrainian Front and Marshal Konev's 2nd Ukrainian Front has been approved by Stalin! The 2nd Ukrainian Front will move against Uman tommorrow, and then with any luck, we will end up encircling  the 1st Panzer Armee in the Kamenets-Podolsk region...",7,"Excellent work comrade! Your's and Rokossovsky's joint handling of the situation has sent the Germans reeling back under the weight of the Central front's advance, forcing  the German command to acknowledge the failure of Operation Citadel. As a result, the Germans have decided to pull von Manstein's forces back to their starting line in order to save it's troops from complete defeat..."
Zhukov: Red God of War (1939-1945),6,"Comrade Zhukov, your prediction made back in April has come to pass! The Germans have launched a massive attack towards Kursk. But as you have also foreseen, the German onslaught has more or less stalled in front of our defensive preparations. As per your orders, General Popov's Bryansk front, and General Sokolovsky's Western front,  have a few days ago initiated their attacks in the direction of Orel. As STAVKA  advisor to General Rokossovsky's Central front, Stalin has given the OK for you to now order the Central front to stage a counter-attack in the general direction of the Orel sector, thus unfolding a powerful three-front offensive on the Orel region...",VICTORY,800,"Comrade Marshal, the joint attack by your 1st Ukrainian Front and Marshal Konev's 2nd Ukrainian Front has been approved by Stalin! The 2nd Ukrainian Front will move against Uman tommorrow, and then with any luck, we will end up encircling  the 1st Panzer Armee in the Kamenets-Podolsk region...",7,"Good work comrade. Your's and Rokossovsky's joint handling of the situation has sent the Germans reeling back under the weight of the Central front's advance, forcing  the German command to acknowledge the failure of Operation Citadel. As a result, the Germans have decided to pull von Manstein's forces back to their starting line in order to save it's troops from complete defeat..."
Zhukov: Red God of War (1939-1945),6,"Comrade Zhukov, your prediction made back in April has come to pass! The Germans have launched a massive attack towards Kursk. But as you have also foreseen, the German onslaught has more or less stalled in front of our defensive preparations. As per your orders, General Popov's Bryansk front, and General Sokolovsky's Western front,  have a few days ago initiated their attacks in the direction of Orel. As STAVKA  advisor to General Rokossovsky's Central front, Stalin has given the OK for you to now order the Central front to stage a counter-attack in the general direction of the Orel sector, thus unfolding a powerful three-front offensive on the Orel region...",TACTICAL,800,"Comrade Marshal, the joint attack by your 1st Ukrainian Front and Marshal Konev's 2nd Ukrainian Front has been approved by Stalin! The 2nd Ukrainian Front will move against Uman tommorrow, and then with any luck, we will end up encircling  the 1st Panzer Armee in the Kamenets-Podolsk region...",7,"Despite fierce resistance, Your's and Rokossovsky's joint handling of the situation has sent the Germans reeling back under the weight of the Central front's advance, forcing  the German command to acknowledge the failure of Operation Citadel. As a result, the Germans have decided to pull von Manstein's forces back to their starting line in order to save it's troops from complete defeat..."
Zhukov: Red God of War (1939-1945),6,"Comrade Zhukov, your prediction made back in April has come to pass! The Germans have launched a massive attack towards Kursk. But as you have also foreseen, the German onslaught has more or less stalled in front of our defensive preparations. As per your orders, General Popov's Bryansk front, and General Sokolovsky's Western front,  have a few days ago initiated their attacks in the direction of Orel. As STAVKA  advisor to General Rokossovsky's Central front, Stalin has given the OK for you to now order the Central front to stage a counter-attack in the general direction of the Orel sector, thus unfolding a powerful three-front offensive on the Orel region...",LOSE,0,CAMPAIGN END / DEFEAT,255,"Comrade Marshal, I have heard rumours that comrade Stalin is relieving you of your command. Don't worry, I think he appreciates all that you have done, but maybe he feels that you need a rest. Perhaps he has lined up a nice easy desk job for you at headquarters in Moscow?"
Zhukov: Red God of War (1939-1945),7,"Comrade Marshal, the joint attack by your 1st Ukrainian Front and Marshal Konev's 2nd Ukrainian Front has been approved by Stalin! The 2nd Ukrainian Front will move against Uman tommorrow, and then with any luck, we will end up encircling  the 1st Panzer Armee in the Kamenets-Podolsk region...",BRILIANT,400,"Good Morning Comrade Marshal. Since you are now Stavka coordinator for both the 1st and 2nd Belorussian fronts, and we know how you like to be close to the front lines with your troops, Stalin has given you the option to decide at which front you would like to be...",8,"Excellent work comrade Zhukov!, but unfortunately, even though we managed to encircle the 1st Panzer Armee and capture Kamenets-Podolsk, the Germans have counter-attacked, cutting off our forces, thus their breakout attempt continues. You have been re-assigned as STAVKA coordinator to both General Rokossovsky's 1st Belorussian Front, and General Zakharov's 2nd Belorussian Front..."
Zhukov: Red God of War (1939-1945),7,"Comrade Marshal, the joint attack by your 1st Ukrainian Front and Marshal Konev's 2nd Ukrainian Front has been approved by Stalin! The 2nd Ukrainian Front will move against Uman tommorrow, and then with any luck, we will end up encircling  the 1st Panzer Armee in the Kamenets-Podolsk region...",VICTORY,400,"Good Morning Comrade Marshal. Since you are now Stavka coordinator for both the 1st and 2nd Belorussian fronts, and we know how you like to be close to the front lines with your troops, Stalin has given you the option to decide at which front you would like to be...",8,"Good work comrade Zhukov. But unfortunately, even though we managed to encircle the 1st Panzer Armee and capture Kamenets-Podolsk, the Germans have counter-attacked, cutting off our forces, thus their breakout attempt continues. You have been re-assigned as STAVKA coordinator to both General Rokossovsky's 1st Belorussian Front, and General Zakharov's 2nd Belorussian Front..."
Zhukov: Red God of War (1939-1945),7,"Comrade Marshal, the joint attack by your 1st Ukrainian Front and Marshal Konev's 2nd Ukrainian Front has been approved by Stalin! The 2nd Ukrainian Front will move against Uman tommorrow, and then with any luck, we will end up encircling  the 1st Panzer Armee in the Kamenets-Podolsk region...",TACTICAL,400,"Good Morning Comrade Marshal. Since you are now Stavka coordinator for both the 1st and 2nd Belorussian fronts, and we know how you like to be close to the front lines with your troops, Stalin has given you the option to decide at which front you would like to be...",8,"Despite fierce resistance, we have managed to encircle the 1st Panzer Armee and capture Kamenets-Podolsk. But unfortunately, the Germans have counter-attacked, cutting off our forces, thus their breakout attempt continues. You have been re-assigned as STAVKA coordinator to both General Rokossovsky's 1st Belorussian Front, and General Zakharov's 2nd Belorussian Front..."
Zhukov: Red God of War (1939-1945),7,"Comrade Marshal, the joint attack by your 1st Ukrainian Front and Marshal Konev's 2nd Ukrainian Front has been approved by Stalin! The 2nd Ukrainian Front will move against Uman tommorrow, and then with any luck, we will end up encircling  the 1st Panzer Armee in the Kamenets-Podolsk region...",LOSE,0,CAMPAIGN END / DEFEAT,255,"Comrade Marshal, I have heard rumours that comrade Stalin is relieving you of your command. Don't worry, I think he appreciates all that you have done, but maybe he feels that you need a rest. Perhaps he has lined up a nice easy desk job for you at headquarters in Moscow?"
Zhukov: Red God of War (1939-1945),8,"Good Morning Comrade Marshal. Since you are now Stavka coordinator for both the 1st and 2nd Belorussian fronts, and we know how you like to be close to the front lines with your troops, Stalin has given you the option to decide at which front you would like to be...",BRILIANT,0,CAMPAIGN END / DEFEAT,255,nyet
Zhukov: Red God of War (1939-1945),8,"Good Morning Comrade Marshal. Since you are now Stavka coordinator for both the 1st and 2nd Belorussian fronts, and we know how you like to be close to the front lines with your troops, Stalin has given you the option to decide at which front you would like to be...",VICTORY,0,"Comrade Marshal, latest intelligence and recon reports show that the Germans have made extensive defensive preparations around Bobruisk, and have declared it a fortified area, nonetheless, we will proceed as planned. As you already know, the goal of this operation is twofold: breakthrough the defensive positions and take Bobruisk, and exploit any gaps that are opened, with the objective of forcing open a southern route towards Minsk...",9,"Very well then, the 1st Belorussian front it is! Your order's for the 2nd Belorussian front will now be forwarded to General Zakharov. We will try to keep you informed of their progress..."
Zhukov: Red God of War (1939-1945),8,"Good Morning Comrade Marshal. Since you are now Stavka coordinator for both the 1st and 2nd Belorussian fronts, and we know how you like to be close to the front lines with your troops, Stalin has given you the option to decide at which front you would like to be...",TACTICAL,0,"STAVKA agrees with you Comrade Marshal; the drive to capture Mogilev will be critical to the overall success of the Bagration operation. The German forces holding the Mogilev sector have a high proportion of very good units which cannot be allowed to reinforce either of the sectors to the north or south. Your's and general Zakarov's primary objectives are: capture Mogilev, thus taking control of the network of roads running from Mogilev to Minsk, and also to pin down the bulk of the German 4th Armee while the parallel offensives are taking place around Vitebsk and Bobruisk...",12,"Very well then, the 2nd Belorussian it is! Your orders for the 1st Belorussian front will now be forwarded to General  Rokossovsky. We will try to keep you informed of their progress..."
Zhukov: Red God of War (1939-1945),8,"Good Morning Comrade Marshal. Since you are now Stavka coordinator for both the 1st and 2nd Belorussian fronts, and we know how you like to be close to the front lines with your troops, Stalin has given you the option to decide at which front you would like to be...",LOSE,0,"Good Morning Comrade Marshal. Since you are now Stavka coordinator for both the 1st and 2nd Belorussian fronts, and we know how you like to be close to the front lines with your troops, Stalin has given you the option to decide at which front you would like to be...",8,really?
Zhukov: Red God of War (1939-1945),9,"Comrade Marshal, latest intelligence and recon reports show that the Germans have made extensive defensive preparations around Bobruisk, and have declared it a fortified area, nonetheless, we will proceed as planned. As you already know, the goal of this operation is twofold: breakthrough the defensive positions and take Bobruisk, and exploit any gaps that are opened, with the objective of forcing open a southern route towards Minsk...",BRILIANT,450,"Comrade Marshal, due to the staggering success of the Belorussian operations thus far, Stalin has decided to implement the plan for the expansion of the offensive to the Northern and Southern flanks. You will now ""suggest"" to Rokossovsky that he deploy the left wing of the 1st Belorussian front to the south of the Pripet  Marshes. From there, see to it that  Brest-Litovsk is taken...",10,"Excellent work comrade Marshal! Bobruisk is ours again, and a southern route into Minsk has been opened. But not only that! 5 divisions of 9th Armee's XXXV Korps have been trapped, along with elements of the XXXXI Panzer Korps that were not able to break out..."
Zhukov: Red God of War (1939-1945),9,"Comrade Marshal, latest intelligence and recon reports show that the Germans have made extensive defensive preparations around Bobruisk, and have declared it a fortified area, nonetheless, we will proceed as planned. As you already know, the goal of this operation is twofold: breakthrough the defensive positions and take Bobruisk, and exploit any gaps that are opened, with the objective of forcing open a southern route towards Minsk...",VICTORY,450,"Comrade Marshal, due to the staggering success of the Belorussian operations thus far, Stalin has decided to implement the plan for the expansion of the offensive to the Northern and Southern flanks. You will now ""suggest"" to Rokossovsky that he deploy the left wing of the 1st Belorussian front to the south of the Pripet  Marshes. From there, see to it that  Brest-Litovsk is taken...",10,"Good work comrade Marshal! Bobruisk is ours again, and a southern route into Minsk has been opened. But not only that! 5 divisions of 9th Armee's XXXV Korps have been trapped, along with elements of the XXXXI Panzer Korps that were not able to break out..."
Zhukov: Red God of War (1939-1945),9,"Comrade Marshal, latest intelligence and recon reports show that the Germans have made extensive defensive preparations around Bobruisk, and have declared it a fortified area, nonetheless, we will proceed as planned. As you already know, the goal of this operation is twofold: breakthrough the defensive positions and take Bobruisk, and exploit any gaps that are opened, with the objective of forcing open a southern route towards Minsk...",TACTICAL,450,"Comrade Marshal, due to the staggering success of the Belorussian operations thus far, Stalin has decided to implement the plan for the expansion of the offensive to the Northern and Southern flanks. You will now ""suggest"" to Rokossovsky that he deploy the left wing of the 1st Belorussian front to the south of the Pripet  Marshes. From there, see to it that  Brest-Litovsk is taken...",10,"Despite fierce resistance, Bobruisk is ours again, and a southern route into Minsk has been opened. But not only that! 5 divisions of 9th Armee's XXXV Korps have been trapped, along with elements of the XXXXI Panzer Korps that were not able to break out..."
Zhukov: Red God of War (1939-1945),9,"Comrade Marshal, latest intelligence and recon reports show that the Germans have made extensive defensive preparations around Bobruisk, and have declared it a fortified area, nonetheless, we will proceed as planned. As you already know, the goal of this operation is twofold: breakthrough the defensive positions and take Bobruisk, and exploit any gaps that are opened, with the objective of forcing open a southern route towards Minsk...",LOSE,0,CAMPAIGN END / DEFEAT,255,"Comrade Marshal, I have heard rumours that comrade Stalin is relieving you of your command. Don't worry, I think he appreciates all that you have done, but maybe he feels that you need a rest. Perhaps he has lined up a nice easy desk job for you at headquarters in Moscow?"
Zhukov: Red God of War (1939-1945),10,"Comrade Marshal, due to the staggering success of the Belorussian operations thus far, Stalin has decided to implement the plan for the expansion of the offensive to the Northern and Southern flanks. You will now ""suggest"" to Rokossovsky that he deploy the left wing of the 1st Belorussian front to the south of the Pripet  Marshes. From there, see to it that  Brest-Litovsk is taken...",BRILIANT,600,"Comrade Marshal, as you know, two bridgeheads over the Vistula have already been secured in preparation for the drive into Warsaw, and now that You and  Rokossovsky are finished preparing, Stalin has given the go ahead for the last remaining key German bridgehead on the east bank to be taken, thus eliminating a dangerous bulge in the Vistula Front, which Stalin would like to have straightened out before starting any large scale operations. But, just between You and Me comrade, I think Stalin also sees this operation as an opportunity to appear to the world as finally addressing the situation in Warsaw...",11,"Excellent work comrade Marshal! Brest-Litovsk is ours again. Stalin is also pleased that You and Rokossovsky were able to exploit the success, and as a result, continue the drive west towards the Vistula river..."
Zhukov: Red God of War (1939-1945),10,"Comrade Marshal, due to the staggering success of the Belorussian operations thus far, Stalin has decided to implement the plan for the expansion of the offensive to the Northern and Southern flanks. You will now ""suggest"" to Rokossovsky that he deploy the left wing of the 1st Belorussian front to the south of the Pripet  Marshes. From there, see to it that  Brest-Litovsk is taken...",VICTORY,600,"Comrade Marshal, as you know, two bridgeheads over the Vistula have already been secured in preparation for the drive into Warsaw, and now that You and  Rokossovsky are finished preparing, Stalin has given the go ahead for the last remaining key German bridgehead on the east bank to be taken, thus eliminating a dangerous bulge in the Vistula Front, which Stalin would like to have straightened out before starting any large scale operations. But, just between You and Me comrade, I think Stalin also sees this operation as an opportunity to appear to the world as finally addressing the situation in Warsaw...",11,"Good work comrade Marshal! Brest-Litovsk is ours again. Stalin is also pleased that You and Rokossovsky were able to exploit the success, and as a result, continue the drive west towards the Vistula river..."
Zhukov: Red God of War (1939-1945),10,"Comrade Marshal, due to the staggering success of the Belorussian operations thus far, Stalin has decided to implement the plan for the expansion of the offensive to the Northern and Southern flanks. You will now ""suggest"" to Rokossovsky that he deploy the left wing of the 1st Belorussian front to the south of the Pripet  Marshes. From there, see to it that  Brest-Litovsk is taken...",TACTICAL,600,"Comrade Marshal, as you know, two bridgeheads over the Vistula have already been secured in preparation for the drive into Warsaw, and now that You and  Rokossovsky are finished preparing, Stalin has given the go ahead for the last remaining key German bridgehead on the east bank to be taken, thus eliminating a dangerous bulge in the Vistula Front, which Stalin would like to have straightened out before starting any large scale operations. But, just between You and Me comrade, I think Stalin also sees this operation as an opportunity to appear to the world as finally addressing the situation in Warsaw...",11,"Despite fierce resistance, Brest-Litovsk is ours again. Stalin is also pleased that You and Rokossovsky were able to exploit the success, and as a result, continue the drive west towards the Vistula river..."
Zhukov: Red God of War (1939-1945),10,"Comrade Marshal, due to the staggering success of the Belorussian operations thus far, Stalin has decided to implement the plan for the expansion of the offensive to the Northern and Southern flanks. You will now ""suggest"" to Rokossovsky that he deploy the left wing of the 1st Belorussian front to the south of the Pripet  Marshes. From there, see to it that  Brest-Litovsk is taken...",LOSE,0,CAMPAIGN END / DEFEAT,255,"Comrade Marshal, I have heard rumours that comrade Stalin is relieving you of your command. Don't worry, I think he appreciates all that you have done, but maybe he feels that you need a rest. Perhaps he has lined up a nice easy desk job for you at headquarters in Moscow?"
Zhukov: Red God of War (1939-1945),11,"Comrade Marshal, as you know, two bridgeheads over the Vistula have already been secured in preparation for the drive into Warsaw, and now that You and  Rokossovsky are finished preparing, Stalin has given the go ahead for the last remaining key German bridgehead on the east bank to be taken, thus eliminating a dangerous bulge in the Vistula Front, which Stalin would like to have straightened out before starting any large scale operations. But, just between You and Me comrade, I think Stalin also sees this operation as an opportunity to appear to the world as finally addressing the situation in Warsaw...",BRILIANT,600,"Comrade Marshal, seeing as the German counter attack has been blunted here in the Arnswalde sector with the result that the Germans are slowly falling back to their staging areas, Stalin suggests that you take the initiative and drive as far west as you can! This will assist Rossokovsky and the 2nd Belorussian front in clearing the enemy from all of Eastern Pomerania between Danzig and Stettin...",15,"Excellent work comrade Marshal! The Germans have been forced back over to the west bank of the Vistula, but unfortunately, they managed to destroy the bridgehead, thus making it much harder now to relieve the uprising...

November 16 1944

Comrade Marshal, STAVKA has directed that you now be informed of your assignment to direct command of the 1st Belorussian front, while Marshal Rossokovsky has been appointed commander of 2nd Belorussian front, effective immediately..."
Zhukov: Red God of War (1939-1945),11,"Comrade Marshal, as you know, two bridgeheads over the Vistula have already been secured in preparation for the drive into Warsaw, and now that You and  Rokossovsky are finished preparing, Stalin has given the go ahead for the last remaining key German bridgehead on the east bank to be taken, thus eliminating a dangerous bulge in the Vistula Front, which Stalin would like to have straightened out before starting any large scale operations. But, just between You and Me comrade, I think Stalin also sees this operation as an opportunity to appear to the world as finally addressing the situation in Warsaw...",VICTORY,600,"Comrade Marshal, seeing as the German counter attack has been blunted here in the Arnswalde sector with the result that the Germans are slowly falling back to their staging areas, Stalin suggests that you take the initiative and drive as far west as you can! This will assist Rossokovsky and the 2nd Belorussian front in clearing the enemy from all of Eastern Pomerania between Danzig and Stettin...",15,"Good work comrade Marshal! The Germans have been forced back over to the west bank of the Vistula, but unfortunately, they managed to destroy the bridgehead, thus making it much harder now to relieve the uprising...

November 16 1944

Comrade Marshal, STAVKA has directed that you now be informed of your assignment to direct command of the 1st Belorussian front, while Marshal Rossokovsky has been appointed commander of 2nd Belorussian front, effective immediately..."
Zhukov: Red God of War (1939-1945),11,"Comrade Marshal, as you know, two bridgeheads over the Vistula have already been secured in preparation for the drive into Warsaw, and now that You and  Rokossovsky are finished preparing, Stalin has given the go ahead for the last remaining key German bridgehead on the east bank to be taken, thus eliminating a dangerous bulge in the Vistula Front, which Stalin would like to have straightened out before starting any large scale operations. But, just between You and Me comrade, I think Stalin also sees this operation as an opportunity to appear to the world as finally addressing the situation in Warsaw...",TACTICAL,600,"Comrade Marshal, seeing as the German counter attack has been blunted here in the Arnswalde sector with the result that the Germans are slowly falling back to their staging areas, Stalin suggests that you take the initiative and drive as far west as you can! This will assist Rossokovsky and the 2nd Belorussian front in clearing the enemy from all of Eastern Pomerania between Danzig and Stettin...",15,"Despite fierce resistance, the Germans have been forced back over to the west bank of the Vistula, but unfortunately, they managed to destroy the bridgehead, thus making it much harder now to relieve the uprising...

November 16 1944

Comrade Marshal, STAVKA has directed that you now be informed of your assignment to direct command of the 1st Belorussian front, while Marshal Rossokovsky has been appointed commander of 2nd Belorussian front, effective immediately..."
Zhukov: Red God of War (1939-1945),11,"Comrade Marshal, as you know, two bridgeheads over the Vistula have already been secured in preparation for the drive into Warsaw, and now that You and  Rokossovsky are finished preparing, Stalin has given the go ahead for the last remaining key German bridgehead on the east bank to be taken, thus eliminating a dangerous bulge in the Vistula Front, which Stalin would like to have straightened out before starting any large scale operations. But, just between You and Me comrade, I think Stalin also sees this operation as an opportunity to appear to the world as finally addressing the situation in Warsaw...",LOSE,0,CAMPAIGN END / DEFEAT,255,"Comrade Marshal, I have heard rumours that comrade Stalin is relieving you of your command. Don't worry, I think he appreciates all that you have done, but maybe he feels that you need a rest. Perhaps he has lined up a nice easy desk job for you at headquarters in Moscow?"
Zhukov: Red God of War (1939-1945),12,"STAVKA agrees with you Comrade Marshal; the drive to capture Mogilev will be critical to the overall success of the Bagration operation. The German forces holding the Mogilev sector have a high proportion of very good units which cannot be allowed to reinforce either of the sectors to the north or south. Your's and general Zakarov's primary objectives are: capture Mogilev, thus taking control of the network of roads running from Mogilev to Minsk, and also to pin down the bulk of the German 4th Armee while the parallel offensives are taking place around Vitebsk and Bobruisk...",BRILIANT,450,"Comrade Marshal, now that the trapped German 4th Armee has, for the most part, been reduced in the pocket east of Minsk, STAVKA has issued  new objectives for You and general Zakharov; secure the Novogrudok area, capture the key points of enemy resistance, especially Grodno and Volkovysk, and advance in the direction of Bialystok. To aid you in this task, STAVKA has subordinated the 3rd army from the 1st Belorussian front to be under your command, and has ordered elements of the 3rd Belorussian front to provide support for the duration of this operation...",13,"Excellent work comrade Marshal!, Mogilev is ours again and 4th Armee has been pushed back to Minsk preventing them from disengaging in time to reinforce Vitebsk and Bobruisk, resulting in roughly 30,000 German troops being surrounded at Vitebsk, and the encirclement of 5 divisions in the Bobruisk sector!"
Zhukov: Red God of War (1939-1945),12,"STAVKA agrees with you Comrade Marshal; the drive to capture Mogilev will be critical to the overall success of the Bagration operation. The German forces holding the Mogilev sector have a high proportion of very good units which cannot be allowed to reinforce either of the sectors to the north or south. Your's and general Zakarov's primary objectives are: capture Mogilev, thus taking control of the network of roads running from Mogilev to Minsk, and also to pin down the bulk of the German 4th Armee while the parallel offensives are taking place around Vitebsk and Bobruisk...",VICTORY,450,"Comrade Marshal, now that the trapped German 4th Armee has, for the most part, been reduced in the pocket east of Minsk, STAVKA has issued  new objectives for You and general Zakharov; secure the Novogrudok area, capture the key points of enemy resistance, especially Grodno and Volkovysk, and advance in the direction of Bialystok. To aid you in this task, STAVKA has subordinated the 3rd army from the 1st Belorussian front to be under your command, and has ordered elements of the 3rd Belorussian front to provide support for the duration of this operation...",13,"Good work comrade Marshal, Mogilev is ours again and 4th Armee has been pushed back to Minsk preventing them from disengaging in time to reinforce Vitebsk and Bobruisk, resulting in roughly 30,000 German troops being surrounded at Vitebsk, and the encirclement of 5 divisions in the Bobruisk sector!"
Zhukov: Red God of War (1939-1945),12,"STAVKA agrees with you Comrade Marshal; the drive to capture Mogilev will be critical to the overall success of the Bagration operation. The German forces holding the Mogilev sector have a high proportion of very good units which cannot be allowed to reinforce either of the sectors to the north or south. Your's and general Zakarov's primary objectives are: capture Mogilev, thus taking control of the network of roads running from Mogilev to Minsk, and also to pin down the bulk of the German 4th Armee while the parallel offensives are taking place around Vitebsk and Bobruisk...",TACTICAL,450,"Comrade Marshal, now that the trapped German 4th Armee has, for the most part, been reduced in the pocket east of Minsk, STAVKA has issued  new objectives for You and general Zakharov; secure the Novogrudok area, capture the key points of enemy resistance, especially Grodno and Volkovysk, and advance in the direction of Bialystok. To aid you in this task, STAVKA has subordinated the 3rd army from the 1st Belorussian front to be under your command, and has ordered elements of the 3rd Belorussian front to provide support for the duration of this operation...",13,"Despite fierce resistance, Mogilev is ours again and 4th Armee has been pushed back to Minsk preventing them from disengaging in time to reinforce Vitebsk and Bobruisk, resulting in roughly 30,000 German troops being surrounded at Vitebsk, and the encirclement of 5 divisions in the Bobruisk sector!"
Zhukov: Red God of War (1939-1945),12,"STAVKA agrees with you Comrade Marshal; the drive to capture Mogilev will be critical to the overall success of the Bagration operation. The German forces holding the Mogilev sector have a high proportion of very good units which cannot be allowed to reinforce either of the sectors to the north or south. Your's and general Zakarov's primary objectives are: capture Mogilev, thus taking control of the network of roads running from Mogilev to Minsk, and also to pin down the bulk of the German 4th Armee while the parallel offensives are taking place around Vitebsk and Bobruisk...",LOSE,0,CAMPAIGN END / DEFEAT,255,"Comrade Marshal, I have heard rumours that comrade Stalin is relieving you of your command. Don't worry, I think he appreciates all that you have done, but maybe he feels that you need a rest. Perhaps he has lined up a nice easy desk job for you at headquarters in Moscow?"
Zhukov: Red God of War (1939-1945),13,"Comrade Marshal, now that the trapped German 4th Armee has, for the most part, been reduced in the pocket east of Minsk, STAVKA has issued  new objectives for You and general Zakharov; secure the Novogrudok area, capture the key points of enemy resistance, especially Grodno and Volkovysk, and advance in the direction of Bialystok. To aid you in this task, STAVKA has subordinated the 3rd army from the 1st Belorussian front to be under your command, and has ordered elements of the 3rd Belorussian front to provide support for the duration of this operation...",BRILIANT,600,August 6 1944,14,"Excellent work comrade Marshal!, You and Zakharov have acheived in 5 days what STAVKA had allotted 8-11 days to complete! Stalin sends his regards!"
Zhukov: Red God of War (1939-1945),13,"Comrade Marshal, now that the trapped German 4th Armee has, for the most part, been reduced in the pocket east of Minsk, STAVKA has issued  new objectives for You and general Zakharov; secure the Novogrudok area, capture the key points of enemy resistance, especially Grodno and Volkovysk, and advance in the direction of Bialystok. To aid you in this task, STAVKA has subordinated the 3rd army from the 1st Belorussian front to be under your command, and has ordered elements of the 3rd Belorussian front to provide support for the duration of this operation...",VICTORY,600,August 6 1944,14,"Good work comrade Marshal, You and Zakharov have acheived in 5 days what STAVKA had allotted 8-11 days to complete! Stalin sends his regards!"
Zhukov: Red God of War (1939-1945),13,"Comrade Marshal, now that the trapped German 4th Armee has, for the most part, been reduced in the pocket east of Minsk, STAVKA has issued  new objectives for You and general Zakharov; secure the Novogrudok area, capture the key points of enemy resistance, especially Grodno and Volkovysk, and advance in the direction of Bialystok. To aid you in this task, STAVKA has subordinated the 3rd army from the 1st Belorussian front to be under your command, and has ordered elements of the 3rd Belorussian front to provide support for the duration of this operation...",TACTICAL,600,August 6 1944,14,"Despite fierce resistance, You and Zakharov have acheived in 5 days what STAVKA had allotted 8-11 days to complete! Well done!"
Zhukov: Red God of War (1939-1945),13,"Comrade Marshal, now that the trapped German 4th Armee has, for the most part, been reduced in the pocket east of Minsk, STAVKA has issued  new objectives for You and general Zakharov; secure the Novogrudok area, capture the key points of enemy resistance, especially Grodno and Volkovysk, and advance in the direction of Bialystok. To aid you in this task, STAVKA has subordinated the 3rd army from the 1st Belorussian front to be under your command, and has ordered elements of the 3rd Belorussian front to provide support for the duration of this operation...",LOSE,0,CAMPAIGN END / DEFEAT,255,"Comrade Marshal, I have heard rumours that comrade Stalin is relieving you of your command. Don't worry, I think he appreciates all that you have done, but maybe he feels that you need a rest. Perhaps he has lined up a nice easy desk job for you at headquarters in Moscow?"
Zhukov: Red God of War (1939-1945),14,August 6 1944,BRILIANT,600,"Comrade Marshal, seeing as the German counter attack has been blunted here in the Arnswalde sector with the result that the Germans are slowly falling back to their staging areas, Stalin suggests that you take the initiative and drive as far west as you can! This will assist Rossokovsky and the 2nd Belorussian front in clearing the enemy from all of Eastern Pomerania between Danzig and Stettin...",15,"Excellent work comrade Marshal! Although the German defence line on the Narew River remains intact in the Lomza area, Stalin has noted the capture of the fortress of Osowiec and sends congratulations to the units and commanders involved!

November 16 1944

Comrade Marshal, STAVKA has directed that you be informed that you have now been assigned to direct command of the 1st Belorussian front, while Marshal Rossokovsky has been appointed commander of 2nd Belorussian front, effective immediately..."
Zhukov: Red God of War (1939-1945),14,August 6 1944,VICTORY,600,"Comrade Marshal, seeing as the German counter attack has been blunted here in the Arnswalde sector with the result that the Germans are slowly falling back to their staging areas, Stalin suggests that you take the initiative and drive as far west as you can! This will assist Rossokovsky and the 2nd Belorussian front in clearing the enemy from all of Eastern Pomerania between Danzig and Stettin...",15,"Good work comrade Marshal. Although the German defence line on the Narew River remains intact in the Lomza area, Stalin has noted the capture of the fortress of Osowiec and sends congratulations to the units and commanders involved!

November 16 1944

Comrade Marshal, STAVKA has directed that you be informed that you have now been assigned to direct command of the 1st Belorussian front, while Marshal Rossokovsky has been appointed commander of 2nd Belorussian front, effective immediately..."
Zhukov: Red God of War (1939-1945),14,August 6 1944,TACTICAL,600,"Comrade Marshal, seeing as the German counter attack has been blunted here in the Arnswalde sector with the result that the Germans are slowly falling back to their staging areas, Stalin suggests that you take the initiative and drive as far west as you can! This will assist Rossokovsky and the 2nd Belorussian front in clearing the enemy from all of Eastern Pomerania between Danzig and Stettin...",15,"Despite fierce resistance, and the remaining intact of the German line of defence on the Narew River in the Lomza area, Stalin has noted the capture of the fortress of Osowiec and sends congratulations to the units and commanders involved!

November 16 1944

Comrade Marshal, STAVKA has directed that you be informed that you have now been assigned to direct command of the 1st Belorussian front, while Marshal Rossokovsky has been appointed commander of 2nd Belorussian front, effective immediately..."
Zhukov: Red God of War (1939-1945),14,August 6 1944,LOSE,0,CAMPAIGN END / DEFEAT,255,"Comrade Marshal, I have heard rumours that comrade Stalin is relieving you of your command. Don't worry, I think he appreciates all that you have done, but maybe he feels that you need a rest. Perhaps he has lined up a nice easy desk job for you at headquarters in Moscow?"
Zhukov: Red God of War (1939-1945),15,"Comrade Marshal, seeing as the German counter attack has been blunted here in the Arnswalde sector with the result that the Germans are slowly falling back to their staging areas, Stalin suggests that you take the initiative and drive as far west as you can! This will assist Rossokovsky and the 2nd Belorussian front in clearing the enemy from all of Eastern Pomerania between Danzig and Stettin...",BRILIANT,1200,"Comrade Marshal, in view of the existing military and political situation, STAVKA has decided that the Berlin operation should be launched no later than April 16th, so here we are! Reviewing the plan once more: The main thrust toward Berlin and the capture of the city are entrusted to You and the 1st Belorussian front. Marshal Konev's 1st Ukrainian front is to strike from the Neisse river against enemy forces south of Berlin and cut off the main force of Army Group Center, thus securing your operations from the south. Konev should then be in a position to strike at Berlin from the south if necessary. Since Rossokovsky's 2nd Belorussian front will not be able to cross the Oder river before April 20th, you will have to advance with an uncovered right flank for the first crucial days of the operation, but, we have faith in your abilities!",16,Excellent work comrade Marshal! You have managed to secure the Arsnwalde area and breakthrough past Stargard towards Altdamm and Stettin. Now the 2nd Belorussian front will take it from here while most of the elements of your 1st Belorussian front return to the bridgehead at Kustrin in preparation for the final push towards Berlin...
Zhukov: Red God of War (1939-1945),15,"Comrade Marshal, seeing as the German counter attack has been blunted here in the Arnswalde sector with the result that the Germans are slowly falling back to their staging areas, Stalin suggests that you take the initiative and drive as far west as you can! This will assist Rossokovsky and the 2nd Belorussian front in clearing the enemy from all of Eastern Pomerania between Danzig and Stettin...",VICTORY,1200,"Comrade Marshal, in view of the existing military and political situation, STAVKA has decided that the Berlin operation should be launched no later than April 16th, so here we are! Reviewing the plan once more: The main thrust toward Berlin and the capture of the city are entrusted to You and the 1st Belorussian front. Marshal Konev's 1st Ukrainian front is to strike from the Neisse river against enemy forces south of Berlin and cut off the main force of Army Group Center, thus securing your operations from the south. Konev should then be in a position to strike at Berlin from the south if necessary. Since Rossokovsky's 2nd Belorussian front will not be able to cross the Oder river before April 20th, you will have to advance with an uncovered right flank for the first crucial days of the operation, but, we have faith in your abilities!",16,Good work comrade Marshal! You have managed to secure the Arsnwalde area and breakthrough past Stargard towards Altdamm and Stettin. Now the 2nd Belorussian front will take it from here while most of the elements of your 1st Belorussian front return to the bridgehead at Kustrin in preparation for the final push towards Berlin...
Zhukov: Red God of War (1939-1945),15,"Comrade Marshal, seeing as the German counter attack has been blunted here in the Arnswalde sector with the result that the Germans are slowly falling back to their staging areas, Stalin suggests that you take the initiative and drive as far west as you can! This will assist Rossokovsky and the 2nd Belorussian front in clearing the enemy from all of Eastern Pomerania between Danzig and Stettin...",TACTICAL,1200,"Comrade Marshal, in view of the existing military and political situation, STAVKA has decided that the Berlin operation should be launched no later than April 16th, so here we are! Reviewing the plan once more: The main thrust toward Berlin and the capture of the city are entrusted to You and the 1st Belorussian front. Marshal Konev's 1st Ukrainian front is to strike from the Neisse river against enemy forces south of Berlin and cut off the main force of Army Group Center, thus securing your operations from the south. Konev should then be in a position to strike at Berlin from the south if necessary. Since Rossokovsky's 2nd Belorussian front will not be able to cross the Oder river before April 20th, you will have to advance with an uncovered right flank for the first crucial days of the operation, but, we have faith in your abilities!",16,"Despite fierce resistance, you have managed to secure the Arsnwalde area and breakthrough past Stargard towards Altdamm and Stettin. Now the 2nd Belorussian front will take it from here while most of the elements of your 1st Belorussian front return to the bridgehead at Kustrin in preparation for the final push towards Berlin..."
Zhukov: Red God of War (1939-1945),15,"Comrade Marshal, seeing as the German counter attack has been blunted here in the Arnswalde sector with the result that the Germans are slowly falling back to their staging areas, Stalin suggests that you take the initiative and drive as far west as you can! This will assist Rossokovsky and the 2nd Belorussian front in clearing the enemy from all of Eastern Pomerania between Danzig and Stettin...",LOSE,0,CAMPAIGN END / DEFEAT,255,"Comrade Marshal, I have heard rumours that comrade Stalin is relieving you of your command. Don't worry, I think he appreciates all that you have done, but maybe he feels that you need a rest. Perhaps he has lined up a nice easy desk job for you at headquarters in Moscow?"
Zhukov: Red God of War (1939-1945),16,"Comrade Marshal, in view of the existing military and political situation, STAVKA has decided that the Berlin operation should be launched no later than April 16th, so here we are! Reviewing the plan once more: The main thrust toward Berlin and the capture of the city are entrusted to You and the 1st Belorussian front. Marshal Konev's 1st Ukrainian front is to strike from the Neisse river against enemy forces south of Berlin and cut off the main force of Army Group Center, thus securing your operations from the south. Konev should then be in a position to strike at Berlin from the south if necessary. Since Rossokovsky's 2nd Belorussian front will not be able to cross the Oder river before April 20th, you will have to advance with an uncovered right flank for the first crucial days of the operation, but, we have faith in your abilities!",BRILIANT,0,Unknown (ID 254),254,"Historical Note:

 As late as April 30th and May 1st, the Nazi leaders were still playing for time, opening talks for a cease-fire in Berlin and calling on Admiral Donitz's newly proclaimed government to negotiate Germany's surrender. The Soviets held fast to the demand that Germany unconditionally surrender to all the Allies before military activities would be halted. The last ditch German attempt to sow disunity between the Allies had failed. The Soviet forces were then given the order to finish off the enemy. On May 1st 1945 at 6:30pm, the final assault on the center of Berlin began. By 3:00pm May 2nd, it was all over, and from the Reichstag waved the Hammer & Sickle. The fall of Berlin and the link up between the Soviet armies and the Allied troops led to the final collapse of Nazi Germany. The disorganized German army was no longer capable of resistance. Everywhere in Italy and Western Europe, German troops began to capitulate. On May 8th representatives of the German command signed the Act of Unconditional Surrender, thus acknowledging their total defeat...

Hope you enjoyed ZHUKOV: RED GOD OF WAR. Any feedback can be directed to me, MG43, at Sdkfz_173@Yahoo.ca

MG43
08/10"
Zhukov: Red God of War (1939-1945),16,"Comrade Marshal, in view of the existing military and political situation, STAVKA has decided that the Berlin operation should be launched no later than April 16th, so here we are! Reviewing the plan once more: The main thrust toward Berlin and the capture of the city are entrusted to You and the 1st Belorussian front. Marshal Konev's 1st Ukrainian front is to strike from the Neisse river against enemy forces south of Berlin and cut off the main force of Army Group Center, thus securing your operations from the south. Konev should then be in a position to strike at Berlin from the south if necessary. Since Rossokovsky's 2nd Belorussian front will not be able to cross the Oder river before April 20th, you will have to advance with an uncovered right flank for the first crucial days of the operation, but, we have faith in your abilities!",VICTORY,0,Unknown (ID 254),254,"Historical Note:

 As late as April 30th and May 1st, the Nazi leaders were still playing for time, opening talks for a cease-fire in Berlin and calling on Admiral Donitz's newly proclaimed government to negotiate Germany's surrender. The Soviets held fast to the demand that Germany unconditionally surrender to all the Allies before military activities would be halted. The last ditch German attempt to sow disunity between the Allies had failed. The Soviet forces were then given the order to finish off the enemy. On May 1st 1945 at 6:30pm, the final assault on the center of Berlin began. By 3:00pm May 2nd, it was all over, and from the Reichstag waved the Hammer & Sickle. The fall of Berlin and the link up between the Soviet armies and the Allied troops led to the final collapse of Nazi Germany. The disorganized German army was no longer capable of resistance. Everywhere in Italy and Western Europe, German troops began to capitulate. On May 8th representatives of the German command signed the Act of Unconditional Surrender, thus acknowledging their total defeat...

Hope you enjoyed ZHUKOV: RED GOD OF WAR. Any feedback can be directed to me, MG43, at Sdkfz_173@Yahoo.ca

MG43
08/10"
Zhukov: Red God of War (1939-1945),16,"Comrade Marshal, in view of the existing military and political situation, STAVKA has decided that the Berlin operation should be launched no later than April 16th, so here we are! Reviewing the plan once more: The main thrust toward Berlin and the capture of the city are entrusted to You and the 1st Belorussian front. Marshal Konev's 1st Ukrainian front is to strike from the Neisse river against enemy forces south of Berlin and cut off the main force of Army Group Center, thus securing your operations from the south. Konev should then be in a position to strike at Berlin from the south if necessary. Since Rossokovsky's 2nd Belorussian front will not be able to cross the Oder river before April 20th, you will have to advance with an uncovered right flank for the first crucial days of the operation, but, we have faith in your abilities!",TACTICAL,0,Unknown (ID 254),254,"Historical Note:

 As late as April 30th and May 1st, the Nazi leaders were still playing for time, opening talks for a cease-fire in Berlin and calling on Admiral Donitz's newly proclaimed government to negotiate Germany's surrender. The Soviets held fast to the demand that Germany unconditionally surrender to all the Allies before military activities would be halted. The last ditch German attempt to sow disunity between the Allies had failed. The Soviet forces were then given the order to finish off the enemy. On May 1st 1945 at 6:30pm, the final assault on the center of Berlin began. By 3:00pm May 2nd, it was all over, and from the Reichstag waved the Hammer & Sickle. The fall of Berlin and the link up between the Soviet armies and the Allied troops led to the final collapse of Nazi Germany. The disorganized German army was no longer capable of resistance. Everywhere in Italy and Western Europe, German troops began to capitulate. On May 8th representatives of the German command signed the Act of Unconditional Surrender, thus acknowledging their total defeat...

Hope you enjoyed ZHUKOV: RED GOD OF WAR. Any feedback can be directed to me, MG43, at Sdkfz_173@Yahoo.ca

MG43
08/10"
Zhukov: Red God of War (1939-1945),16,"Comrade Marshal, in view of the existing military and political situation, STAVKA has decided that the Berlin operation should be launched no later than April 16th, so here we are! Reviewing the plan once more: The main thrust toward Berlin and the capture of the city are entrusted to You and the 1st Belorussian front. Marshal Konev's 1st Ukrainian front is to strike from the Neisse river against enemy forces south of Berlin and cut off the main force of Army Group Center, thus securing your operations from the south. Konev should then be in a position to strike at Berlin from the south if necessary. Since Rossokovsky's 2nd Belorussian front will not be able to cross the Oder river before April 20th, you will have to advance with an uncovered right flank for the first crucial days of the operation, but, we have faith in your abilities!",LOSE,0,CAMPAIGN END / DEFEAT,255,"Comrade Marshal, I have heard rumours that comrade Stalin is relieving you of your command. Don't worry, I think he appreciates all that you have done, but maybe he feels that you need a rest. Perhaps he has lined up a nice easy desk job for you at headquarters in Moscow?"
Ejercito Popular (1936-1939),0,Batalla por Madrid,BRILIANT,180,Jarama Valley,1,"El ejercito de Africa ha sido frenado en seco!, es el primer exito importante de nuestras valerosas tropas. Gran trabajo, general. Madrid ha sido defendido con exito y ahora se convertira en el ejemplo a seguir por todos los pueblos de este pais, que estan tratando de resistir a la amenaza fascista.

The African Army has been stopped! This is the first important successful action of our soldiers. Great work, Madrid has been successfully defended, and now it will be a resistance symbol for the people of this country fighting against the Fascist menace!"
Ejercito Popular (1936-1939),0,Batalla por Madrid,VICTORY,120,Jarama Valley,1,"El ejercito de Africa ha sido frenado en seco!, es el primer exito importante de nuestras valerosas tropas. Gran trabajo, general. Madrid ha sido defendido con exito y ahora se convertira en el ejemplo a seguir por todos los pueblos de este pais, que estan tratando de resistir a la amenaza fascista.

The African Army has been stopped! This is the first important successful action of our soldiers. Great work, Madrid has been successfully defended, and now it will be a resistance symbol for the people of this country fighting against the Fascist menace!"
Ejercito Popular (1936-1939),0,Batalla por Madrid,TACTICAL,80,Jarama Valley,1,"El ejercito de Africa ha sido frenado en seco!, es el primer exito importante de nuestras valerosas tropas. Gran trabajo, general. Madrid ha sido defendido con exito y ahora se convertira en el ejemplo a seguir por todos los pueblos de este pais, que estan tratando de resistir a la amenaza fascista.

The African Army has been stopped! This is the first important successful action of our soldiers. Great work, Madrid has been successfully defended, and now it will be a resistance symbol for the people of this country fighting against the Fascist menace!"
Ejercito Popular (1936-1939),0,Batalla por Madrid,LOSE,120,CAMPAIGN END / DEFEAT,255,"Asomese a la ventana, lo ve?, las columnas enemigas estan apareciendo por el paseo de la Castellana triunfalmente. No nos queda escapatoria alguna, gracias a su ineptitud la guerra ha terminado para nosotros y seguro que pronto nos fusilaran.

Please, look out the window!  Did you see it? The rebel columns are advancing down Paseo de la Castellana street just now. We have no chance to save ourselves thanks to your stupid actions! Surely, the rebels will execute us soon!"
Ejercito Popular (1936-1939),1,Jarama Valley,BRILIANT,180,Guadalajara,2,"Felicidades!, ha demostrado usted ser un buen mando para el Ejercito Popular. La ofensiva rebelde en el valle del Jarama se ha detenido por el momento y hemos conseguido demostrarles a los rebeldes que nuestras fuerzas deben ser tenidas en cuenta.

Congratulations! You have showed the proper skills to be a good commander for the People's Army. The Rebel offensive has been stopped for the moment, and the fascists have already seen the valor of our troops."
Ejercito Popular (1936-1939),1,Jarama Valley,VICTORY,120,Guadalajara,2,"Felicidades!, ha demostrado usted ser un buen mando para el Ejercito Popular. La ofensiva rebelde en el valle del Jarama se ha detenido por el momento y hemos conseguido demostrarles a los rebeldes que nuestras fuerzas deben ser tenidas en cuenta.

Congratulations! You have showed the proper skills to be a good commander for the People's Army. The Rebel offensive has been stopped for the moment, and the fascists have already seen the valor of our troops."
Ejercito Popular (1936-1939),1,Jarama Valley,TACTICAL,80,Guadalajara,2,"Felicidades!, ha demostrado usted ser un buen mando para el Ejercito Popular. La ofensiva rebelde en el valle del Jarama se ha detenido por el momento y hemos conseguido demostrarles a los rebeldes que nuestras fuerzas deben ser tenidas en cuenta.

Congratulations! You have showed the proper skills to be a good commander for the People's Army. The Rebel offensive has been stopped for the moment, and the fascists have already seen the valor of our troops."
Ejercito Popular (1936-1939),1,Jarama Valley,LOSE,120,CAMPAIGN END / DEFEAT,255,"Asomese a la ventana, lo ve?, las columnas enemigas estan apareciendo por el paseo de la Castellana triunfalmente. No nos queda escapatoria alguna, gracias a su ineptitud la guerra ha terminado para nosotros y seguro que pronto nos fusilaran.

Please, look out the window!  Did you see it? The rebel columns are advancing down Paseo de la Castellana street just now. We have no chance to save ourselves thanks to your stupid actions! Surely, the rebels will execute us soon!"
Ejercito Popular (1936-1939),2,Guadalajara,BRILIANT,300,Ofensiva de Brunete,3,"Magnifico!, los italianos huyen despaboridos mientras los rebeldes tratan de mantener las lineas de frente. Esta derrota despeja por completo el peligro sobre Madrid, al menos por el momento, y nos posibilitara empezar a pensar en acciones ofensivas en semanas posteriores.

Great! The Italians are running to the hills instead of trying to hold their front lines. This victory will stop the rebel menace at Madrid, at least for the moment, and allow us to think about further operations in the coming weeks.

Viva la republica!"
Ejercito Popular (1936-1939),2,Guadalajara,VICTORY,270,Ofensiva de Brunete,3,"Magnifico!, los italianos huyen despaboridos mientras los rebeldes tratan de mantener las lineas de frente. Esta derrota despeja por completo el peligro sobre Madrid, al menos por el momento, y nos posibilitara empezar a pensar en acciones ofensivas en semanas posteriores.

Great! The Italians are running to the hills instead of trying to hold their front lines. This victory will stop the rebel menace at Madrid, at least for the moment, and allow us to think about further operations in the coming weeks.

Viva la republica!"
Ejercito Popular (1936-1939),2,Guadalajara,TACTICAL,200,Ofensiva de Brunete,3,"Magnifico!, los italianos huyen despaboridos mientras los rebeldes tratan de mantener las lineas de frente. Esta derrota despeja por completo el peligro sobre Madrid, al menos por el momento, y nos posibilitara empezar a pensar en acciones ofensivas en semanas posteriores.

Great! The Italians are running to the hills instead of trying to hold their front lines. This victory will stop the rebel menace at Madrid, at least for the moment, and allow us to think about further operations in the coming weeks.

Viva la republica!"
Ejercito Popular (1936-1939),2,Guadalajara,LOSE,120,CAMPAIGN END / DEFEAT,255,"Inepto!, los rebeldes han conseguido cercar la capital y ahora la guerra esta sentenciada, no nos queda escapatoria alguna,  la guerra ha terminado para nosotros y seguro que pronto nos fusilaran.

Please, look out the window! Did you see it?  The rebel columns are entering Paseo de la Castellana street just now. We have no chance to save ourselves thanks to your stupid actions! Surely, the rebels will execute us soon!."
Ejercito Popular (1936-1939),3,Ofensiva de Brunete,BRILIANT,0,Ofensiva de Aragon,4,"Se han alcanzado todos los objetivos de la operacion, sin embargo debido a la superioridad aerea enemiga y a la calidad de sus tropas, debemos retirar nuestras unidades de Brunete a posiciones ligeramente mas al Norte.
Buen trabajo. 

All the goals have been achieved. However, due to the enemy air superiority and the quality of their troops, we must retreat our troops from Brunete to Northern positions.

Good Work. I wish El Ejercito Popular had more commanders of your quality and initiative."
Ejercito Popular (1936-1939),3,Ofensiva de Brunete,VICTORY,0,Ofensiva de Aragon,4,"Se han alcanzado todos los objetivos de la operacion, sin embargo debido a la superioridad aerea enemiga y a la calidad de sus tropas, debemos retirar nuestras unidades de Brunete a posiciones ligeramente mas al Norte.
Buen trabajo. 

All the goals have been achieved. However, due to the enemy air superiority and the quality of their troops, we must retreat our troops from Brunete to Northern positions.

Good Work. I wish El Ejercito Popular had more commanders of your quality and initiative."
Ejercito Popular (1936-1939),3,Ofensiva de Brunete,TACTICAL,0,Ofensiva de Aragon,4,"Se han alcanzado todos los objetivos de la operacion, sin embargo debido a la superioridad aerea enemiga y a la calidad de sus tropas, debemos retirar nuestras unidades de Brunete a posiciones ligeramente mas al Norte.
Buen trabajo. 

All the goals have been achieved. However, due to the enemy air superiority and the quality of their troops, we must retreat our troops from Brunete to Northern positions.

Good Work. I wish El Ejercito Popular had more commanders of your quality and initiative."
Ejercito Popular (1936-1939),3,Ofensiva de Brunete,LOSE,0,CAMPAIGN END / DEFEAT,255,"Inepto!, los rebeldes han conseguido detener la ofensiva por completo y ahora se preparan a lanzar un contraataque que seguro rompera el frente, lo que les permitira cercar la capital. Ahora la guerra esta sentenciada, no nos queda escapatoria alguna,  la guerra ha terminado para nosotros y seguro que pronto nos fusilaran.

Please, look out the window!  Did you see it? The rebel columns are advancing down Paseo de la Castellana street just now. We have no chance to save ourselves thanks to your stupid actions! Surely, the rebels will execute us soon!"
Ejercito Popular (1936-1939),4,Ofensiva de Aragon,BRILIANT,0,Batalla de Teruel,5,"El plan principal ha fracasado... el contraataque enemigo frustro nuestro ataque sobre Zaragoza, sin embargo los servicios de propaganda explotaran esta victoria secundaria en Belchite de la mejor manera posible.

The main plan hasn't been accomplished, the rebel counterattack defeated our attack on Zaragoza. However, our propaganda services will try to exploit this minor victory at Belchite...

However, commandante, you must understand that tactical victories do not balance strategic failures."
Ejercito Popular (1936-1939),4,Ofensiva de Aragon,VICTORY,0,Batalla de Teruel,5,"El plan principal ha fracasado... el contraataque enemigo frustro nuestro ataque sobre Zaragoza, sin embargo los servicios de propaganda explotaran esta victoria secundaria en Belchite de la mejor manera posible.

The main plan hasn't been accomplished, the rebel counterattack defeated our attack on Zaragoza. However, our propaganda services will try to exploit this minor victory at Belchite...

However, commandante, you must understand that tactical victories do not balance strategic failures."
Ejercito Popular (1936-1939),4,Ofensiva de Aragon,TACTICAL,0,Batalla de Teruel,5,"El plan principal ha fracasado... el contraataque enemigo frustro nuestro ataque sobre Zaragoza, sin embargo los servicios de propaganda explotaran esta victoria secundaria en Belchite de la mejor manera posible.

The main plan hasn't been accomplished, the rebel counterattack defeated our attack on Zaragoza. However, our propaganda services will try to exploit this minor victory at Belchite...

However, commandante, you must understand that tactical victories do not balance strategic failures."
Ejercito Popular (1936-1939),4,Ofensiva de Aragon,LOSE,0,CAMPAIGN END / DEFEAT,255,"Esta derrota deja comprometido todo el frente de Aragon... ahora el enemigo tendra facilmente la posibilidad de alcanzar el Mediterraneo sin muchos problemas.

This defeat means the end of the Aragon front. Now the enemy can easily reach the Mediterranean sea without problems.

Commandante, how is your French? No? How about your Portuguese?"
Ejercito Popular (1936-1939),5,Batalla de Teruel,BRILIANT,200,Ofensiva del Ebro,6,"La amenaza sobre Levante se ha disipado tras la captura de Teruel y la derrota del potente contraataque que lanzo el enemigo!. La batalla ha sido terrible, pero la victoria nos ha favorecido.

The rebel offensive in and around Levante has been stopped after our victory in Teruel!. Excellent work!"
Ejercito Popular (1936-1939),5,Batalla de Teruel,VICTORY,150,Ofensiva del Ebro,6,"La amenaza sobre Levante se ha disipado tras la captura de Teruel y la derrota del potente contraataque que lanzo el enemigo!. La batalla ha sido terrible, pero la victoria nos ha favorecido.

The rebel offensive in and around Levante has been stopped after our victory in Teruel!. Excellent work!"
Ejercito Popular (1936-1939),5,Batalla de Teruel,TACTICAL,0,Ofensiva del Ebro,6,"La amenaza sobre Levante se ha disipado tras la captura de Teruel y la derrota del potente contraataque que lanzo el enemigo!. La batalla ha sido terrible, pero la victoria nos ha favorecido.

The rebel offensive in and around Levante has been stopped after our victory in Teruel!. Excellent work!"
Ejercito Popular (1936-1939),5,Batalla de Teruel,LOSE,0,Ofensiva del Ebro,6,"La batalla ha sido terrible... y mas aun lo esta siendo la retirada. Tras capturar Teruel los rebeldes nos han hecho trizas... Este golpe tal vez sea definitivo, a pesar de ello el alto mando seguira necesitando de sus servicios.

The battle has been horrible... and more horrible has been the retreat. After the fall of Teruel, the rebels have overrun our troops. Maybe this strike against El Ejercito Popular has sealed our fate. In spite of your failure here, the high command, and the Republic, still need your services. For all our sakes, you must succeed next time."
Ejercito Popular (1936-1939),6,Ofensiva del Ebro,BRILIANT,180,Batalla del rio Segre,9,"Fantastico!, los rebeldes se baten en retirada, nuestro ataque por sorpresa cruzando el Ebro ha sido todo un exito gracias a su pericia. Ahora todo el sector de Levante que los fascistas habian alcanzado esta comprometido y deberan retirarse de ahi si no quieren verse rodeados. Esta victoria elevara la moral de toda la zona leal al gobierno.

Wonderful! The rebels are in disarray and retreating all their units in the sector. Our surprise attack across the Ebro has been totally accomplished thanks to your skills, and brave soldiers. Now, all of the Levante sector under rebel control is in chaos and will soon be recaptured by El Ejercito Popular. This victory will increase the morale of all the citizens of free Spain!

Congratulations, General."
Ejercito Popular (1936-1939),6,Ofensiva del Ebro,VICTORY,0,Contraofensiva del Ebro,7,"Hemos conseguido alcanzar una victoria estrategica, pero el enemigo ha sabido encajar el golpe y la ofensiva no va a tener los efectos planeados... ahora se espera un fuerte contraataque enemigo. Prepare las trincheras.

We have achieved a minor victory, however the enemy has stopped our advance and in several other sectors.  The planned offensive won't reach all the main goals, and many enemy formations are still operational.  Intelligence has warned of a counterattack in your sector soon.  I advise you to order your troops to dig in.

Commandante, you must hold your lines if the Republic is to survive."
Ejercito Popular (1936-1939),6,Ofensiva del Ebro,TACTICAL,0,Contraofensiva del Ebro,7,"Hemos conseguido alcanzar una victoria estrategica, pero el enemigo ha sabido encajar el golpe y la ofensiva no va a tener los efectos planeados... ahora se espera un fuerte contraataque enemigo. Prepare las trincheras.

We have achieved a minor victory, however the enemy has stopped our advance and in several other sectors.  The planned offensive won't reach all the main goals, and many enemy formations are still operational.  Intelligence has warned of a counterattack in your sector soon.  I advise you to order your troops to dig in.

Commandante, you must hold your lines if the Republic is to survive."
Ejercito Popular (1936-1939),6,Ofensiva del Ebro,LOSE,0,Contraofensiva del Ebro,7,"Hemos conseguido alcanzar una victoria estrategica, pero el enemigo ha sabido encajar el golpe y la ofensiva no va a tener los efectos planeados... ahora se espera un fuerte contraataque enemigo. Prepare las trincheras.

We have achieved a minor victory, however the enemy has stopped our advance here and in several other sectors. The planned offensive won't accomplish all of its main goals, and many enemy formations are still operational. Intelligence has warned of a counterattack in your sector soon. I advise you to order your troops to dig in.

Commandante, you must hold your lines if the Republic is to survive."
Ejercito Popular (1936-1939),7,Contraofensiva del Ebro,BRILIANT,0,CAMPAIGN END / DEFEAT,255,"Que...?? a donde va con esas tropas?, que clase de retirada ha planeado?, su cobardia muestra que no es apto para el Ejercito Popular.

What!??  Where are you going with those troops!!??  What kind of retreat are you making???  Your cowardice shows you are not the general which the People's Army needs! You are dismissed, as an officer, but not from the army, private!

Remember, ""Victoria o muerte,"" but with this performance, death seems more likely."
Ejercito Popular (1936-1939),7,Contraofensiva del Ebro,VICTORY,120,Batalla del rio Segre,8,"Hemos conseguido hacer una retirada medianamente ordenada, sin embargo algunas unidades han quedado atras y han sido capturadas por el enemigo.

The retreat was successful, Senor General, although a few more of our units have been captured by the enemy."
Ejercito Popular (1936-1939),7,Contraofensiva del Ebro,TACTICAL,80,Batalla del rio Segre,8,"Afortunadamente hemos conseguido hacer una retirada ordenada y la mayor parte del Ejercito Popular ha cruzado en direccion contraria el rio Ebro.

Fortunately, you have managed to make a careful retreat to the other bank of the river, and most of the People's Army is now safe for the moment.  Unfortunately, careful retreats and saving what is left of our army will not defeat the Falangists."
Ejercito Popular (1936-1939),7,Contraofensiva del Ebro,LOSE,120,CAMPAIGN END / DEFEAT,255,"Ah!, un general republicano!, el alto mando del generalisimo estara encantado de saber que ademas de haber destruido todo su sucio ''ejercito del Ebro'' hemos capturado a un general rojo. Trataremos de sacar partido con su captura y si no nos sirve le fusilaremos por traicion a la patria!.

Nationalist officer - ""Aha!, a Republican General! The high command of the Generalisimo will be pleased to know that your nasty ''Army of the Ebro'' has been destroyed, and also that we have captured a red general! [evil laughter]. You will be executed soon for your betrayal of Spain!

""Despite you, Spain shall be 'un grande libre.'"""
Ejercito Popular (1936-1939),8,Batalla del rio Segre,BRILIANT,180,Unknown (ID 254),254,"Esta victoria nos permitira respirar un poco mas, pero le informo de que algunos mandos se han pasado al enemigo y otros han huido a traves de la frontera francesa. Personalmente le sugiero que hagamos lo mismo y nos salvemos antes de que sea tarde, la ofensiva rebelde sobre Catalunya continua imparable...

Nota historica--- Historicamente la guerra termino en Abril de 1939, despues de la caida de Catalunya y la redicion de Madrid a las tropas rebeldes.

This victory will allow us to take a breath, but I must warn you that many army officers have joined the enemy! Others have abandoned the fight and crossed the Spanish - French border to escape.  Personally, I advise you to cross the border, too, and save yourself.   I think the rebel offensive is unbeatable now.

Historical note--- The war finally ended in April, 1939 with the rebel victory after the fall of Catalunya and the surrender of Madrid to rebels.  The prelude to WWII was over, and September 1, 1939 was quickly approaching."
Ejercito Popular (1936-1939),8,Batalla del rio Segre,VICTORY,120,Unknown (ID 254),254,"Esta victoria nos permitira respirar un poco mas, pero le informo de que algunos mandos se han pasado al enemigo y otros han huido a traves de la frontera francesa. Personalmente le sugiero que hagamos lo mismo y nos salvemos antes de que sea tarde, la ofensiva rebelde sobre Catalunya continua imparable...

Nota historica--- Historicamente la guerra termino en Abril de 1939, despues de la caida de Catalunya y la redicion de Madrid a las tropas rebeldes.

This victory will allow us to take a breath, but I must warn you that many army officers have joined the enemy! Others have abandoned the fight and crossed the Spanish - French border to escape.  Personally, I advise you to cross the border, too, and save yourself.   I think the rebel offensive is unbeatable now.

Historical note--- The war finally ended in April, 1939 with the rebel victory after the fall of Catalunya and the surrender of Madrid to rebels.  The prelude to WWII was over, and September 1, 1939 was quickly approaching."
Ejercito Popular (1936-1939),8,Batalla del rio Segre,TACTICAL,80,Unknown (ID 254),254,"Esta victoria nos permitira respirar un poco mas, pero le informo de que algunos mandos se han pasado al enemigo y otros han huido a traves de la frontera francesa. Personalmente le sugiero que hagamos lo mismo y nos salvemos antes de que sea tarde, la ofensiva rebelde sobre Catalunya continua imparable...

Nota historica--- Historicamente la guerra termino en Abril de 1939, despues de la caida de Catalunya y la redicion de Madrid a las tropas rebeldes.

This victory will allow us to take a breath, but I must warn you that many army officers have joined the enemy! Others have abandoned the fight and crossed the Spanish - French border to escape.  Personally, I advise you to cross the border, too, and save yourself.   I think the rebel offensive is unbeatable now.

Historical note--- The war finally ended in April, 1939 with the rebel victory after the fall of Catalunya and the surrender of Madrid to rebels.  The prelude to WWII was over, and September 1, 1939 was quickly approaching."
Ejercito Popular (1936-1939),8,Batalla del rio Segre,LOSE,120,CAMPAIGN END / DEFEAT,255,"Ah!, buenos dias ''general''!, el GCG estara contento de saber que hemos dado otro paso adelante en la liberacion de este pais capturando a uno de sus comandantes mas famosos. En adelante se pudrira usted en una de nuestras carceles!.

Nota historica--- Historicamente la guerra termino en Abril de 1939, despues de la caida de Catalunya y la redicion de Madrid a las tropas rebeldes.

Nationalist officer - ""AH!, buenos dias ''general''!  The High Headquarters of Generalisimo Franco will be happy knowing that we have made another step to free this country by capturing one of the most popular Republican generals!  Do you wish to join the victorious side?  No? Then you will surely rot and die in jail. [Evil laughter]""

Historical note--- The war finally end in April of 1939 with the rebel victory after the fall of Catalunya and the surrender of Madrid to rebels."
Ejercito Popular (1936-1939),9,Batalla del rio Segre,BRILIANT,0,Ataque a Zaragoza,10,"Victoria!, el dispositivo ha funcionado y el frente de Catalunya ha caido!, ahora podremos volver a atacar Aragon y su capital Zaragoza con garantias de exito. Se ha abierto el camino a la victoria.

Victory!, the plan has worked, and the rebel positions around Catalunya have fallen!. Now we can attack Aragon and its capital, Zaragoza, again! The path to the victory is opened finally, thanks to the brave soldiers of the Republic and you!"
Ejercito Popular (1936-1939),9,Batalla del rio Segre,VICTORY,0,Ataque a Zaragoza,10,"Victoria!, el dispositivo ha funcionado y el frente de Catalunya ha caido!, ahora podremos volver a atacar Aragon y su capital Zaragoza con garantias de exito. Se ha abierto el camino a la victoria.

Victory!, the plan has worked, and the rebel positions around Catalunya have fallen!. Now we can attack Aragon and its capital, Zaragoza, again! The path to the victory is opened finally, thanks to the brave soldiers of the Republic and you!"
Ejercito Popular (1936-1939),9,Batalla del rio Segre,TACTICAL,0,Ataque a Zaragoza,10,"Victoria!, el dispositivo ha funcionado y el frente de Catalunya ha caido!, ahora podremos volver a atacar Aragon y su capital Zaragoza con garantias de exito. Se ha abierto el camino a la victoria.

Victory!, the plan has worked, and the rebel positions around Catalunya have fallen!. Now we can attack Aragon and its capital, Zaragoza, again! The path to the victory is opened finally, thanks to the brave soldiers of the Republic and you!"
Ejercito Popular (1936-1939),9,Batalla del rio Segre,LOSE,0,CAMPAIGN END / DEFEAT,255,"Ah!, buenos dias ''general''!, el GCG estara contento de saber que hemos dado otro paso adelante en la liberacion de este pais capturando a uno de sus comandantes mas famosos. En adelante se pudrira usted en una de nuestras carceles!.

Nationalist officer - ""AH!, buenos dias ''general''!  The High Headquarters of Generalisimo Franco will be happy knowing that we have made another step to free this country by capturing one of the most popular Republican generals!  Do you wish to join the victorious side?  No? Then you will surely rot and die in jail. [Evil laughter]"""
Ejercito Popular (1936-1939),10,Ataque a Zaragoza,BRILIANT,180,Ceuta,11,"Victoria!, Zaragoza esta ahora en nuestras manos y el camino hacia Burgos esta reabierto.

Viva la Republica y viva Espana!.

Victory! Zaragoza is our hands, and the path to Burgos is open! Good work.

Viva los trabajadores y campesinos!"
Ejercito Popular (1936-1939),10,Ataque a Zaragoza,VICTORY,120,Ceuta,11,"Victoria!, Zaragoza esta ahora en nuestras manos y el camino hacia Burgos esta reabierto.

Viva la Republica y viva Espana!.

Victory! Zaragoza is our hands, and the path to Burgos is open! Good work.

Viva los trabajadores y campesinos!"
Ejercito Popular (1936-1939),10,Ataque a Zaragoza,TACTICAL,80,Ceuta,11,"Victoria!, Zaragoza esta ahora en nuestras manos y el camino hacia Burgos esta reabierto.

Viva la Republica y viva Espana!.

Victory! Zaragoza is our hands, and the path to Burgos is open! Good work.

Viva los trabajadores y campesinos!"
Ejercito Popular (1936-1939),10,Ataque a Zaragoza,LOSE,120,CAMPAIGN END / DEFEAT,255,"Oficial Nacionalista- AH!, que tenemos aqui?, un general republicano!. El alto mando del Generalisimo estara encantado de saber que hemos capturado a un general rojo, esto es un paso mas para librar a este pais de canallas como usted!. Jajaja!, quiere usted unirse al bando que va a vencer?, no?, entonces se pudrira usted en la carcel!.

Nationalist officer - ""AH!, buenos dias ''general''!  The High Headquarters of Generalisimo Franco will be happy knowing that we have made another step to free this country by capturing one of the most popular Republican generals!  Do you wish to join the victorious side?  No? Then you will surely rot and die in jail. [Evil laughter]"""
Ejercito Popular (1936-1939),11,Ceuta,BRILIANT,0,Unknown (ID 254),254,"LA GUERRA HA TERMINADO!, en multitud de puntos del pais se celebra la victoria por todo lo alto!. De ahora en adelante se abre una nueva etapa en la que nuestra patria debe modernizarse y afrontar nuevos desafios. Usted formara parte en adelante de la historia de Espana para siempre.

The WAR IS OVER! All the people are in the streets celebrating the victory of the Republic's victory over the fascist rebels! From now, and in the future, a new political system will try to modernize Spain without any kind of capitalist or traditionalist intervention. Excellent work general, obviously you are one of the new heroes of the Spanish Republic, and your name will be written for ever in the ancient Spanish history."
Ejercito Popular (1936-1939),11,Ceuta,VICTORY,0,Unknown (ID 254),254,"LA GUERRA HA TERMINADO!, en multitud de puntos del pais se celebra la victoria por todo lo alto!. De ahora en adelante se abre una nueva etapa en la que nuestra patria debe modernizarse y afrontar nuevos desafios. Usted formara parte en adelante de la historia de Espana para siempre.

The WAR IS OVER! All the people are in the streets celebrating the victory of the Republic's victory over the fascist rebels! From now, and in the future, a new political system will try to modernize Spain without any kind of capitalist or traditionalist intervention. Excellent work general, obviously you are one of the new heroes of the Spanish Republic, and your name will be written for ever in the ancient Spanish history."
Ejercito Popular (1936-1939),11,Ceuta,TACTICAL,0,Unknown (ID 254),254,"LA GUERRA HA TERMINADO!, en multitud de puntos del pais se celebra la victoria por todo lo alto!. De ahora en adelante se abre una nueva etapa en la que nuestra patria debe modernizarse y afrontar nuevos desafios. Usted formara parte en adelante de la historia de Espana para siempre.

The WAR IS OVER! All the people are in the streets celebrating the victory of the Republic's victory over the fascist rebels! From now, and in the future, a new political system will try to modernize Spain without any kind of capitalist or traditionalist intervention. Excellent work general, obviously you are one of the new heroes of the Spanish Republic, and your name will be written for ever in the ancient Spanish history."
Ejercito Popular (1936-1939),11,Ceuta,LOSE,0,CAMPAIGN END / DEFEAT,255,"Oficial Nacionalista- AH!, que tenemos aqui?, un general republicano!. El alto mando del Generalisimo estara encantado de saber que hemos capturado a un general rojo, esto es un paso mas para librar a este pais de canallas como usted!. Jajaja!, quiere usted unirse al bando que va a vencer?, no?, entonces se pudrira usted en la carcel!.

Nationalist officer - ""AH!, buenos dias ''general''!  The High Headquarters of Generalisimo Franco will be happy knowing that we have made another step to free this country by capturing one of the most popular Republican generals!  Do you wish to join the victorious side?  No? Then you will surely rot and die in jail. [Evil laughter]"""
North Korea (1950-1953),0,SEOUL (25 June 1950),BRILIANT,150,SUWON (30 June 1950),1,"Comrade General, from the very beginning the invasion has been a stunning success.  Seoul is liberated, and the Southern army is in disarray and close to fading into chaos.  The bridges at Seoul have been blown up while there were still large Southern units north of the Han River.  Comrade, collect your forces and meet me at the next briefing, it will be held in the next few hours."
North Korea (1950-1953),0,SEOUL (25 June 1950),VICTORY,150,SUWON (30 June 1950),1,"Comrade General, from the very beginning the invasion has been a stunning success.  Seoul is liberated, and the Southern army is in disarray and close to fading into chaos.  The bridges at Seoul have been blown up while there were still large Southern units north of the Han River.  Comrade, collect your forces and meet me at the next briefing, it will be held in the next few hours."
North Korea (1950-1953),0,SEOUL (25 June 1950),TACTICAL,150,SUWON (30 June 1950),1,"Comrade General, from the very beginning the invasion has been a stunning success.  Seoul is liberated, and the Southern army is in disarray and close to fading into chaos.  The bridges at Seoul have been blown up while there were still large Southern units north of the Han River.  Comrade, collect your forces and meet me at the next briefing, it will be held in the next few hours."
North Korea (1950-1953),0,SEOUL (25 June 1950),LOSE,0,CAMPAIGN END / DEFEAT,255,Comrade General. You have failed and betrayed the communist cause!  You will be judged by a people's court!
North Korea (1950-1953),1,SUWON (30 June 1950),BRILIANT,200,TAEJON (16 July 1950),2,"Another great victory for our cause!  Comrade General, I am happy to let you know tha... What!  Are you sure?  You are absolutely positive that your men have encountered American troops on the battlefield?  This is very alarming.  Yes, we have encountered aerial and naval strikes from American units but not yet on the ground.  I will contact my superiors and inform you at our next briefing.  For now, exploit your victory by advancing in the direction of Taejon.

."
North Korea (1950-1953),1,SUWON (30 June 1950),VICTORY,250,TAEJON (16 July 1950),2,"Another great victory for our cause!  Comrade General, I am happy to let you know tha... What!  Are you sure?  You are absolutely positive that your men have encountered American troops on the battlefield?  This is very alarming.  Yes, we have encountered aerial and naval strikes from American units but not yet on the ground.  I will contact my superiors and inform you at our next briefing.  For now, exploit your victory by advancing in the direction of Taejon."
North Korea (1950-1953),1,SUWON (30 June 1950),TACTICAL,250,TAEJON (16 July 1950),2,"Another great victory for our cause!  Comrade General, I am happy to let you know tha... What!  Are you sure?  You are absolutely positive that your men have encountered American troops on the battlefield?  This is very alarming.  Yes, we have encountered aerial and naval strikes from American units but not yet on the ground.  I will contact my superiors and inform you at our next briefing.  For now, exploit your victory by advancing in the direction of Taejon."
North Korea (1950-1953),1,SUWON (30 June 1950),LOSE,250,CAMPAIGN END / DEFEAT,255,Comrade General. You have failed and betrayed the communist cause!  You will be judged by a people's court!
North Korea (1950-1953),2,TAEJON (16 July 1950),BRILIANT,200,PUSAN PERIMETER 1 (5 August 1950),3,The People's cause has won an important battle against the capitalist Americans.  Taejon is liberated along with more than half of southern Korea.   Sources say the American 24th Infantry Division has suffered significant losses and has retreated southeast to the Naktong River.  You must follow it.  We will soon meet again!
North Korea (1950-1953),2,TAEJON (16 July 1950),VICTORY,250,PUSAN PERIMETER 1 (5 August 1950),3,The People's cause has won an important battle against the capitalist Americans.  Taejon is liberated along with more than half of southern Korea.   Sources say the American 24th Infantry Division has suffered significant losses and has retreated southeast to the Naktong River.  You must follow it.  We will soon meet again!
North Korea (1950-1953),2,TAEJON (16 July 1950),TACTICAL,250,PUSAN PERIMETER 1 (5 August 1950),3,The People's cause has won an important battle against the capitalist Americans.  Taejon is liberated along with more than half of southern Korea.   Sources say the American 24th Infantry Division has suffered significant losses and has retreated southeast to the Naktong River.  You must follow it.  We will soon meet again!
North Korea (1950-1953),2,TAEJON (16 July 1950),LOSE,250,CAMPAIGN END / DEFEAT,255,Comrade General. You have failed and betrayed the communist cause!  You will be judged by a people's court!
North Korea (1950-1953),3,PUSAN PERIMETER 1 (5 August 1950),BRILIANT,250,PUSAN PERIMETER 2 (30 August 1950),4,"Comrade General, have some water and rice.  You and our People's Army have performed admirably against an unequal foe.  While we are struggling to get supplies and men to the frontlines you have pushed back the Southern army and inflicted heavy casualties on the Americans but we still find ourselves in a stalemate.  Yes, eat as much rice as you wish, Comrade General.  We will build up our army and strike another day!"
North Korea (1950-1953),3,PUSAN PERIMETER 1 (5 August 1950),VICTORY,250,PUSAN PERIMETER 2 (30 August 1950),4,"Comrade General, have some water and rice.  You and our People's Army have performed admirably against an unequal foe.  While we are struggling to get supplies and men to the frontlines you have pushed back the Southern army and inflicted heavy casualties on the Americans but we still find ourselves in a stalemate.  Yes, eat as much rice as you wish, Comrade General.  We will build up our army and strike another day!"
North Korea (1950-1953),3,PUSAN PERIMETER 1 (5 August 1950),TACTICAL,250,PUSAN PERIMETER 2 (30 August 1950),4,"Comrade General, have some water and rice.  You and our People's Army have performed admirably against an unequal foe.  While we are struggling to get supplies and men to the frontlines you have pushed back the Southern army and inflicted heavy casualties on the Americans but we still find ourselves in a stalemate.  Yes, eat as much rice as you wish, Comrade General.  We will build up our army and strike another day!"
North Korea (1950-1953),3,PUSAN PERIMETER 1 (5 August 1950),LOSE,250,PUSAN PERIMETER 2 (30 August 1950),4,Comrade General. You have failed and betrayed the communist cause!  You will be judged by a people's court!
North Korea (1950-1953),4,PUSAN PERIMETER 2 (30 August 1950),BRILIANT,250,WONSAN (10 October 1950),5,"We have been betrayed!!! Almost a third of your forces were Southerners forcibly conscripted and untrained.  Capitalist spies must have passed knowledge of our plans to the Americans.  We have suffered enormous losses!  Comrade General, you will not be demoted for this failure.  What?  I see.  It is indeed wise that you have ordered your men to entrench themselves in their current position.  Follow me to my headquarters for further briefing on our situation.

AFTERMATH

Before the last North Korean attack had faded away on the Pusan Perimeter; the US 8th Army had started its counteroffensive.  They even broke through the North Korean line in some sectors.  To make matters worse on 15 September 1950 General MacArthur launched an amphibious invasion against Inch'on near Seoul.  In subsequent operations Seoul was captured by the US Army X Corps.  The few North Korean units present offered tough but brief resistance.  Ten days had past since the landing at Inch'on.  By 23 September the North Korean army, what was left of it, was in full retreat back towards North Korea by every possible route it could find."
North Korea (1950-1953),4,PUSAN PERIMETER 2 (30 August 1950),VICTORY,250,WONSAN (10 October 1950),5,"We have been betrayed!!! Almost a third of your forces were Southerners forcibly conscripted and untrained.  Capitalist spies must have passed knowledge of our plans to the Americans.  We have suffered enormous losses!  Comrade General, you will not be demoted for this failure.  What?  I see.  It is indeed wise that you have ordered your men to entrench themselves in their current position.  Follow me to my headquarters for further briefing on our situation.

AFTERMATH

Before the last North Korean attack on the Pusan Perimeter had faded away the US 8th Army had started its counteroffensive.  They even broke through the North Korean line in some sectors.  To make matters worse on 15 September 1950 General MacArthur launched an amphibious invasion against Inch'on near Seoul.  In subsequent operations Seoul was captured by the US Army X Corps.  The few North Korean units present offered tough but brief resistance.  Ten days had past since the landing at Inch'on.  By 23 September the North Korean army, what was left of it, was in full retreat back towards North Korea by every possible route it could find."
North Korea (1950-1953),4,PUSAN PERIMETER 2 (30 August 1950),TACTICAL,250,WONSAN (10 October 1950),5,"We have been betrayed!!! Almost a third of your forces were Southerners forcibly conscripted and untrained.  Capitalist spies must have passed knowledge of our plans to the Americans.  We have suffered enormous losses!  Comrade General, you will not be demoted for this failure.  What?  I see.  It is indeed wise that you have ordered your men to entrench themselves in their current position.  Follow me to my headquarters for further briefing on our situation.

AFTERMATH

Before the last North Korean attack on the Pusan Perimeter had faded away the US 8th Army had started its counteroffensive.  They even broke through the North Korean line in some sectors.  To make matters worse on 15 September 1950 General MacArthur launched an amphibious invasion against Inch'on near Seoul.  In subsequent operations Seoul was captured by the US Army X Corps.  The few North Korean units present offered tough but brief resistance.  Ten days had past since the landing at Inch'on.  By 23 September the North Korean army, what was left of it, was in full retreat back towards North Korea by every possible route it could find."
North Korea (1950-1953),4,PUSAN PERIMETER 2 (30 August 1950),LOSE,250,WONSAN (10 October 1950),5,Comrade General. You have failed and betrayed the communist cause!  You will be judged by a people's court!
North Korea (1950-1953),5,WONSAN (10 October 1950),BRILIANT,100,CHONGJU (27 October 1950),6,"Get in this truck; it's me, Comrade General !  We have no time to waste.  The capitalists are close to Hungnam as well.  Lead your men and follow us into the mountains.  HURRY UP!"
North Korea (1950-1953),5,WONSAN (10 October 1950),VICTORY,100,CHONGJU (27 October 1950),6,"Get in this truck; it's me, Comrade General !  We have no time to waste.  The capitalists are close to Hungnam as well.  Lead your men and follow us into the mountains.  HURRY UP!"
North Korea (1950-1953),5,WONSAN (10 October 1950),TACTICAL,100,CHONGJU (27 October 1950),6,"Get in this truck; it's me, Comrade General !  We have no time to waste.  The capitalists are close to Hungnam as well.  Lead your men and follow us into the mountains.  HURRY UP!"
North Korea (1950-1953),5,WONSAN (10 October 1950),LOSE,50,CHONGJU (27 October 1950),6,Comrade General. You have failed and betrayed the communist cause!  You will be judged by a people's court!
North Korea (1950-1953),6,CHONGJU (27 October 1950),BRILIANT,0,MAJON-NI (11 November 1950),13,"Our glorious leader Kim Il-sung sends his highest congratulations, Comrade General!  You have stopped the capitalist advance short of the Yalu River.  The imperialist armies are short on supplies and soon a Chinese counteroffensive will destroy them while we rebuild our army to fight another day!

Follow me, Comrade General; I will inform you of your next mission.  Yes, that is right. Your men will get rest and new equipment, but we have a new assignment for you while your force is refitting!"
North Korea (1950-1953),6,CHONGJU (27 October 1950),VICTORY,0,MAJON-NI (11 November 1950),13,"Our glorious leader Kim Il-sung sends his highest congratulations, Comrade General!  You have stopped the capitalist advance short of the Yalu River.  The imperialist armies are short on supplies and soon a Chinese counteroffensive will destroy them while we rebuild our army to fight another day!

Follow me, Comrade General; I will inform you of your next mission.  Yes, that is right. Your men will get rest and new equipment, but we have a new assignment for you while your force is refitting!"
North Korea (1950-1953),6,CHONGJU (27 October 1950),TACTICAL,0,MAJON-NI (11 November 1950),13,"Our glorious leader Kim Il-sung sends his highest congratulations, Comrade General!  You have stopped the capitalist advance short of the Yalu River.  The imperialist armies are short on supplies and soon a Chinese counteroffensive will destroy them while we rebuild our army to fight another day!

Follow me, Comrade General; I will inform you of your next mission.  Yes, that is right. Your men will get rest and new equipment, but we have a new assignment for you while your force is refitting!"
North Korea (1950-1953),6,CHONGJU (27 October 1950),LOSE,0,CHONGJU (27 October 1950),6,Comrade General. You have failed and betrayed the communist cause!  You will be judged by a people's court!
North Korea (1950-1953),7,HONGCH'ON (26 December 1950),BRILIANT,0,WONJU DEEP RAID (7 January 1951),8,"Honch'on is ours, Comrade General.  Indeed your positions are not safe but let's not worry about that now.  Oh yes, we have the capitalists reeling and a number of South Korean units have already shown signs of panic.  Wait here, Comrade General, I have just received a letter from higher command.  Just a minute!"
North Korea (1950-1953),7,HONGCH'ON (26 December 1950),VICTORY,0,WONJU DEEP RAID (7 January 1951),8,"Honch'on is ours, Comrade General.  Indeed your positions are not safe but let's not worry about that now.  Oh yes, we have the capitalists reeling and a number of South Korean units have already shown signs of panic.  Wait here, Comrade General, I have just received a letter from higher command.  Just a minute!"
North Korea (1950-1953),7,HONGCH'ON (26 December 1950),TACTICAL,0,WONJU DEEP RAID (7 January 1951),8,"Honch'on is ours, Comrade General.  Indeed your positions are not safe but let's not worry about that now.  Oh yes, we have the capitalists reeling and a number of South Korean units have already shown signs of panic.  Wait here, Comrade General, I have just received a letter from higher command.  Just a minute!"
North Korea (1950-1953),7,HONGCH'ON (26 December 1950),LOSE,0,CAMPAIGN END / DEFEAT,255,Comrade General. You have failed and betrayed the communist cause!  You will be judged by a people's court!
North Korea (1950-1953),8,WONJU DEEP RAID (7 January 1951),BRILIANT,0,HOENGSONG (11 February 1951),9,"What, Comrade General?  I see.  Yes.  Really?   Well, you did the right thing, Comrade General.  Your advance was admirable.  Yes, if the enemy counterattacked your open flanks it is indeed wisest to retreat in order to prevent being destroyed.  Without knowing it you have benefited the communist cause by your actions!  While you occupied many United Nation forces trying to plug the holes in their open lines, the Chinese west of you have been able to advance and liberate Seoul.  The front is now stabilized across the peninsula some 50 miles south of Seoul.  Time to resupply and make ready for the final push.  Now let us eat some good rice, Comrade General!

AFTERMATH

The front stabilized at the end of January 1951 on a line 50 miles south of Seoul across the Korean peninsula.  The communist forces were exhausted and short of supplies after three months of offensive warfare in a hundred mile long advance.  Meanwhile the UN forces regained its morale and strength.  Starting in early January and ending in early February operations Thunderbolt and Roundup made the frontline roll north some 50 miles.  Communist forces retreated without heavy fighting to a main defensive line which was now reached by the United Nation forces."
North Korea (1950-1953),8,WONJU DEEP RAID (7 January 1951),VICTORY,0,HOENGSONG (11 February 1951),9,"What, Comrade General?  I see.  Yes.  Really?   Well, you did the right thing, Comrade General.  Your advance was admirable.  Yes, if the enemy counterattacked your open flanks it is indeed wisest to retreat in order to prevent being destroyed.  Without knowing it you have benefited the communist cause by your actions!  While you occupied many United Nation forces trying to plug the holes in their open lines, the Chinese west of you have been able to advance and liberate Seoul.  The front is now stabilized across the peninsula some 50 miles south of Seoul.  Time to resupply and make ready for the final push.  Now let us eat some good rice, Comrade General!

AFTERMATH

The front stabilized at the end of January 1951 on a line 50 miles south of Seoul across the Korean peninsula.  The communist forces were exhausted and short of supplies after three months of offensive warfare in a hundred mile long advance.  Meanwhile the UN forces regained its morale and strength.  Starting in early January and ending in early February operations Thunderbolt and Roundup made the frontline roll north some 50 miles.  Communist forces retreated without heavy fighting to a main defensive line which was now reached by the United Nation forces."
North Korea (1950-1953),8,WONJU DEEP RAID (7 January 1951),TACTICAL,0,HOENGSONG (11 February 1951),9,"What, Comrade General?  I see.  Yes.  Really?   Well, you did the right thing, Comrade General.  Your advance was admirable.  Yes, if the enemy counterattacked your open flanks it is indeed wisest to retreat in order to prevent being destroyed.  Without knowing it you have benefited the communist cause by your actions!  While you occupied many United Nation forces trying to plug the holes in their open lines, the Chinese west of you have been able to advance and liberate Seoul.  The front is now stabilized across the peninsula some 50 miles south of Seoul.  Time to resupply and make ready for the final push.  Now let us eat some good rice, Comrade General!

AFTERMATH

The front stabilized at the end of January 1951 on a line 50 miles south of Seoul across the Korean peninsula.  The communist forces were exhausted and short of supplies after three months of offensive warfare in a hundred mile long advance.  Meanwhile the UN forces regained its morale and strength.  Starting in early January and ending in early February operations Thunderbolt and Roundup made the frontline roll north some 50 miles.  Communist forces retreated without heavy fighting to a main defensive line which was now reached by the United Nation forces."
North Korea (1950-1953),8,WONJU DEEP RAID (7 January 1951),LOSE,0,HOENGSONG (11 February 1951),9,Comrade General. You have failed and betrayed the communist cause!  You will be judged by a people's court!
North Korea (1950-1953),9,HOENGSONG (11 February 1951),BRILIANT,0,MUNSAN-NI (22 March 1951),10,"Is it not ironic that communist Allies can count on each other while capitalist Allies cannot?  A tactical victory has been gained at Hoengsong and to the west at Chip'yong-ni the Chinese were close to eliminating another pocket of encircled imperialist forces. Unfortunately the UN forces are too powerful at the moment and our communist offensive has ground to a halt.  You are right, Comrade General, we will pull back some miles to better positions and hold them as we ready ourselves for an even larger offensive this spring!

AFTERMATH

The limited communist offensive ended in several tactical victories without breaking the United Nations frontline.  The US 8th Army recaptured the lost terrain with Operation Killer in late February.  Bad weather made it easy for the communists to retreat in good order.  This UN counteroffensive in the central sector was continued in Operation Ripper which immediately followed with Operation Killer.  However the front near Seoul remained static until the end of March when there too, offensive operations were resumed."
North Korea (1950-1953),9,HOENGSONG (11 February 1951),VICTORY,0,MUNSAN-NI (22 March 1951),10,"Is it not ironic that communist Allies can count on each other while capitalist Allies cannot?  A tactical victory has been gained at Hoengsong and to the west at Chip'yong-ni the Chinese were close to eliminating another pocket of encircled imperialist forces. Unfortunately the UN forces are too powerful at the moment and our communist offensive has ground to a halt.  You are right, Comrade General, we will pull back some miles to better positions and hold them as we ready ourselves for an even larger offensive this spring!

AFTERMATH

The limited communist offensive ended in several tactical victories without breaking the United Nations frontline.  The US 8th Army recaptured the lost terrain with Operation Killer in late February.  Bad weather made it easy for the communists to retreat in good order.  This UN counteroffensive in the central sector was continued in Operation Ripper which immediately followed with Operation Killer.  However the front near Seoul remained static until the end of March when there too, offensive operations were resumed."
North Korea (1950-1953),9,HOENGSONG (11 February 1951),TACTICAL,0,MUNSAN-NI (22 March 1951),10,"Is it not ironic that communist Allies can count on each other while capitalist Allies cannot?  A tactical victory has been gained at Hoengsong and to the west at Chip'yong-ni the Chinese were close to eliminating another pocket of encircled imperialist forces. Unfortunately the UN forces are too powerful at the moment and our communist offensive has ground to a halt.  You are right, Comrade General, we will pull back some miles to better positions and hold them as we ready ourselves for an even larger offensive this spring!

AFTERMATH

The limited communist offensive ended in several tactical victories without breaking the United Nations frontline.  The US 8th Army recaptured the lost terrain with Operation Killer in late February.  Bad weather made it easy for the communists to retreat in good order.  This UN counteroffensive in the central sector was continued in Operation Ripper which immediately followed with Operation Killer.  However the front near Seoul remained static until the end of March when there too, offensive operations were resumed."
North Korea (1950-1953),9,HOENGSONG (11 February 1951),LOSE,0,CAMPAIGN END / DEFEAT,255,Comrade General. You have failed and betrayed the communist cause!  You will be judged by a people's court!
North Korea (1950-1953),10,MUNSAN-NI (22 March 1951),BRILIANT,200,SPRING OFFENSIVE FIRST PHASE (22 April 1951),11,"For a moment those fools from the west must have really thought they could ambush us? Us?!  Communist warriors?  Never!  I will leave you alone for a few hours to get some sleep.  You look pale, Comrade General.

AFTERMATH

Operation Courageous consisted of an advance from Seoul north and an airborne drop by the reinforced 187th Airborne RCT.  However, communist officers had foreseen this action and when the UN forces attacked, the bulk of the communist forces were already north of the Imjin River.  Now the UN forces were full on the offensive again. Operations Rugged and Dauntless would push the frontline over the 38th Parallel running from the western coast along the Imjin River to Kumhwa and from there east across the peninsula.  Even now the communists were massing and preparing for their spring offensive."
North Korea (1950-1953),10,MUNSAN-NI (22 March 1951),VICTORY,300,SPRING OFFENSIVE FIRST PHASE (22 April 1951),11,"For a moment those fools from the west must have really thought they could ambush us? Us?!  Communist warriors?  Never!  I will leave you alone for a few hours to get some sleep.  You look pale, Comrade General.

AFTERMATH

Operation Courageous consisted of an advance from Seoul north and an airborne drop by the reinforced 187th Airborne RCT.  However, communist officers had foreseen this action and when the UN forces attacked, the bulk of the communist forces were already north of the Imjin River.  Now the UN forces were full on the offensive again. Operations Rugged and Dauntless would push the frontline over the 38th Parallel running from the western coast along the Imjin River to Kumhwa and from there east across the peninsula.  Even now the communists were massing and preparing for their spring offensive."
North Korea (1950-1953),10,MUNSAN-NI (22 March 1951),TACTICAL,400,SPRING OFFENSIVE FIRST PHASE (22 April 1951),11,"For a moment those fools from the west must have really thought they could ambush us? Us?!  Communist warriors?  Never!  I will leave you alone for a few hours to get some sleep.  You look pale, Comrade General.

AFTERMATH

Operation Courageous consisted of an advance from Seoul north and an airborne drop by the reinforced 187th Airborne RCT.  However, communist officers had foreseen this action and when the UN forces attacked, the bulk of the communist forces were already north of the Imjin River.  Now the UN forces were full on the offensive again. Operations Rugged and Dauntless would push the frontline over the 38th Parallel running from the western coast along the Imjin River to Kumhwa and from there east across the peninsula.  Even now the communists were massing and preparing for their spring offensive."
North Korea (1950-1953),10,MUNSAN-NI (22 March 1951),LOSE,0,SPRING OFFENSIVE FIRST PHASE (22 April 1951),11,Comrade General. You have failed and betrayed the communist cause!  You will be judged by a people's court!
North Korea (1950-1953),11,SPRING OFFENSIVE FIRST PHASE (22 April 1951),BRILIANT,0,SPRING OFFENSIVE SECOND PHASE (14 May 1951),12,"There you are, Comrade General!  I have not heard from you for hours.  You were hit by an artillery shell?  Ah I see.  Nothing to worry about.  I am aftaid that you were not the only one, Comrade General.  Let me inform you about the general situation.  Over the entire front the communist armies have thrown the capitalists back but at a very high cost.  Attacking on this type of terrain made us vulnerable to massed firepower from the ground and air.  Hold your current positions.  Then meet me at my headquarters."
North Korea (1950-1953),11,SPRING OFFENSIVE FIRST PHASE (22 April 1951),VICTORY,0,SPRING OFFENSIVE SECOND PHASE (14 May 1951),12,"There you are, Comrade General!  I have not heard from you for hours.  You were hit by an artillery shell?  Ah I see.  Nothing to worry about.  I am aftaid that you were not the only one, Comrade General.  Let me inform you about the general situation.  Over the entire front the communist armies have thrown the capitalists back but at a very high cost.  Attacking on this type of terrain made us vulnerable to massed firepower from the ground and air.  Hold your current positions.  Then meet me at my headquarters."
North Korea (1950-1953),11,SPRING OFFENSIVE FIRST PHASE (22 April 1951),TACTICAL,0,SPRING OFFENSIVE SECOND PHASE (14 May 1951),12,"There you are, Comrade General!  I have not heard from you for hours.  You were hit by an artillery shell?  Ah I see.  Nothing to worry about.  I am aftaid that you were not the only one, Comrade General.  Let me inform you about the general situation.  Over the entire front the communist armies have thrown the capitalists back but at a very high cost.  Attacking on this type of terrain made us vulnerable to massed firepower from the ground and air.  Hold your current positions.  Then meet me at my headquarters."
North Korea (1950-1953),11,SPRING OFFENSIVE FIRST PHASE (22 April 1951),LOSE,0,SPRING OFFENSIVE SECOND PHASE (14 May 1951),12,Comrade General. You have failed and betrayed the communist cause!  You will be judged by a people's court!
North Korea (1950-1953),12,SPRING OFFENSIVE SECOND PHASE (14 May 1951),BRILIANT,0,Unknown (ID 254),254,"Again the cowardly capitalists have retreated before we could destroy them.  We do not have the supply capability to keep up with the offensive.  You have orders to retreat a bit and reorganize for yet another assault.  Whatever may happen, we will never abandon our ambition to liberate and unite Korea!

AFTERMATH

The communist spring offensives were a huge strategic failure.  It did result in tactical victories but the United Nations retreated without heavy losses and by doing so were able to immediately produce a counteroffensive.  This UN spring offensive would be the last major action of the Korean War.  It pushed back the communist armies to the current armistice lines.  Both the United States and the People's Republic of China saw that neither could gain a complete victory and were willing to sign a cease fire.  Negotiations were long and tedious. They were often interrupted by many small skirmishes.  Meanwhile the frontlines were being heavily fortified and with each passing day any new offensive was made that much more difficult.  Then finally the truce talks that started in July 1951 culminated in a cease fire signed on 27 July 1953.  North and South Korea were more than willing to fight each other to the bitter end but on both sides the major powers decided for them.  Officially the Korean War still continues..."
North Korea (1950-1953),12,SPRING OFFENSIVE SECOND PHASE (14 May 1951),VICTORY,0,Unknown (ID 254),254,"Again the cowardly capitalists have retreated before we could destroy them.  We do not have the supply capability to keep up with the offensive.  You have orders to retreat a bit and reorganize for yet another assault.  Whatever may happen, we will never abandon our ambition to liberate and unite Korea!

AFTERMATH

The communist spring offensives were a huge strategic failure.  It did result in tactical victories but the United Nations retreated without heavy losses and by doing so were able to immediately produce a counteroffensive.  This UN spring offensive would be the last major action of the Korean War.  It pushed back the communist armies to the current armistice lines.  Both the United States and the People's Republic of China saw that neither could gain a complete victory and were willing to sign a cease fire.  Negotiations were long and tedious. They were often interrupted by many small skirmishes.  Meanwhile the frontlines were being heavily fortified and with each passing day any new offensive was made that much more difficult.  Then finally the truce talks that started in July 1951 culminated in a cease fire signed on 27 July 1953.  North and South Korea were more than willing to fight each other to the bitter end but on both sides the major powers decided for them.  Officially the Korean War still continues..."
North Korea (1950-1953),12,SPRING OFFENSIVE SECOND PHASE (14 May 1951),TACTICAL,0,Unknown (ID 254),254,"Again the cowardly capitalists have retreated before we could destroy them.  We do not have the supply capability to keep up with the offensive.  You have orders to retreat a bit and reorganize for yet another assault.  Whatever may happen, we will never abandon our ambition to liberate and unite Korea!

AFTERMATH

The communist spring offensives were a huge strategic failure.  It did result in tactical victories but the United Nations retreated without heavy losses and by doing so were able to immediately produce a counteroffensive.  This UN spring offensive would be the last major action of the Korean War.  It pushed back the communist armies to the current armistice lines.  Both the United States and the People's Republic of China saw that neither could gain a complete victory and were willing to sign a cease fire.  Negotiations were long and tedious. They were often interrupted by many small skirmishes.  Meanwhile the frontlines were being heavily fortified and with each passing day any new offensive was made that much more difficult.  Then finally the truce talks that started in July 1951 culminated in a cease fire signed on 27 July 1953.  North and South Korea were more than willing to fight each other to the bitter end but on both sides the major powers decided for them.  Officially the Korean War still continues..."
North Korea (1950-1953),12,SPRING OFFENSIVE SECOND PHASE (14 May 1951),LOSE,0,CAMPAIGN END / DEFEAT,255,Comrade General. You have failed and betrayed the communist cause!  You will be judged by a people's court!
North Korea (1950-1953),13,MAJON-NI (11 November 1950),BRILIANT,200,HONGCH'ON (26 December 1950),7,"Ah there you are, Comrade General.  You need to eat something.  I have heard about your actions at Majon-ni.  The capitalists have suffered many losses and as you have experienced, the Chinese comrades are pushing south with great success!  Travel with me to P'yongyang where your force is waiting for you!

AFTERMATH

Ever since the North Korean retreat from the Pusan Perimeter, pockets of North Korean forces had continued to resist even when they found themselves deep inside enemy held territory.  The US IX Corps was deployed behind the frontline to maintain security in the interior.  Guerilla activity continued for months.

The United Nations offensive ground to a halt due to severe supply problems and over-extending its forces on too broad a front.  Between 14 October and 1 November nearly 180,000 Chinese troops crossed the Chinese-Korean border and more were to follow. They first engaged UN troops in skirmishes but in late November the full might of the expeditionary Chinese Liberation Army fell on the UN troops.  This was followed by the longest retreat in United States military history."
North Korea (1950-1953),13,MAJON-NI (11 November 1950),VICTORY,200,HONGCH'ON (26 December 1950),7,"Ah there you are, Comrade General.  You need to eat something.  I have heard about your actions at Majon-ni.  The capitalists have suffered many losses and as you have experienced, the Chinese comrades are pushing south with great success!  Travel with me to P'yongyang where your force is waiting for you!

AFTERMATH

Ever since the North Korean retreat from the Pusan Perimeter, pockets of North Korean forces had continued to resist even when they found themselves deep inside enemy held territory.  The US IX Corps was deployed behind the frontline to maintain security in the interior.  Guerilla activity continued for months.

The United Nations offensive ground to a halt due to severe supply problems and over-extending its forces on too broad a front.  Between 14 October and 1 November nearly 180,000 Chinese troops crossed the Chinese-Korean border and more were to follow. They first engaged UN troops in skirmishes but in late November the full might of the expeditionary Chinese Liberation Army fell on the UN troops.  This was followed by the longest retreat in United States military history."
North Korea (1950-1953),13,MAJON-NI (11 November 1950),TACTICAL,200,HONGCH'ON (26 December 1950),7,"Ah there you are, Comrade General.  You need to eat something.  I have heard about your actions at Majon-ni.  The capitalists have suffered many losses and as you have experienced, the Chinese comrades are pushing south with great success!  Travel with me to P'yongyang where your force is waiting for you!

AFTERMATH

Ever since the North Korean retreat from the Pusan Perimeter, pockets of North Korean forces had continued to resist even when they found themselves deep inside enemy held territory.  The US IX Corps was deployed behind the frontline to maintain security in the interior.  Guerilla activity continued for months.

The United Nations offensive ground to a halt due to severe supply problems and over-extending its forces on too broad a front.  Between 14 October and 1 November nearly 180,000 Chinese troops crossed the Chinese-Korean border and more were to follow. They first engaged UN troops in skirmishes but in late November the full might of the expeditionary Chinese Liberation Army fell on the UN troops.  This was followed by the longest retreat in United States military history."
North Korea (1950-1953),13,MAJON-NI (11 November 1950),LOSE,200,HONGCH'ON (26 December 1950),7,Comrade General. You have failed and betrayed the communist cause!  You will be judged by a people's court!
The November Revolution (1918),0,1918 - Sailors revolt,BRILIANT,200,1918 Willhelmshafen,1,The revolution has begun. A wildfire can develop. Help the comrades with it ...
The November Revolution (1918),0,1918 - Sailors revolt,VICTORY,150,1918 Willhelmshafen,1,The revolution has begun. A wildfire can develop. Help the comrades with it ...
The November Revolution (1918),0,1918 - Sailors revolt,TACTICAL,100,1918 Willhelmshafen,1,The revolution has begun. A wildfire can develop. Help the comrades with it ...
The November Revolution (1918),0,1918 - Sailors revolt,LOSE,150,CAMPAIGN END / DEFEAT,255,The revolution is over ... Many comrades have fallen. You are captured ... It is not difficult to guess that you expect death ...
The November Revolution (1918),1,1918 Willhelmshafen,BRILIANT,200,1918 The revolt comes upon Frankfurt,2,Well done! The revolution continues. A wildfire is developed. Keep it up!
The November Revolution (1918),1,1918 Willhelmshafen,VICTORY,150,1918 The revolt comes upon Frankfurt,2,Well done! The revolution continues. A wildfire is developed. Keep it up!
The November Revolution (1918),1,1918 Willhelmshafen,TACTICAL,100,1918 The revolt comes upon Frankfurt,2,Well done! The revolution continues. A wildfire is developed. Keep it up!
The November Revolution (1918),1,1918 Willhelmshafen,LOSE,0,CAMPAIGN END / DEFEAT,255,
The November Revolution (1918),2,1918 The revolt comes upon Frankfurt,BRILIANT,200,1918 End of the Monarchy,3,Well done! The revolution continues. A wildfire is developed. Keep it up!
The November Revolution (1918),2,1918 The revolt comes upon Frankfurt,VICTORY,150,1918 End of the Monarchy,3,Well done! The revolution continues. A wildfire is developed. Keep it up!
The November Revolution (1918),2,1918 The revolt comes upon Frankfurt,TACTICAL,100,1918 End of the Monarchy,3,Well done! The revolution continues. A wildfire is developed. Keep it up!
The November Revolution (1918),2,1918 The revolt comes upon Frankfurt,LOSE,0,CAMPAIGN END / DEFEAT,255,The revolution is over ... Many comrades have fallen. You are captured ... It is not difficult to guess that you expect death ...
The November Revolution (1918),3,1918 End of the Monarchy,BRILIANT,0,Unknown (ID 254),254,Well done! The revolution is successful! Long live the Republic!
The November Revolution (1918),3,1918 End of the Monarchy,VICTORY,0,Unknown (ID 254),254,Well done! The revolution is successful! Long live the Republic!
The November Revolution (1918),3,1918 End of the Monarchy,TACTICAL,0,Unknown (ID 254),254,Well done! The revolution is successful! Long live the Republic!
The November Revolution (1918),3,1918 End of the Monarchy,LOSE,0,CAMPAIGN END / DEFEAT,255,The revolution is over ... Many comrades have fallen. You are captured ... It is not difficult to guess that you expect death ...
Viet Cong (1964-1975),0,Raid at Binh Gia,BRILIANT,0,Escape from Vung Tau,1,Chien thang! For now your men have reached all the objectives.  At dawn you should expect new orders from the central office.  Then we will decide on a course of action.
Viet Cong (1964-1975),0,Raid at Binh Gia,VICTORY,0,Escape from Vung Tau,1,Chien thang! For now your men have reached all the objectives.  At dawn you should expect new orders from the central office.  Then we will decide on a course of action.
Viet Cong (1964-1975),0,Raid at Binh Gia,TACTICAL,0,Escape from Vung Tau,1,Chien thang! For now your men have reached all the objectives.  At dawn you should expect new orders from the central office.  Then we will decide on a course of action.
Viet Cong (1964-1975),0,Raid at Binh Gia,LOSE,0,CAMPAIGN END / DEFEAT,255,"[CIA agent, somewhere at Saigon] Ah, OK, this is the Viet Cong officer. Well sir, we are going to initiate our interrogation. You can get well, or not, it depends on you. All I want to know is..."
Viet Cong (1964-1975),1,Escape from Vung Tau,BRILIANT,350,Attack on the Plei Me Camp,2,"Comrade commander!  I'm a representative of Hanoi, where your exploits have caused a lot of excitement and national pride.  My orders are to tell you that Hanoi has decided that you and your command will be included into the North Vietnam Army.  Congratulations, you have been appointed the commander of this army."
Viet Cong (1964-1975),1,Escape from Vung Tau,VICTORY,240,Attack on the Plei Me Camp,2,"Comrade commander!  I'm a representative of Hanoi, where your exploits have caused a lot of excitement and national pride.  My orders are to tell you that Hanoi has decided that you and your command will be included into the North Vietnam Army.  Congratulations, you have been appointed the commander of this army."
Viet Cong (1964-1975),1,Escape from Vung Tau,TACTICAL,150,Attack on the Plei Me Camp,2,"Comrade commander!  I'm a representative of Hanoi, where your exploits have caused a lot of excitement and national pride.  My orders are to tell you that Hanoi has decided that you and your command will be included into the North Vietnam Army.  Congratulations, you have been appointed the commander of this army."
Viet Cong (1964-1975),1,Escape from Vung Tau,LOSE,75,CAMPAIGN END / DEFEAT,255,"I'm a representative of Hanoi, where your exploits have caused a lot of excitement and national pride.  We know that your lastest operation was not really good... but my orders are to tell you that Hanoi has decided that you and your command will be included into the North Vietnam Army.  You have been appointed the commander of this army."
Viet Cong (1964-1975),2,Attack on the Plei Me Camp,BRILIANT,150,Ia Drang Valley,3,"The government and the high command at Hanoi want to congratulate you on this great victory. The irregular southern militias have been severly defeated.  Most importantly you have unexpectedly beaten the imperialist invaders too.  This is even sweeter given they were equipped with the very latest technology such us their helicopters. Now you should disappear quickly into the jungle before the Americans arrive again to claim revenge!.

loi chuc mung!"
Viet Cong (1964-1975),2,Attack on the Plei Me Camp,VICTORY,100,Ia Drang Valley,3,"The government and the high command at Hanoi want to congratulate you on this great victory. The irregular southern militias have been severly defeated.  Most importantly you have unexpectedly beaten the imperialist invaders too.  This is even sweeter given they were equipped with the very latest technology such us their helicopters. Now you should disappear quickly into the jungle before the Americans arrive again to claim revenge!.

loi chuc mung!"
Viet Cong (1964-1975),2,Attack on the Plei Me Camp,TACTICAL,70,Ia Drang Valley,3,"The government and the high command at Hanoi want to congratulate you on this great victory. The irregular southern militias have been severly defeated.  Most importantly you have unexpectedly beaten the imperialist invaders too.  This is even sweeter given they were equipped with the very latest technology such us their helicopters. Now you should disappear quickly into the jungle before the Americans arrive again to claim revenge!.

loi chuc mung!"
Viet Cong (1964-1975),2,Attack on the Plei Me Camp,LOSE,150,CAMPAIGN END / DEFEAT,255,"[CIA agent, somewhere at Saigon] Ah, OK, this is the Viet Cong officer. Well sir, we are going to initiate your interrogation. You can get well, or not, it depends on you. All I want to know is..."
Viet Cong (1964-1975),3,Ia Drang Valley,BRILIANT,120,Military Region IV Crisis,4,"Although the enemy was better equiped, once again your skills were too much for them.  For now our supply lines through the jungle will remain."
Viet Cong (1964-1975),3,Ia Drang Valley,VICTORY,90,Military Region IV Crisis,4,"Although the enemy was better equiped, once again your skills were too much for them.  For now our supply lines through the jungle will remain."
Viet Cong (1964-1975),3,Ia Drang Valley,TACTICAL,75,Military Region IV Crisis,4,"Although the enemy was better equiped, once again your skills were too much for them.  For now our supply lines through the jungle will remain."
Viet Cong (1964-1975),3,Ia Drang Valley,LOSE,150,CAMPAIGN END / DEFEAT,255,"[CIA agent, somewhere at Saigon] Ah, OK, this is the Viet Cong officer. Well sir, we are going to initiate your interrogation. You can get well, or not, it depends on you. All I want to know is..."
Viet Cong (1964-1975),4,Military Region IV Crisis,BRILIANT,200,Asian Clash,5,"Good work. The local VC units are safe, and we took only minimal losses. The enemy thinks he has occupied the so-called ''Iron Triangle'', but many of our southern comrades are now hidden in this areas secret underground tunnels.  They are preparing their former positions for the return of our troops there. 

Hanoi wants to celebrate your victory by moving your troops to a quiet place to give you and your men a rest."
Viet Cong (1964-1975),4,Military Region IV Crisis,VICTORY,150,Asian Clash,5,"Good work. The local VC units are safe, and we took only minimal losses. The enemy thinks he has occupied the so-called ''Iron Triangle'', but many of our southern comrades are now hidden in this areas secret underground tunnels.  They are preparing their former positions for the return of our troops there. 

Hanoi wants to celebrate your victory by moving your troops to a quiet place to give you and your men a rest."
Viet Cong (1964-1975),4,Military Region IV Crisis,TACTICAL,100,Asian Clash,5,"Good work. The local VC units are safe, and we took only minimal losses. The enemy thinks he has occupied the so-called ''Iron Triangle'', but many of our southern comrades are now hidden in this areas secret underground tunnels.  They are preparing their former positions for the return of our troops there. 

Hanoi wants to celebrate your victory by moving your troops to a quiet place to give you and your men a rest."
Viet Cong (1964-1975),4,Military Region IV Crisis,LOSE,150,Asian Clash,5,"[CIA agent, somewhere at Saigon] Ah, OK, this is the Viet Cong officer. Well sir, we are going to initiate your interrogation. You can get well, or not, it depends on you. All I want to know is..."
Viet Cong (1964-1975),5,Asian Clash,BRILIANT,200,Strike on Kontum,6,"Tot cong viec general!, with meager resources you have achieved all the objectives.  For now our supply routes through Laos and Cambodia are safe."
Viet Cong (1964-1975),5,Asian Clash,VICTORY,150,Strike on Kontum,6,Good work comrade. The south Koreans have been defeated and they are not going to be a problem. Anyway it seem they have assumed a defensive role at this time and Tuy Hoa is still well protected.
Viet Cong (1964-1975),5,Asian Clash,TACTICAL,100,Strike on Kontum,6,"The south Koreans were barely stopped, but at least you have saved some of our strongholds near Tuy Hoa."
Viet Cong (1964-1975),5,Asian Clash,LOSE,150,CAMPAIGN END / DEFEAT,255,"[CIA agent, somewhere at Saigon] Ah, OK, this is the Viet Cong officer. Well sir, we are going to initiate your interrogation. You can get well, or not, it depends on you. All I want to know is..."
Viet Cong (1964-1975),6,Strike on Kontum,BRILIANT,550,Attack on Khe Sanh,7,"Tot cong viec general!, with meager resources you have achieved all the objectives.  For now our supply routes through Laos and Cambodia are safe."
Viet Cong (1964-1975),6,Strike on Kontum,VICTORY,509,Attack on Khe Sanh,7,"Tot cong viec general!, with meager resources you have achieved all the objectives.  For now our supply routes through Laos and Cambodia are safe."
Viet Cong (1964-1975),6,Strike on Kontum,TACTICAL,460,Attack on Khe Sanh,7,"Tot cong viec general!, with meager resources you have achieved all the objectives.  For now our supply routes through Laos and Cambodia are safe."
Viet Cong (1964-1975),6,Strike on Kontum,LOSE,0,Attack on Khe Sanh,7,"[CIA agent, somewhere at Saigon] Ah, OK, this is the Viet Cong officer. Well sir, we are going to initiate your interrogation. You can get well, or not, it depends on you. All I want to know is..."
Viet Cong (1964-1975),7,Attack on Khe Sanh,BRILIANT,300,Tet Offensive - Hue and Da Nang,8,"Congratulations comrade!  You have completely smashed the enemy troops, but there is no time to rest since we must continue the offensive.  Your command must drive to the south.  Continued good luck!"
Viet Cong (1964-1975),7,Attack on Khe Sanh,VICTORY,250,Tet Offensive - Hue and Da Nang,8,"You have completely smashed the enemy troops, but there is no time to rest since we must continue the offensive.  Your command must drive to the south.  Continued good luck!"
Viet Cong (1964-1975),7,Attack on Khe Sanh,TACTICAL,200,Tet Offensive - Hue and Da Nang,8,There is no time to rest since we must continue the offensive.  Your command must drive to the south.
Viet Cong (1964-1975),7,Attack on Khe Sanh,LOSE,150,CAMPAIGN END / DEFEAT,255,"[CIA agent, somewhere at Saigon] Ah, OK, this is the Viet Cong officer. Well sir, we are going to initiate your interrogation. You can get well, or not, it depends on you. All I want to know is..."
Viet Cong (1964-1975),8,Tet Offensive - Hue and Da Nang,BRILIANT,1000,Laos Counteroffensive,9,It's time to get back to the jungle. In most places our offensive has been stopped and the enemy has recovered sooner than we thought possible.
Viet Cong (1964-1975),8,Tet Offensive - Hue and Da Nang,VICTORY,975,Laos Counteroffensive,9,It's time to get back to the jungle. In most places our offensive has been stopped and the enemy has recovered sooner than we thought possible.
Viet Cong (1964-1975),8,Tet Offensive - Hue and Da Nang,TACTICAL,625,Laos Counteroffensive,9,It's time to get back to the jungle. In most places our offensive has been stopped and the enemy has recovered sooner than we thought possible.
Viet Cong (1964-1975),8,Tet Offensive - Hue and Da Nang,LOSE,150,CAMPAIGN END / DEFEAT,255,"[CIA agent, somewhere at Saigon] Ah, OK, this is the Viet Cong officer. Well sir, we are going to initiate your interrogation. You can get well, or not, it depends on you. All I want to know is..."
Viet Cong (1964-1975),9,Laos Counteroffensive,BRILIANT,200,Battle of Kontum,10,The ARVN has been kicked out of Laos. Thanks to the modern equipment from our foreign comrade allies we can begin to think in more conventional offensives.
Viet Cong (1964-1975),9,Laos Counteroffensive,VICTORY,150,Battle of Kontum,10,The ARVN has been kicked out of Laos. Thanks to the modern equipment from our foreign comrade allies we can begin to think in more conventional offensives.
Viet Cong (1964-1975),9,Laos Counteroffensive,TACTICAL,100,Battle of Kontum,10,The ARVN has been kicked out of Laos. Thanks to the modern equipment from our foreign comrade allies we can begin to think in more conventional offensives.
Viet Cong (1964-1975),9,Laos Counteroffensive,LOSE,150,CAMPAIGN END / DEFEAT,255,"[CIA agent, somewhere at Saigon] Ah, OK, this is the Viet Cong officer. Well sir, we are going to initiate your interrogation. You can get well, or not, it depends on you. All I want to know is..."
Viet Cong (1964-1975),10,Battle of Kontum,BRILIANT,2800,Liberation of Saigon,11,Xin chuc mung! Once again you have cleared our enemies from Kontum. The ARVN and their allies are no longer able to use this province as an advanced base and strike our supply routes.
Viet Cong (1964-1975),10,Battle of Kontum,VICTORY,2550,Liberation of Saigon,11,Xin chuc mung! Once again you have cleared our enemies from Kontum. The ARVN and their allies are no longer able to use this province as an advanced base and strike our supply routes.
Viet Cong (1964-1975),10,Battle of Kontum,TACTICAL,1500,Liberation of Saigon,11,Xin chuc mung! Once again you have cleared our enemies from Kontum. The ARVN and their allies are no longer able to use this province as an advanced base and strike our supply routes.
Viet Cong (1964-1975),10,Battle of Kontum,LOSE,150,CAMPAIGN END / DEFEAT,255,"[CIA agent, somewhere at Saigon] Ah, OK, this is the Viet Cong officer. Well sir, we are going to initiate your interrogation. You can get well, or not, it depends on you. All I want to know is..."
Viet Cong (1964-1975),11,Liberation of Saigon,BRILIANT,0,Unknown (ID 254),254,"BRILLIANT VICTORY

Congratulations general, Saigon has been liberated! The Viet Cong flag has been raised over Independence Palace.  The South Vietnam general Doung Van Minh has surrendered to us. The city will soon be renamed after our great leader Ho Chi Minh... It's time to inspect the US Embassy..."
Viet Cong (1964-1975),11,Liberation of Saigon,VICTORY,0,Unknown (ID 254),254,"Congratulations general, Saigon has been liberated! The Viet Cong flag has been raised over Independence Palace.  The South Vietnam general Doung Van Minh has surrendered to us. The city will soon be renamed after our great leader Ho Chi Minh... It's time to inspect the US Embassy..."
Viet Cong (1964-1975),11,Liberation of Saigon,TACTICAL,0,CAMPAIGN END / DEFEAT,255,The ARVN has hit us hard in resisting your assault. We must sent more resources and men to the front.   In the mean time the US air force continues striking Hanoi. You have let your communist brothers down.  Your re-training program includes being sent to the front with these privates.
Viet Cong (1964-1975),11,Liberation of Saigon,LOSE,0,CAMPAIGN END / DEFEAT,255,The ARVN has hit us hard in resisting your assault. We must sent more resources and men to the front.   In the mean time the US air force continues striking Hanoi. You have let your communist brothers down.  Your re-training program includes being sent to the front with these privates.
The Polish-Soviet War: The Red Advance (1919-1920),0,Approach to Wilno,BRILIANT,240,Assault on Wilno,1,"Now we have an excellent position to assault Wilno. You will fight in the city so artillery and infantry will be handy. 

There are rumours that the Polish Army from France is on the way to Poland. They will help us to defend the country.  

But now you have to liberate Wilno!"
The Polish-Soviet War: The Red Advance (1919-1920),0,Approach to Wilno,VICTORY,180,Assault on Wilno,1,"Now we have an excellent position to assault Wilno. You will fight in the city so artillery and infantry will be handy. 

There are rumours that the Polish Army from France is on the way to Poland. They will help us to defend the country.  

But now you have to liberate Wilno!"
The Polish-Soviet War: The Red Advance (1919-1920),0,Approach to Wilno,TACTICAL,145,Assault on Wilno,1,"Now we have an excellent position to assault Wilno. You will fight in the city so artillery and infantry will be handy. 

There are rumours that the Polish Army from France is on the way to Poland. They will help us to defend the country.  

But now you have to liberate Wilno!"
The Polish-Soviet War: The Red Advance (1919-1920),0,Approach to Wilno,LOSE,0,Assault on Wilno,1,You haven't been able to defeat the Red Army and now the Soviet counterattacks will force us to retreat. We'll have to agree to peace negotiations and we'll lose a great portion of the territory that was once part of Poland. You should accept your responsibility and resign inmediately.
The Polish-Soviet War: The Red Advance (1919-1920),1,Assault on Wilno,BRILIANT,200,Liberating Bialorus,2,"Now that we have taken Wilno, our left flank will be secure. Of course, there will be Soviet counterattacks. But our new positions are strong and we'll be able to handle them.
We must keep on advancing before winter comes. Your next objective will be the city of Minsk."
The Polish-Soviet War: The Red Advance (1919-1920),1,Assault on Wilno,VICTORY,150,Liberating Bialorus,2,"Now that we have taken Wilno, our left flank will be secure. Of course, there will be Soviet counterattacks. But our new positions are strong and we'll be able to handle them.
We must keep on advancing before winter comes. Your next objective will be the city of Minsk."
The Polish-Soviet War: The Red Advance (1919-1920),1,Assault on Wilno,TACTICAL,100,Liberating Bialorus,2,"Now that we have taken Wilno, our left flank will be secure. Of course, there will be Soviet counterattacks. But our new positions are strong and we'll be able to handle them.
We must keep on advancing before winter comes. Your next objective will be the city of Minsk."
The Polish-Soviet War: The Red Advance (1919-1920),1,Assault on Wilno,LOSE,0,CAMPAIGN END / DEFEAT,255,You haven't been able to defeat the Red Army and now the Soviet counterattacks will force us to retreat. We'll have to agree to peace negotiations and we'll lose a great portion of the territory that was once part of Poland. You should accept your responsibility and resign inmediately.
The Polish-Soviet War: The Red Advance (1919-1920),2,Liberating Bialorus,BRILIANT,300,Battle of Dyneburg,3,"A notable victory indeed! With the Soviet Western Army in disarray, we'll advance further east to stronger positions. This winter we'll be safe from enemy attacks. There are chances that an independent Bialorus will rise!"
The Polish-Soviet War: The Red Advance (1919-1920),2,Liberating Bialorus,VICTORY,200,Battle of Dyneburg,3,"A notable victory indeed! With the Soviet Western Army in disarray, we'll advance further east to stronger positions. This winter we'll be safe from enemy attacks. There are chances that an independent Bialorus will rise!"
The Polish-Soviet War: The Red Advance (1919-1920),2,Liberating Bialorus,TACTICAL,100,Battle of Dyneburg,3,"A notable victory indeed! With the Soviet Western Army in disarray, we'll advance further east to stronger positions. This winter we'll be safe from enemy attacks. There are chances that an independent Bialorus will rise!"
The Polish-Soviet War: The Red Advance (1919-1920),2,Liberating Bialorus,LOSE,0,CAMPAIGN END / DEFEAT,255,"You have been too slow! Now when winter comes to our defensive positions, it will be very weak and we won't be able to resist the Soviet counterattack. We'll be forced to peace negotiations and surely we'll have to cede much of the territory we had taken from the Soviets.
I'll see to it that you assume full responsibility and be expelled from the Army."
The Polish-Soviet War: The Red Advance (1919-1920),3,Battle of Dyneburg,BRILIANT,100,Operation Kijów,4,"It has been a difficult battle but in the end the Soviet army has been destroyed and we have forged an alliance with Latvia that will be very important in the future.
During the rest of the winter we won't participate in any large scale military actions. But in spring we'll launch an offensive in Ukraine. If we help Symon Petliura's nationalists to create an anti-Bolshevist Ukrainian republic allied with Poland our eastern frontier will be much safer."
The Polish-Soviet War: The Red Advance (1919-1920),3,Battle of Dyneburg,VICTORY,50,Operation Kijów,4,"It has been a difficult battle but in the end the Soviet army has been destroyed and we have forged an alliance with Latvia that will be very important in the future.
During the rest of the winter we won't participate in any large scale military actions. But in spring we'll launch an offensive in Ukraine. If we help Symon Petliura's nationalists to create an anti-Bolshevist Ukrainian republic allied with Poland our eastern frontier will be much safer."
The Polish-Soviet War: The Red Advance (1919-1920),3,Battle of Dyneburg,TACTICAL,0,Operation Kijów,4,"It has been a difficult battle but in the end the Soviet army has been destroyed and we have forged an alliance with Latvia that will be very important in the future.
During the rest of the winter we won't participate in any large scale military actions. But in spring we'll launch an offensive in Ukraine. If we help Symon Petliura's nationalists to create an anti-Bolshevist Ukrainian republic allied with Poland our eastern frontier will be much safer."
The Polish-Soviet War: The Red Advance (1919-1920),3,Battle of Dyneburg,LOSE,0,CAMPAIGN END / DEFEAT,255,"Our troops couldn't overcome the cold and the enemy. We still have a Soviet army menacing our left flank so we'll have to cancel our plans for a spring offensive.The Reds will have enough time to recover from their early defeats so maybe we'll have to agree to peace negotiations.
None of this would have happened if you had led your army better, General. It's time for you to ask for your retirement."
The Polish-Soviet War: The Red Advance (1919-1920),4,Operation Kijów,BRILIANT,500,Race to Kijów,5,"Once again we have routed the Soviet Army and now the way to Kijów is clear! My congratulations, General!"
The Polish-Soviet War: The Red Advance (1919-1920),4,Operation Kijów,VICTORY,400,Race to Kijów,5,"Once again we have routed the Soviet Army and now the way to Kijów is clear! My congratulations, General!"
The Polish-Soviet War: The Red Advance (1919-1920),4,Operation Kijów,TACTICAL,300,Race to Kijów,5,"Once again we have routed the Soviet Army and now the way to Kijów is clear! My congratulations, General!"
The Polish-Soviet War: The Red Advance (1919-1920),4,Operation Kijów,LOSE,0,CAMPAIGN END / DEFEAT,255,"You have showed a worrying lack of skill in your advance on the Ukrainian plains. Although you did manage to destroy some Soviet divisions, it took you too long to do so and now the Reds have gathered an incredible amount of reinforcement troops. We'll have to retreat from Ukraine and build a safer defence line towards the west. Anyway, we'll choose another commander for that mission. Consider yourself relieved from duty, General."
The Polish-Soviet War: The Red Advance (1919-1920),5,Race to Kijów,BRILIANT,150,Surviving the red tide,6,"We have entered Kijów without any serious trouble. Very well done!
But, confidentially, I must tell you that the situation is far worse than we expected. Although Symon Petliura thought that there would be a Ukrainian patriotic uprising against the Russians, most of the population is indifferent at best. We won't have any strong support from the locals.

And even worse than this, our intelligence reports warn us of a huge Red counteroffensive that will start in the next few weeks or possibly in a few days! We are very far from our bases and the Soviet reinforcements will be composed mainly of veteran troops so we could be in serious trouble."
The Polish-Soviet War: The Red Advance (1919-1920),5,Race to Kijów,VICTORY,150,Surviving the red tide,6,"We have entered Kijów without any serious trouble. Very well done!
But, confidentially, I must tell you that the situation is far worse than we expected. Although Symon Petliura thought that there would be a Ukrainian patriotic uprising against the Russians, most of the population is indifferent at best. We won't have any strong support from the locals.

And even worse than this, our intelligence reports warn us of a huge Red counteroffensive that will start in the next few weeks or possibly in a few days! We are very far from our bases and the Soviet reinforcements will be composed mainly of veteran troops so we could be in serious trouble."
The Polish-Soviet War: The Red Advance (1919-1920),5,Race to Kijów,TACTICAL,150,Surviving the red tide,6,"We have entered Kijów without any serious trouble. Very well done!
But, confidentially, I must tell you that the situation is far worse than we expected. Although Symon Petliura thought that there would be a Ukrainian patriotic uprising against the Russians, most of the population is indifferent at best. We won't have any strong support from the locals.

And even worse than this, our intelligence reports warn us of a huge Red counteroffensive that will start in the next few weeks or possibly in a few days! We are very far from our bases and the Soviet reinforcements will be composed mainly of veteran troops so we could be in serious trouble."
The Polish-Soviet War: The Red Advance (1919-1920),5,Race to Kijów,LOSE,0,CAMPAIGN END / DEFEAT,255,"Your delay leaves us in a difficult diplomatic situation with Ukraine. The Ministry of Foreign Affairs wants you removed from your command and I'm afraid that the Army won't be able to coverup this scandal. For the sake of us all, you'd better resign."
The Polish-Soviet War: The Red Advance (1919-1920),6,Surviving the red tide,BRILIANT,350,Battle of Warszawa: Poland's last chance,7,"The battle was tough but your masterful defence strategy was successful. You have inflicted heavy losses on the Reds and now, with a bit of luck, we'll be able to stop their counteroffensive at our winter headquarters near Zwiahel."
The Polish-Soviet War: The Red Advance (1919-1920),6,Surviving the red tide,VICTORY,350,Battle of Warszawa: Poland's last chance,7,"The battle was tough but your masterful defence strategy was successful. You have inflicted heavy losses on the Reds and now, with a bit of luck, we'll be able to stop their counteroffensive at our winter headquarters near Zwiahel."
The Polish-Soviet War: The Red Advance (1919-1920),6,Surviving the red tide,TACTICAL,350,Battle of Warszawa: Poland's last chance,7,"The battle was tough but your masterful defence strategy was successful. You have inflicted heavy losses on the Reds and now, with a bit of luck, we'll be able to stop their counteroffensive at our winter headquarters near Zwiahel."
The Polish-Soviet War: The Red Advance (1919-1920),6,Surviving the red tide,LOSE,0,CAMPAIGN END / DEFEAT,255,"Yes, that's right, Sir. The General is reported to be dead but in the midst of our retreat we couldn't recover his body. The Russian advance has been so quick that thousands of our soldiers are still missing and we fear the worst."
The Polish-Soviet War: The Red Advance (1919-1920),7,Battle of Warszawa: Poland's last chance,BRILIANT,150,"Komarów, the last cavalry battle",8,"Amazing! This counterattack will be remembered as one of the finest military feats in Poland's history! The Red Army has been crushed and now its surviving units are fleeing to avoid being surrounded and destroyed by our troops!

We must take advantage of this situation, General! It is most important to advance quickly to the east and recover our lost territories before the Russians have time to recover or the League of Nations forces us to sign an armistice..."
The Polish-Soviet War: The Red Advance (1919-1920),7,Battle of Warszawa: Poland's last chance,VICTORY,80,"Komarów, the last cavalry battle",8,"Amazing! This counterattack will be remembered as one of the finest military feats in Poland's history! The Red Army has been crushed and now its surviving units are fleeing to avoid being surrounded and destroyed by our troops!

We must take advantage of this situation, General! It is most important to advance quickly to the east and recover our lost territories before the Russians have time to recover or the League of Nations forces us to sign an armistice..."
The Polish-Soviet War: The Red Advance (1919-1920),7,Battle of Warszawa: Poland's last chance,TACTICAL,0,"Komarów, the last cavalry battle",8,"Amazing! This counterattack will be remembered as one of the finest military feats in Poland's history! The Red Army has been crushed and now its surviving units are fleeing to avoid being surrounded and destroyed by our troops!

We must take advantage of this situation, General! It is most important to advance quickly to the east and recover our lost territories before the Russians have time to recover or the League of Nations forces us to sign an armistice..."
The Polish-Soviet War: The Red Advance (1919-1920),7,Battle of Warszawa: Poland's last chance,LOSE,0,CAMPAIGN END / DEFEAT,255,"Everything is lost. Our army has been destroyed and the Russians have conquered our beloved capital. We can offer no further resistance and we have no other option but surrender. Poland will become a dominion of Soviet Russia. Or at best, if we are lucky and the League of Nations puts pressure on Russia, we'll be allowed to keep a tiny Polish state around Kraków.

In any case, going into exile would be the best thing for you to do General. After this defeat you will be better off in Paris or London than in Poland."
The Polish-Soviet War: The Red Advance (1919-1920),8,"Komarów, the last cavalry battle",BRILIANT,550,Riding across the Niemen River,9,"This will be remembered as one of the largest cavalry battles in modern history and it has been a great victory for Poland! Although Budionny and part of his army were finally able to breakthrough our lines and retreat to the east, their losses were very high and I don't think they'll be a threat to us anymore.

But we can't stop now! We must continue our counteroffensive and recover all of the territories lost to the Russians in the last months. Your next destination will be the Niemen River."
The Polish-Soviet War: The Red Advance (1919-1920),8,"Komarów, the last cavalry battle",VICTORY,550,Riding across the Niemen River,9,"This will be remembered as one of the largest cavalry battles in modern history and it has been a great victory for Poland! Although Budionny and part of his army were finally able to breakthrough our lines and retreat to the east, their losses were very high and I don't think they'll be a threat to us anymore.

But we can't stop now! We must continue our counteroffensive and recover all of the territories lost to the Russians in the last months. Your next destination will be the Niemen River."
The Polish-Soviet War: The Red Advance (1919-1920),8,"Komarów, the last cavalry battle",TACTICAL,550,Riding across the Niemen River,9,"This will be remembered as one of the largest cavalry battles in modern history and it has been a great victory for Poland! Although Budionny and part of his army were finally able to breakthrough our lines and retreat to the east, their losses were very high and I don't think they'll be a threat to us anymore.

But we can't stop now! We must continue our counteroffensive and recover all of the territories lost to the Russians in the last months. Your next destination will be the Niemen River."
The Polish-Soviet War: The Red Advance (1919-1920),8,"Komarów, the last cavalry battle",LOSE,0,CAMPAIGN END / DEFEAT,255,"You have missed our best chance to crush Budionny's troops. He has managed to retreat to the east with minor losses and his army will still be a challenge for us in the future. We'll still be able to continue with our counteroffensive but I think that you should resign your command. You performed well in the past, but now you seem exhausted and for the good of our nation you must take a rest."
The Polish-Soviet War: The Red Advance (1919-1920),9,Riding across the Niemen River,BRILIANT,350,Back to Minsk,10,"It has been a tremendous battle but finally the Soviets have been defeated and they have taken heavy losses. The Bolshevik government has sent us a peace offer that we are considering right now. 

The end of the war is near but until that moment comes our troops will have to go on advancing."
The Polish-Soviet War: The Red Advance (1919-1920),9,Riding across the Niemen River,VICTORY,350,Back to Minsk,10,"It has been a tremendous battle but finally the Soviets have been defeated and they have taken heavy losses. The Bolshevik government has sent us a peace offer that we are considering right now. 

The end of the war is near but until that moment comes our troops will have to go on advancing."
The Polish-Soviet War: The Red Advance (1919-1920),9,Riding across the Niemen River,TACTICAL,350,Back to Minsk,10,"It has been a tremendous battle but finally the Soviets have been defeated and they have taken heavy losses. The Bolshevik government has sent us a peace offer that we are considering right now. 

The end of the war is near but until that moment comes our troops will have to go on advancing."
The Polish-Soviet War: The Red Advance (1919-1920),9,Riding across the Niemen River,LOSE,0,CAMPAIGN END / DEFEAT,255,"It has been a tremendous battle but our troops were exhausted and we couldn't take our objectives in time. The Red Army has taken heavy losses too so the Bolshevik government has sent us a peace offer that we are considering right now.
I'm afraid that we'll finally have to accept the Curzon Line as the boundary between Poland and Red Russia. But after your poor performance at the battle of the Niemen River it's the best we can get."
The Polish-Soviet War: The Red Advance (1919-1920),10,Back to Minsk,BRILIANT,0,Unknown (ID 254),254,"Well done! After all of your stunning victories against the Soviets, it's time for our diplomats to exploit your successes. I just hope they are as competent as you!

You must feel proud of yourself, General! You will be remembered as one of our best military commanders. Poland will be forever in debt to you. 

I'll be glad to go with you to Wilno to offer our victory to Our Lady of Gate of Dawn. May our Lord give you a long and prosperous life.

The campaign is over. I hope you have liked it and thanks for playing!

Urica 2011"
The Polish-Soviet War: The Red Advance (1919-1920),10,Back to Minsk,VICTORY,0,Unknown (ID 254),254,"Well done! After all of your stunning victories against the Soviets, it's time for our diplomats to exploit your successes. I just hope they are as competent as you!

You must feel proud of yourself, General! You will be remembered as one of our best military commanders. Poland will be forever in debt to you. 

I'll be glad to go with you to Wilno to offer our victory to Our Lady of Gate of Dawn. May our Lord give you a long and prosperous life.

The campaign is over. I hope you have liked it and thanks for playing!

Urica 2011"
The Polish-Soviet War: The Red Advance (1919-1920),10,Back to Minsk,TACTICAL,0,Unknown (ID 254),254,"Well done! After all of your stunning victories against the Soviets, it's time for our diplomats to exploit your successes. I just hope they are as competent as you!

You must feel proud of yourself, General! You will be remembered as one of our best military commanders. Poland will be forever in debt to you. 

I'll be glad to go with you to Wilno to offer our victory to Our Lady of Gate of Dawn. May our Lord give you a long and prosperous life.

The campaign is over. I hope you have liked it and thanks for playing!

Urica 2011"
The Polish-Soviet War: The Red Advance (1919-1920),10,Back to Minsk,LOSE,0,CAMPAIGN END / DEFEAT,255,"This has certainly been a bittersweet ending. Your failure at the gates of Minsk will make it much harder for our diplomats to get concessions from the Russians. It's a pity that you couldn't finish what you had started.

The campaign is over. I hope you have liked it and thanks for playing.

Urica 2011"
Soviet Black Sea Fleet (1941-1944),0,00. FALCIU 1 (22 June 1941),BRILIANT,350,01. FALCIU 2 (7 July 1941),1,"BRILLIANT VICTORY

Brilliant, Comrade. You have shown that it is a mistake to think the Red Army is an easy prey! You are ordered to dig in, because the situation on other sections of the front causes us to send all reinforcements elsewhere."
Soviet Black Sea Fleet (1941-1944),0,00. FALCIU 1 (22 June 1941),VICTORY,350,01. FALCIU 2 (7 July 1941),1,"VICTORY

Excellent, Comrade. You have shown that it is a mistake to think the Red Army is an easy prey! You are ordered to dig in, because the situation on other sections of the front causes us to send all reinforcements elsewhere."
Soviet Black Sea Fleet (1941-1944),0,00. FALCIU 1 (22 June 1941),TACTICAL,350,01. FALCIU 2 (7 July 1941),1,"TACTICAL VICTORY

Well done, Comrade. You have shown that it is a mistake to think the Red Army is an easy prey! You are ordered to dig in, because the situation on other sections of the front causes us to send all reinforcements elsewhere."
Soviet Black Sea Fleet (1941-1944),0,00. FALCIU 1 (22 June 1941),LOSE,0,CAMPAIGN END / DEFEAT,255,"LOSS

The Rumanians proved to be too strong for you. Because you are incompetent to lead Red Army troops you will be stripped of your insignia and serve as a regular soldier from now on!"
Soviet Black Sea Fleet (1941-1944),1,01. FALCIU 2 (7 July 1941),BRILIANT,80,02. KISHENEV (14 July 1941),2,"BRILLIANT VICTORY

Excellent, comrade. You have stopped the Rumanian fascists! Furious fights have shown the tenacity of the Red Army in war! However the bridgehead cannot be held. As you have noticed the enemy is close to cutting us off from the rear. You have orders to pull back to our side of the Prut River and await new orders."
Soviet Black Sea Fleet (1941-1944),1,01. FALCIU 2 (7 July 1941),VICTORY,80,02. KISHENEV (14 July 1941),2,
Soviet Black Sea Fleet (1941-1944),1,01. FALCIU 2 (7 July 1941),TACTICAL,100,02. KISHENEV (14 July 1941),2,"TACTICAL VICTORY

Well done, comrade. You have stopped the Rumanian fascists! Furious fights have shown the tenacity of the Red Army in war! However the bridgehead cannot be held. As you have noticed the enemy is close to cutting us off from the rear. You have orders to pull back to our side of the Prut River and await new orders."
Soviet Black Sea Fleet (1941-1944),1,01. FALCIU 2 (7 July 1941),LOSE,0,CAMPAIGN END / DEFEAT,255,"LOSS

You failed to hold the perimeter of the Falciu bridgehead. Report in Moskva!"
Soviet Black Sea Fleet (1941-1944),2,02. KISHENEV (14 July 1941),BRILIANT,500,03. ODESSA 1941 (13 August 1941),3,"BRILLIANT VICTORY

You made it! Very well done, comrade. The front has completely fallen apart. We are falling back on Odessa."
Soviet Black Sea Fleet (1941-1944),2,02. KISHENEV (14 July 1941),VICTORY,550,03. ODESSA 1941 (13 August 1941),3,"VICTORY

You made it! Very well done, comrade. The front has completely fallen apart. We are falling back on Odessa."
Soviet Black Sea Fleet (1941-1944),2,02. KISHENEV (14 July 1941),TACTICAL,550,03. ODESSA 1941 (13 August 1941),3,"TACTICAL VICTORY

You made it! Well done, comrade. The front has completely fallen apart. We are falling back on Odessa."
Soviet Black Sea Fleet (1941-1944),2,02. KISHENEV (14 July 1941),LOSE,0,CAMPAIGN END / DEFEAT,255,"LOSS

'The commander? He has been trapped with his forces in the Kishenev pocket. No sign of him anymore. Another division lost...'"
Soviet Black Sea Fleet (1941-1944),3,03. ODESSA 1941 (13 August 1941),BRILIANT,0,CAMPAIGN END / DEFEAT,255,"BRILLIANT VICTORY

Not possible..."
Soviet Black Sea Fleet (1941-1944),3,03. ODESSA 1941 (13 August 1941),VICTORY,0,CAMPAIGN END / DEFEAT,255,"VICTORY

Not possible..."
Soviet Black Sea Fleet (1941-1944),3,03. ODESSA 1941 (13 August 1941),TACTICAL,0,CAMPAIGN END / DEFEAT,255,"TACTICAL VICTORY

Not possible..."
Soviet Black Sea Fleet (1941-1944),3,03. ODESSA 1941 (13 August 1941),LOSE,600,04. PEREKOP (25 September 19411),4,"LOSS

You have done more than well, comrade. You have stopped the Rumanian advance towards Odessa. They have suffered tremendous losses already however they will be attacking soon again. Conditions on the fronts elsewhere, force us to pull your experienced division back from Odessa and to the Crimea. The garrison of Odessa will continue to resist!"
Soviet Black Sea Fleet (1941-1944),4,04. PEREKOP (25 September 19411),BRILIANT,250,05. ROSTOV 1941 (25 November 1941),5,"BRILLIANT VICTORY

Brilliant, comrade. We have most of the Perekop peninsula back under control. However it seems the fascists are assembling new forces to storm our lines again.

You will be drawn back from the front for rest and possible refitting."
Soviet Black Sea Fleet (1941-1944),4,04. PEREKOP (25 September 19411),VICTORY,350,05. ROSTOV 1941 (25 November 1941),5,"VICTORY

Excellent, comrade. We have most of the Perekop peninsula back under control. However it seems the fascists are assembling new forces to storm our lines again.

You will be drawn back from the front for rest and possible refitting."
Soviet Black Sea Fleet (1941-1944),4,04. PEREKOP (25 September 19411),TACTICAL,450,05. ROSTOV 1941 (25 November 1941),5,"TACTICAL VICTORY

Excellent, comrade. We have most of the Perekop peninsula back under control. However it seems the fascists are assembling new forces to storm our lines again.

You will be drawn back from the front for rest and possible refitting."
Soviet Black Sea Fleet (1941-1944),4,04. PEREKOP (25 September 19411),LOSE,0,04. PEREKOP (25 September 19411),4,"LOSS

You have ashamed the Red Army, comrade. The fascists are pouring into the Crimea as we speak. Report in Moskva!"
Soviet Black Sea Fleet (1941-1944),5,05. ROSTOV 1941 (25 November 1941),BRILIANT,0,08. CRIMEA CHOICE SCENARIO (15 December 1941),8,"BRILLIANT VICTORY

Excellent comrade!!! This is one of first big victories of this war. You have driven some elite forces of the fascists armies out of Rostov and saved the Caucasus from an attack! However many of the almost entrapped Germans managed to retreat and built up a defensive winter line at the Mius River, still tens of kilometers west of Rostov!"
Soviet Black Sea Fleet (1941-1944),5,05. ROSTOV 1941 (25 November 1941),VICTORY,0,08. CRIMEA CHOICE SCENARIO (15 December 1941),8,"VICTORY

Excellent comrade!!! This is one of first big victories of this war. You have driven some elite forces of the fascists armies out of Rostov and saved the Caucasus from an attack! However many of the almost entrapped Germans managed to retreat and built up a defensive winter line at the Mius River, still tens of kilometers west of Rostov!"
Soviet Black Sea Fleet (1941-1944),5,05. ROSTOV 1941 (25 November 1941),TACTICAL,0,08. CRIMEA CHOICE SCENARIO (15 December 1941),8,"TACTICAL VICTORY

Excellent comrade!!! This is one of first big victories of this war. You have driven some elite forces of the fascists armies out of Rostov and saved the Caucasus from an attack! However many of the almost entrapped Germans managed to retreat and built up a defensive winter line at the Mius River, still tens of kilometers west of Rostov!"
Soviet Black Sea Fleet (1941-1944),5,05. ROSTOV 1941 (25 November 1941),LOSE,0,05. ROSTOV 1941 (25 November 1941),5,"LOSS

You have failed to drive the fascist enemy out of the Rostov region. Despite all our advantages you have failed..."
Soviet Black Sea Fleet (1941-1944),6,06. KERCH (26 December 1941),BRILIANT,0,09. SEVASTOPOL 1942 (6 June 1942),9,"BRILLIANT VICTORY

Brilliant, comrade. You have taken Kerch and repulsed all fascist counterattacks! The landing near Feodosiya has been an equal success. The enemy was quick enough to retreat and build a new defensive line, but we are in possession of the Kerch peninsula from Kerch to Feodisya and have drained away enemy forces that could otherwise attack Sevastopol."
Soviet Black Sea Fleet (1941-1944),6,06. KERCH (26 December 1941),VICTORY,0,09. SEVASTOPOL 1942 (6 June 1942),9,"VICTORY

Brilliant, comrade. You have taken Kerch and repulsed all fascist counterattacks! The landing near Feodosiya has been an equal success. The enemy was quick enough to retreat and build a new defensive line, but we are in possession of the Kerch peninsula from Kerch to Feodisya and have drained away enemy forces that could otherwise attack Sevastopol."
Soviet Black Sea Fleet (1941-1944),6,06. KERCH (26 December 1941),TACTICAL,0,09. SEVASTOPOL 1942 (6 June 1942),9,"TACTICAL VICTORY

Brilliant, comrade. You have taken Kerch and repulsed all fascist counterattacks! The landing near Feodosiya has been an equal success. The enemy was quick enough to retreat and build a new defensive line, but we are in possession of the Kerch peninsula from Kerch to Feodisya and have drained away enemy forces that could otherwise attack Sevastopol."
Soviet Black Sea Fleet (1941-1944),6,06. KERCH (26 December 1941),LOSE,0,06. KERCH (26 December 1941),6,"LOSS

The Kerch operation has failed. As we speak our brave forces are driven back into the sea. Because of the failure of the Kerch operation, the succesful Feodosiya operation has become irrelevant..."
Soviet Black Sea Fleet (1941-1944),7,07. FEODOSIYA (29 December 1941),BRILIANT,0,09. SEVASTOPOL 1942 (6 June 1942),9,"BRILLIANT VICTORY

Brilliant, comrade. You have taken Feodosiya and repulsed all fascist counterattacks! The landing near Kerch has been an equal success. The enemy was quick enough to retreat and build a new defensive line, but we are in possession of the Kerch peninsula from Kerch to Feodisya and have drained away enemy forces that could otherwise attack Sevastopol."
Soviet Black Sea Fleet (1941-1944),7,07. FEODOSIYA (29 December 1941),VICTORY,0,09. SEVASTOPOL 1942 (6 June 1942),9,"VICTORY

Brilliant, comrade. You have taken Feodosiya and repulsed all fascist counterattacks! The landing near Kerch has been an equal success. The enemy was quick enough to retreat and build a new defensive line, but we are in possession of the Kerch peninsula from Kerch to Feodisya and have drained away enemy forces that could otherwise attack Sevastopol."
Soviet Black Sea Fleet (1941-1944),7,07. FEODOSIYA (29 December 1941),TACTICAL,0,09. SEVASTOPOL 1942 (6 June 1942),9,"TACTICAL VICTORY

Brilliant, comrade. You have taken Feodosiya and repulsed all fascist counterattacks! The landing near Kerch has been an equal success. The enemy was quick enough to retreat and build a new defensive line, but we are in possession of the Kerch peninsula from Kerch to Feodisya and have drained away enemy forces that could otherwise attack Sevastopol."
Soviet Black Sea Fleet (1941-1944),7,07. FEODOSIYA (29 December 1941),LOSE,0,07. FEODOSIYA (29 December 1941),7,"LOSS

The Feodosiya operation has failed. As we speak our brave forces are driven back into the sea. Because of the failure of the Feodosiya operation, the succesful Kerch operation has become irrelevant..."
Soviet Black Sea Fleet (1941-1944),8,08. CRIMEA CHOICE SCENARIO (15 December 1941),BRILIANT,0,CAMPAIGN END / DEFEAT,255,"BRILLIANT VICTORY

Not possible..."
Soviet Black Sea Fleet (1941-1944),8,08. CRIMEA CHOICE SCENARIO (15 December 1941),VICTORY,600,06. KERCH (26 December 1941),6,"VICTORY

You have chosen to play Kerch. So be it!"
Soviet Black Sea Fleet (1941-1944),8,08. CRIMEA CHOICE SCENARIO (15 December 1941),TACTICAL,600,07. FEODOSIYA (29 December 1941),7,"TACTICAL VICTORY

You have chosen to play Feodosiya. So be it!"
Soviet Black Sea Fleet (1941-1944),8,08. CRIMEA CHOICE SCENARIO (15 December 1941),LOSE,0,08. CRIMEA CHOICE SCENARIO (15 December 1941),8,"LOSS

Come on, make a decision! Try again!"
Soviet Black Sea Fleet (1941-1944),9,09. SEVASTOPOL 1942 (6 June 1942),BRILIANT,0,CAMPAIGN END / DEFEAT,255,"BRILLIANT VICTORY

Not possible..."
Soviet Black Sea Fleet (1941-1944),9,09. SEVASTOPOL 1942 (6 June 1942),VICTORY,0,CAMPAIGN END / DEFEAT,255,"VICTORY

Not possible..."
Soviet Black Sea Fleet (1941-1944),9,09. SEVASTOPOL 1942 (6 June 1942),TACTICAL,0,CAMPAIGN END / DEFEAT,255,"TACTICAL VICTORY

Not possible..."
Soviet Black Sea Fleet (1941-1944),9,09. SEVASTOPOL 1942 (6 June 1942),LOSE,1000,10. NOVOROSSIYSK 1 (20 September 1942),10,"LOSS

Our forces in Sevastopol could not stop the fascist attack, despite you reinforcing them. The enemy has lead enormous numbers of men in their however. At the moment they are clearing the last streets of the city of Sevastopol. Luckily your core could make it on time out of the besieged city, to the ports where the Black Sea Fleet will transport you back to a Caucasus port."
Soviet Black Sea Fleet (1941-1944),10,10. NOVOROSSIYSK 1 (20 September 1942),BRILIANT,0,11. SUCHUMI (28 September 1942),11,"BRILLIANT VICTORY

Very well done, comrade. You have stopped the fascist advance on the coastal road. The front near Novorossiysk is changing into a stalemate so it seems, which is good from our perspective."
Soviet Black Sea Fleet (1941-1944),10,10. NOVOROSSIYSK 1 (20 September 1942),VICTORY,50,11. SUCHUMI (28 September 1942),11,"VICTORY

Very well done, comrade. You have stopped the fascist advance on the coastal road. The front near Novorossiysk is changing into a stalemate so it seems, which is good from our perspective."
Soviet Black Sea Fleet (1941-1944),10,10. NOVOROSSIYSK 1 (20 September 1942),TACTICAL,100,11. SUCHUMI (28 September 1942),11,"TACTICAL VICTORY

Well done, comrade. You have stopped the fascist advance on the coastal road. The front near Novorossiysk is changing into a stalemate so it seems, which is good from our perspective."
Soviet Black Sea Fleet (1941-1944),10,10. NOVOROSSIYSK 1 (20 September 1942),LOSE,0,10. NOVOROSSIYSK 1 (20 September 1942),10,"LOSS

Comrade, comrade... You failed to stop the enemy advance on the coastal road. If you are lucky you are getting another chance, as regular soldier in the 62nd Army in the hell of Stalingrad."
Soviet Black Sea Fleet (1941-1944),11,11. SUCHUMI (28 September 1942),BRILIANT,700,12. ORDZHONIKIDZE 1 (1 November 1942),12,"BRILLIANT VICTORY

Excellent, comrade. The fascist advance on Suchumi has been stopped. It seems the front, from the Don and Stalingrad in the north, to the Caucasus mountains is turning into a stalemate all along the front."
Soviet Black Sea Fleet (1941-1944),11,11. SUCHUMI (28 September 1942),VICTORY,700,12. ORDZHONIKIDZE 1 (1 November 1942),12,"VICTORY

Excellent, comrade. The fascist advance on Suchumi has been stopped. It seems the front, from the Don and Stalingrad in the north, to the Caucasus mountains is turning into a stalemate all along the front."
Soviet Black Sea Fleet (1941-1944),11,11. SUCHUMI (28 September 1942),TACTICAL,800,12. ORDZHONIKIDZE 1 (1 November 1942),12,"TACTICAL VICTORY

Excellent, comrade. The fascist advance on Suchumi has been stopped. It seems the front, from the Don and Stalingrad in the north, to the Caucasus mountains is turning into a stalemate all along the front."
Soviet Black Sea Fleet (1941-1944),11,11. SUCHUMI (28 September 1942),LOSE,0,10. NOVOROSSIYSK 1 (20 September 1942),10,"LOSS

The enemy is taking control of Suchumi and a section of the coastal road. This means we are no longer able to fully supply our units near Novorossiysk, only by the means of our Black Sea Fleet. The front is collapsing and soon our glorious Black Sea Fleet will run out of ports! Report to Moskva or take life into your own hands..."
Soviet Black Sea Fleet (1941-1944),12,12. ORDZHONIKIDZE 1 (1 November 1942),BRILIANT,150,13. ORDZHONIKIDZE 2 (8 November 1942),13,"BRILLIANT VICTORY

Comrade, it is a glorious day! You have effectively halted the fascist advance on Ordzhonikidze by not only stopping them in the city suburbs but even more by encircling them from behind! Do not waste time, go and destroy them, comrade!"
Soviet Black Sea Fleet (1941-1944),12,12. ORDZHONIKIDZE 1 (1 November 1942),VICTORY,250,13. ORDZHONIKIDZE 2 (8 November 1942),13,"VICTORY

Comrade, it is a glorious day! You have effectively halted the fascist advance on Ordzhonikidze by not only stopping them in the city suburbs but even more by encircling them from behind! Do not waste time, go and destroy them, comrade!"
Soviet Black Sea Fleet (1941-1944),12,12. ORDZHONIKIDZE 1 (1 November 1942),TACTICAL,350,13. ORDZHONIKIDZE 2 (8 November 1942),13,"TACTICAL VICTORY

Comrade, it is a glorious day! You have effectively halted the fascist advance on Ordzhonikidze by not only stopping them in the city suburbs but even more by encircling them from behind! Do not waste time, go and destroy them, comrade!"
Soviet Black Sea Fleet (1941-1944),12,12. ORDZHONIKIDZE 1 (1 November 1942),LOSE,0,12. ORDZHONIKIDZE 1 (1 November 1942),12,"LOSS

The fascist have have only been halted by days. Ordzhonikidze has been taken and  we are in serious trouble at Grozny. Report in Moskva!"
Soviet Black Sea Fleet (1941-1944),13,13. ORDZHONIKIDZE 2 (8 November 1942),BRILIANT,100,14. MAIKOP (10 January 1943),14,"BRILLIANT VICTORY

Amazing work, comrade! You not only destroyed many fascist forces but also got the front moving again, back to the north-west. Although a considerable number of Germans managed to get to their own lines, we are preparing to liberate the region in our upcoming winter offensive!"
Soviet Black Sea Fleet (1941-1944),13,13. ORDZHONIKIDZE 2 (8 November 1942),VICTORY,150,14. MAIKOP (10 January 1943),14,"VICTORY

Amazing work, comrade! You not only destroyed many fascist forces but also got the front moving again, back to the north-west. Although a considerable number of Germans managed to get to their own lines, we are preparing to liberate the region in our upcoming winter offensive!"
Soviet Black Sea Fleet (1941-1944),13,13. ORDZHONIKIDZE 2 (8 November 1942),TACTICAL,300,14. MAIKOP (10 January 1943),14,"TACTICAL VICTORY

Amazing work, comrade! You not only destroyed many fascist forces but also got the front moving again, back to the north-west. Although a considerable number of Germans managed to get to their own lines, we are preparing to liberate the region in our upcoming winter offensive!"
Soviet Black Sea Fleet (1941-1944),13,13. ORDZHONIKIDZE 2 (8 November 1942),LOSE,0,13. ORDZHONIKIDZE 2 (8 November 1942),13,"LOSS

Ordzhonikidze is under severe pressure once again. The fascist relief force has joined up with the trapped forces and are likely to capture Ordzhonikidze after all. We were so close to victory here..."
Soviet Black Sea Fleet (1941-1944),14,14. MAIKOP (10 January 1943),BRILIANT,1400,15. ROSTOV 1943 (2 February 1943),15,"BRILLIANT VICTORY

Brilliant, comrade. Simply brilliant! You have chased those fascists dogs in front of you. Large parts of the Caucasus region have been liberated. And the fascists in Stalingrad should be close to surrender. We have destroyed many Rumanian, Hungarian and Italian units in battles near the Don River. Our winter offensive is already a triumph. Simply keep advancing until you receive new orders, comrade!"
Soviet Black Sea Fleet (1941-1944),14,14. MAIKOP (10 January 1943),VICTORY,1550,15. ROSTOV 1943 (2 February 1943),15,"VICTORY

Brilliant, comrade. Simply brilliant! You have chased those fascists dogs in front of you. Large parts of the Caucasus region have been liberated. And the fascists in Stalingrad should be close to surrender. We have destroyed many Rumanian, Hungarian and Italian units in battles near the Don River. Our winter offensive is already a triumph. Simply keep advancing until you receive new orders, comrade!"
Soviet Black Sea Fleet (1941-1944),14,14. MAIKOP (10 January 1943),TACTICAL,1700,15. ROSTOV 1943 (2 February 1943),15,"TACTICAL VICTORY

Brilliant, comrade. Simply brilliant! You have chased those fascists dogs in front of you. Large parts of the Caucasus region have been liberated. And the fascists in Stalingrad should be close to surrender. We have destroyed many Rumanian, Hungarian and Italian units in battles near the Don River. Our winter offensive is already a triumph. Simply keep advancing until you receive new orders, comrade!"
Soviet Black Sea Fleet (1941-1944),14,14. MAIKOP (10 January 1943),LOSE,0,14. MAIKOP (10 January 1943),14,"LOSS

The Red Army is ashamed of you. Report to HQ. It seems the fascists at Stalingrad are harder to defeat than imagined and we could use every extra man..."
Soviet Black Sea Fleet (1941-1944),15,15. ROSTOV 1943 (2 February 1943),BRILIANT,250,16. NOVOROSSIYSK 2 (18 March 1943),16,"BRILLIANT VICTORY

Excellent news from the fronts are arriving to our glorious leader. The fascist forces at Stalingrad have finally been forced to surrender. We have liberated Rostov again and the Caucasus has been liberated entirely but for the Kuban region. The danger for the oilfields is gone and our winter offensive has been a great success!"
Soviet Black Sea Fleet (1941-1944),15,15. ROSTOV 1943 (2 February 1943),VICTORY,350,16. NOVOROSSIYSK 2 (18 March 1943),16,"VICTORY

Excellent news from the fronts are arriving to our glorious leader. The fascist forces at Stalingrad have finally been forced to surrender. We have liberated Rostov again and the Caucasus has been liberated entirely but for the Kuban region. The danger for the oilfields is gone and our winter offensive has been a great success!"
Soviet Black Sea Fleet (1941-1944),15,15. ROSTOV 1943 (2 February 1943),TACTICAL,500,16. NOVOROSSIYSK 2 (18 March 1943),16,"TACTICAL VICTORY

Excellent news from the fronts are arriving to our glorious leader. The fascist forces at Stalingrad have finally been forced to surrender. We have liberated Rostov again and the Caucasus has been liberated entirely but for the Kuban region. The danger for the oilfields is gone and our winter offensive has been a great success!"
Soviet Black Sea Fleet (1941-1944),15,15. ROSTOV 1943 (2 February 1943),LOSE,0,15. ROSTOV 1943 (2 February 1943),15,"LOSS

You have orders to immediately travel to Moskva and report to the great leader himself. No further details have been given."
Soviet Black Sea Fleet (1941-1944),16,16. NOVOROSSIYSK 2 (18 March 1943),BRILIANT,25,17. KRYMSKAYA (18 April 1943),17,"BRILLIANT VICTORY

Absolutely brilliant, comrade. The enemy was much stronger and more tenacious than expected. We were unable to take Novorossiysk itself but we have closed in, on two sides. Attacks on all of the fascist Kuban positions are continuing as we speak!"
Soviet Black Sea Fleet (1941-1944),16,16. NOVOROSSIYSK 2 (18 March 1943),VICTORY,50,17. KRYMSKAYA (18 April 1943),17,"VICTORY

Absolutely brilliant, comrade. The enemy was much stronger and more tenacious than expected. We were unable to take Novorossiysk itself but we have closed in, on two sides. Attacks on all of the fascist Kuban positions are continuing as we speak!"
Soviet Black Sea Fleet (1941-1944),16,16. NOVOROSSIYSK 2 (18 March 1943),TACTICAL,100,17. KRYMSKAYA (18 April 1943),17,"TACTICAL VICTORY

Well done, comrade. The enemy was much stronger and more tenacious than expected. We were unable to take Novorossiysk itself but we have closed in, on two sides. Attacks on all of the fascist Kuban positions are continuing as we speak!"
Soviet Black Sea Fleet (1941-1944),16,16. NOVOROSSIYSK 2 (18 March 1943),LOSE,0,16. NOVOROSSIYSK 2 (18 March 1943),16,"LOSS

You have failed. Thousands of Marines are perishing because of your blunders..."
Soviet Black Sea Fleet (1941-1944),17,17. KRYMSKAYA (18 April 1943),BRILIANT,1500,18. NOVOROSSIYSK 3 (9 September 1943),18,"BRILLIANT VICTORY

You have done a very good job, comrade. The fascists had more reserves than expected, including an entire tank division. Although you have shifted the frontline to the west, no breakthrough has taken place. On the other hand, the enemy was not able to destroy the Novorossiysk bridgehead either. We are locked in a stalemate. We will stop offensive actions and assemble forces for a new offensive that should commence after some months."
Soviet Black Sea Fleet (1941-1944),17,17. KRYMSKAYA (18 April 1943),VICTORY,1700,18. NOVOROSSIYSK 3 (9 September 1943),18,"VICTORY

You have done a very good job, comrade. The fascists had more reserves than expected, including an entire tank division. Although you have shifted the frontline to the west, no breakthrough has taken place. On the other hand, the enemy was not able to destroy the Novorossiysk bridgehead either. We are locked in a stalemate. We will stop offensive actions and assemble forces for a new offensive that should commence after some months."
Soviet Black Sea Fleet (1941-1944),17,17. KRYMSKAYA (18 April 1943),TACTICAL,2000,18. NOVOROSSIYSK 3 (9 September 1943),18,"TACTICAL VICTORY

You have done a good job, comrade. The fascists had more reserves than expected, including an entire tank division. Although you have shifted the frontline to the west, no breakthrough has taken place. On the other hand, the enemy was not able to destroy the Novorossiysk bridgehead either. We are locked in a stalemate. We will stop offensive actions and assemble forces for a new offensive that should commence after some months."
Soviet Black Sea Fleet (1941-1944),17,17. KRYMSKAYA (18 April 1943),LOSE,0,17. KRYMSKAYA (18 April 1943),17,"LOSS

The enemy was much stronger than anticipated. This is however not an acceptable excuse for your performance. Report to HQ!"
Soviet Black Sea Fleet (1941-1944),18,18. NOVOROSSIYSK 3 (9 September 1943),BRILIANT,0,19. TAMAN (25 September 1943),19,"BRILLIANT VICTORY

Excellent, comrade, excellent! You cannot imagine how happy our glorious leader is with this victory. Finally we have broken through and have liberated Novorossiysk! The enemy is retreating towards the Taman peninsula, and will either make a stand there or get ready to be evactuated to the Crimea. Follow the fascists, let nothing stop you!"
Soviet Black Sea Fleet (1941-1944),18,18. NOVOROSSIYSK 3 (9 September 1943),VICTORY,50,19. TAMAN (25 September 1943),19,"VICTORY

Excellent, comrade, excellent! You cannot imagine how happy our glorious leader is with this victory. Finally we have broken through and have liberated Novorossiysk! The enemy is retreating towards the Taman peninsula, and will either make a stand there or get ready to be evactuated to the Crimea. Follow the fascists, let nothing stop you!"
Soviet Black Sea Fleet (1941-1944),18,18. NOVOROSSIYSK 3 (9 September 1943),TACTICAL,75,19. TAMAN (25 September 1943),19,"TACTICAL VICTORY

Excellent, comrade, excellent! You cannot imagine how happy our glorious leader is with this victory. Finally we have broken through and have liberated Novorossiysk! The enemy is retreating towards the Taman peninsula, and will either make a stand there or get ready to be evactuated to the Crimea. Follow the fascists, let nothing stop you!"
Soviet Black Sea Fleet (1941-1944),18,18. NOVOROSSIYSK 3 (9 September 1943),LOSE,0,18. NOVOROSSIYSK 3 (9 September 1943),18,"LOSS

Although we made progress, still, after all those months, there is no break through. Our troops were ready. You failed. Our glorious leader has requested your presence..."
Soviet Black Sea Fleet (1941-1944),19,19. TAMAN (25 September 1943),BRILIANT,1250,20. ODESSA 1944 (9 April 1944),20,"BRILLIANT VICTORY

The Kuban steppes and the Taman peninsula are liberated. Not one fascist still stands in its soil. Well done, comrade. Elsewhere our forces are having victories as well. In the Ukraine our offensive is steaming towards the Dnjepr River. And the winter has still to begin! However your forces will be drawn back, and receive some badly needed rest and refitting. But the enemy is far from defeated so you will face them again."
Soviet Black Sea Fleet (1941-1944),19,19. TAMAN (25 September 1943),VICTORY,1500,20. ODESSA 1944 (9 April 1944),20,"VICTORY

The Kuban steppes and the Taman peninsula are liberated. Not one fascist still stands in its soil. Well done, comrade. Elsewhere our forces are having victories as well. In the Ukraine our offensive is steaming towards the Dnjepr River. And the winter has still to begin! However your forces will be drawn back, and receive some badly needed rest and refitting. But the enemy is far from defeated so you will face them again."
Soviet Black Sea Fleet (1941-1944),19,19. TAMAN (25 September 1943),TACTICAL,2000,20. ODESSA 1944 (9 April 1944),20,"TACTICAL VICTORY

The Kuban steppes and the Taman peninsula are liberated. Not one fascist still stands in its soil. Well done, comrade. Elsewhere our forces are having victories as well. In the Ukraine our offensive is steaming towards the Dnjepr River. And the winter has still to begin! However your forces will be drawn back, and receive some badly needed rest and refitting. But the enemy is far from defeated so you will face them again."
Soviet Black Sea Fleet (1941-1944),19,19. TAMAN (25 September 1943),LOSE,0,19. TAMAN (25 September 1943),19,"LOSS

Stavka is not pleased. Not pleased at all. I suggest you hold the honour to yourself..."
Soviet Black Sea Fleet (1941-1944),20,20. ODESSA 1944 (9 April 1944),BRILIANT,750,21. SEVASTOPOL 1944 (7 May 1944),21,"BRILLIANT VICTORY

You rushed west and took Odessa without too much trouble, an admirable achievement. After months of advancing, our troops in the Ukraine will stop large offensive actions as almost the entire Ukraine has been liberated now. But our great nation is larger than just the Ukraine and those areas are waiting for our troops to liberate them from the fascist oppression. Your forces will be send to the Crimea. Other forces will start attacks in Byelorussia and the Baltics."
Soviet Black Sea Fleet (1941-1944),20,20. ODESSA 1944 (9 April 1944),VICTORY,900,21. SEVASTOPOL 1944 (7 May 1944),21,"VICTORY

You rushed west and took Odessa without too much trouble, an admirable achievement. After months of advancing, our troops in the Ukraine will stop large offensive actions as almost the entire Ukraine has been liberated now. But our great nation is larger than just the Ukraine and those areas are waiting for our troops to liberate them from the fascist oppression. Your forces will be send to the Crimea. Other forces will start attacks in Byelorussia and the Baltics."
Soviet Black Sea Fleet (1941-1944),20,20. ODESSA 1944 (9 April 1944),TACTICAL,1100,21. SEVASTOPOL 1944 (7 May 1944),21,"TACTICAL VICTORY

You rushed west and took Odessa without too much trouble, an admirable achievement. After months of advancing, our troops in the Ukraine will stop large offensive actions as almost the entire Ukraine has been liberated now. But our great nation is larger than just the Ukraine and those areas are waiting for our troops to liberate them from the fascist oppression. Your forces will be send to the Crimea. Other forces will start attacks in Byelorussia and the Baltics."
Soviet Black Sea Fleet (1941-1944),20,20. ODESSA 1944 (9 April 1944),LOSE,0,20. ODESSA 1944 (9 April 1944),20,"LOSS

You have failed..."
Soviet Black Sea Fleet (1941-1944),21,21. SEVASTOPOL 1944 (7 May 1944),BRILIANT,1000,22. JASSY (15 June 1944),22,"BRILLIANT VICTORY

Sevastopol is once again in proletarian hands. We have taken over 30,000 fascists prisoner. We do not even start counting the dead bodies in and around Sevastopol. The enemy tried to evacuate his troops but failed to do so in large numbers. You have gained a huge victory, comrade."
Soviet Black Sea Fleet (1941-1944),21,21. SEVASTOPOL 1944 (7 May 1944),VICTORY,1200,22. JASSY (15 June 1944),22,"VICTORY

Sevastopol is once again in proletarian hands. We have taken over 30,000 fascists prisoner. We do not even start counting the dead bodies in and around Sevastopol. The enemy tried to evacuate his troops but failed to do so in large numbers. You have gained a huge victory, comrade."
Soviet Black Sea Fleet (1941-1944),21,21. SEVASTOPOL 1944 (7 May 1944),TACTICAL,1500,22. JASSY (15 June 1944),22,"TACTICAL VICTORY

Sevastopol is once again in proletarian hands. We have taken over 30,000 fascists prisoner. We do not even start counting the dead bodies in and around Sevastopol. The enemy tried to evacuate his troops but failed to do so in large numbers. You have gained a huge victory, comrade."
Soviet Black Sea Fleet (1941-1944),21,21. SEVASTOPOL 1944 (7 May 1944),LOSE,0,21. SEVASTOPOL 1944 (7 May 1944),21,"LOSS

Sevastopol is still not in our hands. You have proven to be incapable of leading this operation. Report to Moskva!"
Soviet Black Sea Fleet (1941-1944),22,22. JASSY (15 June 1944),BRILIANT,300,23. FALCIU 3 (22 August 1944),23,"BRILLIANT VICTORY

Several days of heavy fighting have taken place with both sides having lost thousands of men and hundreds of vehicles. But in the end the fascists couldn't drive us into the Prut River. We still have our bridgehead over the Prut River near Jassy. Preparations for the invasion of Rumania are taking place."
Soviet Black Sea Fleet (1941-1944),22,22. JASSY (15 June 1944),VICTORY,500,23. FALCIU 3 (22 August 1944),23,"VICTORY

Several days of heavy fighting have taken place with both sides having lost thousands of men and hundreds of vehicles. But in the end the fascists couldn't drive us into the Prut River. We still have our bridgehead over the Prut River near Jassy. Preparations for the invasion of Rumania are taking place."
Soviet Black Sea Fleet (1941-1944),22,22. JASSY (15 June 1944),TACTICAL,500,23. FALCIU 3 (22 August 1944),23,"TACTICAL VICTORY

Several days of heavy fighting have taken place with both sides having lost thousands of men and hundreds of vehicles. But in the end the fascists couldn't drive us into the Prut River. We still have our bridgehead over the Prut River near Jassy. Preparations for the invasion of Rumania are taking place."
Soviet Black Sea Fleet (1941-1944),22,22. JASSY (15 June 1944),LOSE,0,22. JASSY (15 June 1944),22,"LOSS

The bridgehead is lost as we speak. This makes our planned invasion of Rumania a lot more difficult. And we still need soldiers for the glorious Red Army. I suggest you join them if you want to get our of this situation alive."
Soviet Black Sea Fleet (1941-1944),23,23. FALCIU 3 (22 August 1944),BRILIANT,50,24. BUCHAREST (30 August 1944),24,"BRILLIANT VICTORY

Brilliant, comrade. The Red Army has encircled many fascist formations. We expect to have encircled over 20 German divisions at least. And our advance into Rumania is going quick, victory should be near. In the Baltic and Byelorussia we have advanced over hundreds of kilometers. Our nation is close to being completely liberated from the fascist supression!"
Soviet Black Sea Fleet (1941-1944),23,23. FALCIU 3 (22 August 1944),VICTORY,100,24. BUCHAREST (30 August 1944),24,"VICTORY

Brilliant, comrade. The Red Army has encircled many fascist formations. We expect to have encircled over 20 German divisions at least. And our advance into Rumania is going quick, victory should be near. In the Baltic and Byelorussia we have advanced over hundreds of kilometers. Our nation is close to being completely liberated from the fascist supression!"
Soviet Black Sea Fleet (1941-1944),23,23. FALCIU 3 (22 August 1944),TACTICAL,150,24. BUCHAREST (30 August 1944),24,"TACTICAL VICTORY

Brilliant, comrade. The Red Army has encircled many fascist formations. We expect to have encircled over 20 German divisions at least. And our advance into Rumania is going quick, victory should be near. In the Baltic and Byelorussia we have advanced over hundreds of kilometers. Our nation is close to being completely liberated from the fascist supression!"
Soviet Black Sea Fleet (1941-1944),23,23. FALCIU 3 (22 August 1944),LOSE,0,23. FALCIU 3 (22 August 1944),23,"LOSS

Many, too many, fascist formations could escape... Our glorious leader is ferious..."
Soviet Black Sea Fleet (1941-1944),24,24. BUCHAREST (30 August 1944),BRILIANT,50,25. RUSE (8 September 1944),25,"BRILLIANT VICTORY

Excellent, comrade. There were serious fights happening in the streets of Bucharest until you arrived and restored law and order. Proletarian law and order! The fascists are almost as good as driven out of Rumania and now the Rumanian Army is fighting alongside us against the Germans and Hungarians."
Soviet Black Sea Fleet (1941-1944),24,24. BUCHAREST (30 August 1944),VICTORY,100,25. RUSE (8 September 1944),25,"VICTORY

Excellent, comrade. There were serious fights happening in the streets of Bucharest until you arrived and restored law and order. Proletarian law and order! The fascists are almost as good as driven out of Rumania and now the Rumanian Army is fighting alongside us against the Germans and Hungarians."
Soviet Black Sea Fleet (1941-1944),24,24. BUCHAREST (30 August 1944),TACTICAL,150,25. RUSE (8 September 1944),25,"TACTICAL VICTORY

Excellent, comrade. There were serious fights happening in the streets of Bucharest until you arrived and restored law and order. Proletarian law and order! The fascists are almost as good as driven out of Rumania and now the Rumanian Army is fighting alongside us against the Germans and Hungarians."
Soviet Black Sea Fleet (1941-1944),24,24. BUCHAREST (30 August 1944),LOSE,0,24. BUCHAREST (30 August 1944),24,"LOSS

The German fascists are still in the vicinity of Bucharest. You have failed..."
Soviet Black Sea Fleet (1941-1944),25,25. RUSE (8 September 1944),BRILIANT,50,26. SOFIA (12 September 1944),26,"BRILLIANT VICTORY

You have done a good job, comrade. The Bulgarians resisted more than we expected. However they are no match for our experienced veterans. You have been given orders to keep advancing towards their capitol of Sofia!"
Soviet Black Sea Fleet (1941-1944),25,25. RUSE (8 September 1944),VICTORY,100,26. SOFIA (12 September 1944),26,"VICTORY

You have done a good job, comrade. The Bulgarians resisted more than we expected. However they are no match for our experienced veterans. You have been given orders to keep advancing towards their capitol of Sofia!"
Soviet Black Sea Fleet (1941-1944),25,25. RUSE (8 September 1944),TACTICAL,150,26. SOFIA (12 September 1944),26,"TACTICAL VICTORY

You have done a good job, comrade. The Bulgarians resisted more than we expected. However they are no match for our experienced veterans. You have been given orders to keep advancing towards their capitol of Sofia!"
Soviet Black Sea Fleet (1941-1944),25,25. RUSE (8 September 1944),LOSE,0,25. RUSE (8 September 1944),25,"LOSS

Comrade, comrade. What were you thinking? Never underestimate the will to resist of fascists..."
Soviet Black Sea Fleet (1941-1944),26,26. SOFIA (12 September 1944),BRILIANT,0,Unknown (ID 254),254,"BRILLIANT VICTORY

Bulgaria has switched sides and the Bulgarian Army, as the Rumanian Army, is fighting alongside us against the German fascists. You have done a worthy job.

AFTERMATH

Our glorious leader has not listened to your request for deployment in Yugoslavia to fight the fascists. You and your comrades have been fighting on the coasts of the Black Sea for over four years. They deserve rest and will not be called upon during this war again. And you, comrade, you will get a nice villa in the Crimea with view on your beloved Black Sea."
Soviet Black Sea Fleet (1941-1944),26,26. SOFIA (12 September 1944),VICTORY,0,Unknown (ID 254),254,"VICTORY

Bulgaria has switched sides and the Bulgarian Army, as the Rumanian Army, is fighting alongside us against the German fascists. You have done a worthy job.

AFTERMATH

Our glorious leader has not listened to your request for deployment in Yugoslavia to fight the fascists. You and your comrades have been fighting on the coasts of the Black Sea for over four years. They deserve rest and will not be called upon during this war again. And you, comrade, you will get a nice villa in the Crimea with view on your beloved Black Sea."
Soviet Black Sea Fleet (1941-1944),26,26. SOFIA (12 September 1944),TACTICAL,0,Unknown (ID 254),254,"TACTICAL VICTORY

Bulgaria has switched sides and the Bulgarian Army, as the Rumanian Army, is fighting alongside us against the German fascists. You have done a worthy job.

AFTERMATH

Our glorious leader has not listened to your request for deployment in Yugoslavia to fight the fascists. You and your comrades have been fighting on the coasts of the Black Sea for over four years. They deserve rest and will not be called upon during this war again. And you, comrade, you will get a nice villa in the Crimea with view on your beloved Black Sea."
Soviet Black Sea Fleet (1941-1944),26,26. SOFIA (12 September 1944),LOSE,0,26. SOFIA (12 September 1944),26,"LOSS

Comrade, you have failed. The fascists are still in the Sofia vicinity..."
Red Destiny (1946-1954),0,"Ah, welcome comrade General!  Allow me to brief you on the tactical situation, and the reasons for which you were called here:",BRILIANT,685,"Comrade General, the final approach to Berlin has begun.  The foolish Germans have left the approach through the Seelow Heights minimally guarded by their lightest units.  This is an excellent opportunity for you to further become experienced in mobile warfare, comrade General.  Drive to the eastern edge of Berlin, and crush all those who would oppose the wave of Soviet revolution.",1,"You have done well, comrade, da? The rebels have been quieted for good.  You have taught the Poles that it is dangerous to interfere with the war effort."
Red Destiny (1946-1954),0,"Ah, welcome comrade General!  Allow me to brief you on the tactical situation, and the reasons for which you were called here:",VICTORY,411,"Comrade General, the final approach to Berlin has begun.  The foolish Germans have left the approach through the Seelow Heights minimally guarded by their lightest units.  This is an excellent opportunity for you to further become experienced in mobile warfare, comrade General.  Drive to the eastern edge of Berlin, and crush all those who would oppose the wave of Soviet revolution.",1,"Good job, comrade General. The Poles shall not be incited to riot against us again."
Red Destiny (1946-1954),0,"Ah, welcome comrade General!  Allow me to brief you on the tactical situation, and the reasons for which you were called here:",TACTICAL,411,"Comrade General, the final approach to Berlin has begun.  The foolish Germans have left the approach through the Seelow Heights minimally guarded by their lightest units.  This is an excellent opportunity for you to further become experienced in mobile warfare, comrade General.  Drive to the eastern edge of Berlin, and crush all those who would oppose the wave of Soviet revolution.",1,"Comrade General, though you accomplished your objectives, it is apparent you only did so at great cost.  The Russian conscript is plentiful, but let be known he is not to be squandered, da?"
Red Destiny (1946-1954),0,"Ah, welcome comrade General!  Allow me to brief you on the tactical situation, and the reasons for which you were called here:",LOSE,959,"Comrade General, the final approach to Berlin has begun.  The foolish Germans have left the approach through the Seelow Heights minimally guarded by their lightest units.  This is an excellent opportunity for you to further become experienced in mobile warfare, comrade General.  Drive to the eastern edge of Berlin, and crush all those who would oppose the wave of Soviet revolution.",1,"Comrade General, I am most displeased with your performance.  If we did not need qualified commanders so badly, you would be removed.  Consider yourself lucky, comrade."
Red Destiny (1946-1954),1,"Comrade General, the final approach to Berlin has begun.  The foolish Germans have left the approach through the Seelow Heights minimally guarded by their lightest units.  This is an excellent opportunity for you to further become experienced in mobile warfare, comrade General.  Drive to the eastern edge of Berlin, and crush all those who would oppose the wave of Soviet revolution.",BRILIANT,959,"Comrade General, here lies the German capital of Berlin.  You have been selected by party officials to lead the attack.",2,"Comrade General, you have done very well.  Berlin lies open to us, and soon we will take the decadent German Reich out of the war."
Red Destiny (1946-1954),1,"Comrade General, the final approach to Berlin has begun.  The foolish Germans have left the approach through the Seelow Heights minimally guarded by their lightest units.  This is an excellent opportunity for you to further become experienced in mobile warfare, comrade General.  Drive to the eastern edge of Berlin, and crush all those who would oppose the wave of Soviet revolution.",VICTORY,822,"Comrade General, here lies the German capital of Berlin.  You have been selected by party officials to lead the attack.",2,"Comrade General, you have done well.  Soon we will invade Berlin itself."
Red Destiny (1946-1954),1,"Comrade General, the final approach to Berlin has begun.  The foolish Germans have left the approach through the Seelow Heights minimally guarded by their lightest units.  This is an excellent opportunity for you to further become experienced in mobile warfare, comrade General.  Drive to the eastern edge of Berlin, and crush all those who would oppose the wave of Soviet revolution.",TACTICAL,822,"Comrade General, here lies the German capital of Berlin.  You have been selected by party officials to lead the attack.",2,"Comrade General, although you accomplished your objectives, you have done so at great cost.  Do not disappoint me again."
Red Destiny (1946-1954),1,"Comrade General, the final approach to Berlin has begun.  The foolish Germans have left the approach through the Seelow Heights minimally guarded by their lightest units.  This is an excellent opportunity for you to further become experienced in mobile warfare, comrade General.  Drive to the eastern edge of Berlin, and crush all those who would oppose the wave of Soviet revolution.",LOSE,0,CAMPAIGN END / DEFEAT,255,"You have wasted the Russian conscript, and for what? We have not even penetrated the Allied ring of defenses around Berlin.

You disgust me.  It is clear that you will need to be ""re-educated"" for some time. Goodbye, Comrade General."
Red Destiny (1946-1954),2,"Comrade General, here lies the German capital of Berlin.  You have been selected by party officials to lead the attack.",BRILIANT,685,"Comrade General, due to your exceptional performance in Berlin, the Party has asked you take a transfer to the Far East.  Here, China has been ravaged by an internal war for well over a decade.  Comrade Stalin is indignant at how far north their troops have been able to travel  Now is the time to strike.  Your forces must push over the border demarcation at Ulan-Ude, and retake as much land as possible from the invaders.  However, comrade General, do not underestimate the Chinese Army.  Although they are in a weakened state, they use some of the same purchased American equipment as the European Allies.  They may attempt to counter-attack.  Good luck, comrade General.",3,"Spectacular performance, Comrade General!  The quick surrender of the Reich indicates to us all that it is evident you have what it takes to win this war."
Red Destiny (1946-1954),2,"Comrade General, here lies the German capital of Berlin.  You have been selected by party officials to lead the attack.",VICTORY,411,"Comrade General, have you ever been to Italy? Nyet? Well, you will soon be taking a, how shall we say, tour of the country, da?  The Party has selected you to begin the attack on Italy due to your performance in the battle for Berlin.  The initial strike will be here, at Taranto.  Your forces will be landing against fierce Allied resistance, since the cowardly Italians have pleaded for Allied help against our unstoppable onslaught.  Allied ships pose a major threat to the invasion, so we have sent you a small fleet of our mighty Soviet submarines to sink the badly made Allied tin cans.  Good luck, comrade General.",5,"Comrade General, you have done mother Russia a great service.  The Germans have been eliminated from the war, and the road is open to western Europe."
Red Destiny (1946-1954),2,"Comrade General, here lies the German capital of Berlin.  You have been selected by party officials to lead the attack.",TACTICAL,411,"Comrade General, the Party has selected you for tactical operations in the invasion of Greece due to your performance in Berlin.  The Allied dogs have holed up in the area of Thermopylae.  I'm sure you know already that the Western nations believe they can hold us off until they can evacuate the country, da?  They think they can do what the Spartans did to the Persians here, in times long ago.",7,"Comrade General, your performance shames the Red Army. Nevertheless, you have accomplished your objectives."
Red Destiny (1946-1954),2,"Comrade General, here lies the German capital of Berlin.  You have been selected by party officials to lead the attack.",LOSE,0,CAMPAIGN END / DEFEAT,255,"Comrade, what is this?! You have failed the motherland.  You will be shipped to the mining camps in the Urals.  I hope for your sake you do better at hard labor than you do at commanding an army."
Red Destiny (1946-1954),3,"Comrade General, due to your exceptional performance in Berlin, the Party has asked you take a transfer to the Far East.  Here, China has been ravaged by an internal war for well over a decade.  Comrade Stalin is indignant at how far north their troops have been able to travel  Now is the time to strike.  Your forces must push over the border demarcation at Ulan-Ude, and retake as much land as possible from the invaders.  However, comrade General, do not underestimate the Chinese Army.  Although they are in a weakened state, they use some of the same purchased American equipment as the European Allies.  They may attempt to counter-attack.  Good luck, comrade General.",BRILIANT,411,"There has been a perpetual state of warfare along the Kazakh front for the past five months.  The decadent Chinese recently launched an attack on the city of Almaty and took it from our brave conscripts.  You are to take your corps, positioned north of Almaty, and liberate the area.  The more quickly you can drive the Chinese out of the area, the better.",4,"Comrade General, you have done exceptionally well despite the circumstances.  Your work is not done, though, and we must continue to perservere against the Chinese dogs."
Red Destiny (1946-1954),3,"Comrade General, due to your exceptional performance in Berlin, the Party has asked you take a transfer to the Far East.  Here, China has been ravaged by an internal war for well over a decade.  Comrade Stalin is indignant at how far north their troops have been able to travel  Now is the time to strike.  Your forces must push over the border demarcation at Ulan-Ude, and retake as much land as possible from the invaders.  However, comrade General, do not underestimate the Chinese Army.  Although they are in a weakened state, they use some of the same purchased American equipment as the European Allies.  They may attempt to counter-attack.  Good luck, comrade General.",VICTORY,137,"There has been a perpetual state of warfare along the Kazakh front for the past five months.  The decadent Chinese recently launched an attack on the city of Almaty and took it from our brave conscripts.  You are to take your corps, positioned north of Almaty, and liberate the area.  The more quickly you can drive the Chinese out of the area, the better.",4,"Good work, comrade General.  You have reclaimed a significant portion of historically Russian land from the invaders."
Red Destiny (1946-1954),3,"Comrade General, due to your exceptional performance in Berlin, the Party has asked you take a transfer to the Far East.  Here, China has been ravaged by an internal war for well over a decade.  Comrade Stalin is indignant at how far north their troops have been able to travel  Now is the time to strike.  Your forces must push over the border demarcation at Ulan-Ude, and retake as much land as possible from the invaders.  However, comrade General, do not underestimate the Chinese Army.  Although they are in a weakened state, they use some of the same purchased American equipment as the European Allies.  They may attempt to counter-attack.  Good luck, comrade General.",TACTICAL,274,"There has been a perpetual state of warfare along the Kazakh front for the past five months.  The decadent Chinese recently launched an attack on the city of Almaty and took it from our brave conscripts.  You are to take your corps, positioned north of Almaty, and liberate the area.  The more quickly you can drive the Chinese out of the area, the better.",4,"Comrade General, though you accomplished your mission, the Chinese nearly stopped you in your tracks. Do not ever let yourself fail a task of such magnitude."
Red Destiny (1946-1954),3,"Comrade General, due to your exceptional performance in Berlin, the Party has asked you take a transfer to the Far East.  Here, China has been ravaged by an internal war for well over a decade.  Comrade Stalin is indignant at how far north their troops have been able to travel  Now is the time to strike.  Your forces must push over the border demarcation at Ulan-Ude, and retake as much land as possible from the invaders.  However, comrade General, do not underestimate the Chinese Army.  Although they are in a weakened state, they use some of the same purchased American equipment as the European Allies.  They may attempt to counter-attack.  Good luck, comrade General.",LOSE,0,CAMPAIGN END / DEFEAT,255,"Comrade General, the Chinese have poured over the border into Siberia.  They have been able to draw on their enormous population, which now stands united against us.  Report to the train station, comrade. I believe your role here is over."
Red Destiny (1946-1954),4,"There has been a perpetual state of warfare along the Kazakh front for the past five months.  The decadent Chinese recently launched an attack on the city of Almaty and took it from our brave conscripts.  You are to take your corps, positioned north of Almaty, and liberate the area.  The more quickly you can drive the Chinese out of the area, the better.",BRILIANT,411,"Our glorious Red Army of workers and peasants has begun the invasion of the Low Countries.  Holland fell quickly to our armored forces, but I am most displeased to inform you that the Allied pigs have managed to set up significant defenses around the Belgian port of Antwerp. Your veteran army, having served mother Russia well in the past, has been tasked with securing this vital and important city.  Crush the Allied dogs, comrade General.  The party will not be kind if you fail here.",9,"Comrade General, that was spectacular, to say the least.  Your display of Soviet military might has forced the cowardly pigs leading the Chinese government to plead for a cessation of hostilities.  For this, Comrade Stalin has agreed to sign off on a paper giving you a dacha in Leningrad.  You should be proud, Comrade."
Red Destiny (1946-1954),4,"There has been a perpetual state of warfare along the Kazakh front for the past five months.  The decadent Chinese recently launched an attack on the city of Almaty and took it from our brave conscripts.  You are to take your corps, positioned north of Almaty, and liberate the area.  The more quickly you can drive the Chinese out of the area, the better.",VICTORY,137,"Our glorious Red Army of workers and peasants has begun the invasion of the Low Countries.  Holland fell quickly to our armored forces, but I am most displeased to inform you that the Allied pigs have managed to set up significant defenses around the Belgian port of Antwerp. Your veteran army, having served mother Russia well in the past, has been tasked with securing this vital and important city.  Crush the Allied dogs, comrade General.  The party will not be kind if you fail here.",9,"Great job, comrade!  The Chinese government has resigned, and their armies are demoralized, retreating on every front.  It may be some months, but soon we will install a proper communist government in Peking, da?"
Red Destiny (1946-1954),4,"There has been a perpetual state of warfare along the Kazakh front for the past five months.  The decadent Chinese recently launched an attack on the city of Almaty and took it from our brave conscripts.  You are to take your corps, positioned north of Almaty, and liberate the area.  The more quickly you can drive the Chinese out of the area, the better.",TACTICAL,0,"Our glorious Red Army of workers and peasants has begun the invasion of the Low Countries.  Holland fell quickly to our armored forces, but I am most displeased to inform you that the Allied pigs have managed to set up significant defenses around the Belgian port of Antwerp. Your veteran army, having served mother Russia well in the past, has been tasked with securing this vital and important city.  Crush the Allied dogs, comrade General.  The party will not be kind if you fail here.",9,"Comrade General, though your victory was costly, you are to be applauded.  Your action in Almaty has forced the Chinese armies back and secured an important propaganda victory."
Red Destiny (1946-1954),4,"There has been a perpetual state of warfare along the Kazakh front for the past five months.  The decadent Chinese recently launched an attack on the city of Almaty and took it from our brave conscripts.  You are to take your corps, positioned north of Almaty, and liberate the area.  The more quickly you can drive the Chinese out of the area, the better.",LOSE,0,CAMPAIGN END / DEFEAT,255,"Comrade General, you have failed the people and the state.  Come with me.  I'd like to talk to you for a while..."
Red Destiny (1946-1954),5,"Comrade General, have you ever been to Italy? Nyet? Well, you will soon be taking a, how shall we say, tour of the country, da?  The Party has selected you to begin the attack on Italy due to your performance in the battle for Berlin.  The initial strike will be here, at Taranto.  Your forces will be landing against fierce Allied resistance, since the cowardly Italians have pleaded for Allied help against our unstoppable onslaught.  Allied ships pose a major threat to the invasion, so we have sent you a small fleet of our mighty Soviet submarines to sink the badly made Allied tin cans.  Good luck, comrade General.",BRILIANT,685,"The fight for Italy still continues, comrade General.  However, the party believes the Italian government is on the verge of surrender.  They do not wish to see their beautiful countryside pockmarked by the craters of war, da?  You must bring the conflict to an end, comrade General.  Finish off the last major vestige of Allied power in Italy, at Salerno.  More of our fine submarines are on their way to assist you, should more Allied surface ships be encountered.",6,"Splendid job, comrade General!  The Allies have learned just how deadly a properly planned amphibious assault can be, especially when commanded by mother Russia's finest."
Red Destiny (1946-1954),5,"Comrade General, have you ever been to Italy? Nyet? Well, you will soon be taking a, how shall we say, tour of the country, da?  The Party has selected you to begin the attack on Italy due to your performance in the battle for Berlin.  The initial strike will be here, at Taranto.  Your forces will be landing against fierce Allied resistance, since the cowardly Italians have pleaded for Allied help against our unstoppable onslaught.  Allied ships pose a major threat to the invasion, so we have sent you a small fleet of our mighty Soviet submarines to sink the badly made Allied tin cans.  Good luck, comrade General.",VICTORY,411,"The fight for Italy still continues, comrade General.  However, the party believes the Italian government is on the verge of surrender.  They do not wish to see their beautiful countryside pockmarked by the craters of war, da?  You must bring the conflict to an end, comrade General.  Finish off the last major vestige of Allied power in Italy, at Salerno.  More of our fine submarines are on their way to assist you, should more Allied surface ships be encountered.",6,"Good work, comrade General.  Your success at Taranto has the Allied dogs running in fear of the Red Army."
Red Destiny (1946-1954),5,"Comrade General, have you ever been to Italy? Nyet? Well, you will soon be taking a, how shall we say, tour of the country, da?  The Party has selected you to begin the attack on Italy due to your performance in the battle for Berlin.  The initial strike will be here, at Taranto.  Your forces will be landing against fierce Allied resistance, since the cowardly Italians have pleaded for Allied help against our unstoppable onslaught.  Allied ships pose a major threat to the invasion, so we have sent you a small fleet of our mighty Soviet submarines to sink the badly made Allied tin cans.  Good luck, comrade General.",TACTICAL,548,"The fight for Italy still continues, comrade General.  However, the party believes the Italian government is on the verge of surrender.  They do not wish to see their beautiful countryside pockmarked by the craters of war, da?  You must bring the conflict to an end, comrade General.  Finish off the last major vestige of Allied power in Italy, at Salerno.  More of our fine submarines are on their way to assist you, should more Allied surface ships be encountered.",6,"The Allies nearly pushed you back into the water, comrade General.  The party will not be pleased if the next victory comes at such a cost."
Red Destiny (1946-1954),5,"Comrade General, have you ever been to Italy? Nyet? Well, you will soon be taking a, how shall we say, tour of the country, da?  The Party has selected you to begin the attack on Italy due to your performance in the battle for Berlin.  The initial strike will be here, at Taranto.  Your forces will be landing against fierce Allied resistance, since the cowardly Italians have pleaded for Allied help against our unstoppable onslaught.  Allied ships pose a major threat to the invasion, so we have sent you a small fleet of our mighty Soviet submarines to sink the badly made Allied tin cans.  Good luck, comrade General.",LOSE,0,CAMPAIGN END / DEFEAT,255,"It has come to my attention that you have failed the motherland in the battle for Taranto, Comrade General.  Do you know what we do to generals who fail?  I am sure you do.  Nevertheless, you will be shown first-hand."
Red Destiny (1946-1954),6,"The fight for Italy still continues, comrade General.  However, the party believes the Italian government is on the verge of surrender.  They do not wish to see their beautiful countryside pockmarked by the craters of war, da?  You must bring the conflict to an end, comrade General.  Finish off the last major vestige of Allied power in Italy, at Salerno.  More of our fine submarines are on their way to assist you, should more Allied surface ships be encountered.",BRILIANT,548,"Our glorious Red Army of workers and peasants has begun the invasion of the Low Countries.  Holland fell quickly to our armored forces, but I am most displeased to inform you that the Allied pigs have managed to set up significant defenses around the Belgian port of Antwerp. Your veteran army, having served mother Russia well in the past, has been tasked with securing this vital and important city.  Crush the Allied dogs, comrade General.  The party will not be kind if you fail here.",9,"Very well done, comrade General. The Italian government has surrendered to the glorious Soviet Union, and in doing so has forcibly expelled all Allied troops from Italian territory.  The Allies, bound by the chains of international diplomacy, have chosen to obey the Italian government's request.  Luckily, the Soviet Union does not abide by this imperialist dogma."
Red Destiny (1946-1954),6,"The fight for Italy still continues, comrade General.  However, the party believes the Italian government is on the verge of surrender.  They do not wish to see their beautiful countryside pockmarked by the craters of war, da?  You must bring the conflict to an end, comrade General.  Finish off the last major vestige of Allied power in Italy, at Salerno.  More of our fine submarines are on their way to assist you, should more Allied surface ships be encountered.",VICTORY,274,"Our glorious Red Army of workers and peasants has begun the invasion of the Low Countries.  Holland fell quickly to our armored forces, but I am most displeased to inform you that the Allied pigs have managed to set up significant defenses around the Belgian port of Antwerp. Your veteran army, having served mother Russia well in the past, has been tasked with securing this vital and important city.  Crush the Allied dogs, comrade General.  The party will not be kind if you fail here.",9,"Good work, comrade General. The Italian government has surrendered to the glorious Soviet Union, and in doing so has forcibly expelled all Allied troops from Italian territory.  The Allies, bound by the chains of international diplomacy, have chosen to obey the Italian government's request.  Luckily, the Soviet Union does not abide by this imperialist dogma."
Red Destiny (1946-1954),6,"The fight for Italy still continues, comrade General.  However, the party believes the Italian government is on the verge of surrender.  They do not wish to see their beautiful countryside pockmarked by the craters of war, da?  You must bring the conflict to an end, comrade General.  Finish off the last major vestige of Allied power in Italy, at Salerno.  More of our fine submarines are on their way to assist you, should more Allied surface ships be encountered.",TACTICAL,411,"Our glorious Red Army of workers and peasants has begun the invasion of the Low Countries.  Holland fell quickly to our armored forces, but I am most displeased to inform you that the Allied pigs have managed to set up significant defenses around the Belgian port of Antwerp. Your veteran army, having served mother Russia well in the past, has been tasked with securing this vital and important city.  Crush the Allied dogs, comrade General.  The party will not be kind if you fail here.",9,"Comrade General, though the Italians have indeed surrendered, they were not intimidated enough by your victory at Salerno to expel the majority of Allied troops.  The narrow victory here at Salerno has shown the Allies that even mighty mother Russia is not completely invincible.  Do not disappoint the party again."
Red Destiny (1946-1954),6,"The fight for Italy still continues, comrade General.  However, the party believes the Italian government is on the verge of surrender.  They do not wish to see their beautiful countryside pockmarked by the craters of war, da?  You must bring the conflict to an end, comrade General.  Finish off the last major vestige of Allied power in Italy, at Salerno.  More of our fine submarines are on their way to assist you, should more Allied surface ships be encountered.",LOSE,0,CAMPAIGN END / DEFEAT,255,"Comrade General, you were given a chance to bring the war in Italy to a successful close. But you have failed miserably in this task.  You will need to report to the train station, Comrade. I have booked a one-way ticket for you."
Red Destiny (1946-1954),7,"Comrade General, the Party has selected you for tactical operations in the invasion of Greece due to your performance in Berlin.  The Allied dogs have holed up in the area of Thermopylae.  I'm sure you know already that the Western nations believe they can hold us off until they can evacuate the country, da?  They think they can do what the Spartans did to the Persians here, in times long ago.",BRILIANT,685,"Comrade General, the Allies are using the Greek island of Crete as a last bastion.  With the Greek government officially out of the picture, this island is the last obstacle to our rightful rule of the Aegean Sea.  Your forces will land at a predesignated point on the island, in the area of the city of Maleme.  Paratroopers have landed to the west of your landing zone.",8,"Fantastic work, comrade General.  The Allied pigs have been completely eradicated.  Turkey refuses to help the Allies any longer.  The only Allied bastion in Greece that remains is the island of Crete."
Red Destiny (1946-1954),7,"Comrade General, the Party has selected you for tactical operations in the invasion of Greece due to your performance in Berlin.  The Allied dogs have holed up in the area of Thermopylae.  I'm sure you know already that the Western nations believe they can hold us off until they can evacuate the country, da?  They think they can do what the Spartans did to the Persians here, in times long ago.",VICTORY,411,"Comrade General, the Allies are using the Greek island of Crete as a last bastion.  With the Greek government officially out of the picture, this island is the last obstacle to our rightful rule of the Aegean Sea.  Your forces will land at a predesignated point on the island, in the area of the city of Maleme.  Paratroopers have landed to the west of your landing zone.",8,"Great job, comrade General.  You may redeem yourself in the eyes of the Communist Party yet."
Red Destiny (1946-1954),7,"Comrade General, the Party has selected you for tactical operations in the invasion of Greece due to your performance in Berlin.  The Allied dogs have holed up in the area of Thermopylae.  I'm sure you know already that the Western nations believe they can hold us off until they can evacuate the country, da?  They think they can do what the Spartans did to the Persians here, in times long ago.",TACTICAL,548,"Comrade General, the Allies are using the Greek island of Crete as a last bastion.  With the Greek government officially out of the picture, this island is the last obstacle to our rightful rule of the Aegean Sea.  Your forces will land at a predesignated point on the island, in the area of the city of Maleme.  Paratroopers have landed to the west of your landing zone.",8,"You have done an adequate job, comrade General.  You will be called upon again once you are needed."
Red Destiny (1946-1954),7,"Comrade General, the Party has selected you for tactical operations in the invasion of Greece due to your performance in Berlin.  The Allied dogs have holed up in the area of Thermopylae.  I'm sure you know already that the Western nations believe they can hold us off until they can evacuate the country, da?  They think they can do what the Spartans did to the Persians here, in times long ago.",LOSE,0,CAMPAIGN END / DEFEAT,255,"Such a shame, Comrade General.  The Party had high hopes for you to redeem yourself and to show yourself as a New Soviet Man.  Unfortunately, that did not happen, and so you must be removed from your command."
Red Destiny (1946-1954),8,"Comrade General, the Allies are using the Greek island of Crete as a last bastion.  With the Greek government officially out of the picture, this island is the last obstacle to our rightful rule of the Aegean Sea.  Your forces will land at a predesignated point on the island, in the area of the city of Maleme.  Paratroopers have landed to the west of your landing zone.",BRILIANT,274,"Our glorious Red Army of workers and peasants has begun the invasion of the Low Countries.  Holland fell quickly to our armored forces, but I am most displeased to inform you that the Allied pigs have managed to set up significant defenses around the Belgian port of Antwerp. Your veteran army, having served mother Russia well in the past, has been tasked with securing this vital and important city.  Crush the Allied dogs, comrade General.  The party will not be kind if you fail here.",9,"You have done extraordinarily well, comrade General.  Crete is secure, and the Royal Navy lies at the bottom of the sea. Good job."
Red Destiny (1946-1954),8,"Comrade General, the Allies are using the Greek island of Crete as a last bastion.  With the Greek government officially out of the picture, this island is the last obstacle to our rightful rule of the Aegean Sea.  Your forces will land at a predesignated point on the island, in the area of the city of Maleme.  Paratroopers have landed to the west of your landing zone.",VICTORY,137,"Our glorious Red Army of workers and peasants has begun the invasion of the Low Countries.  Holland fell quickly to our armored forces, but I am most displeased to inform you that the Allied pigs have managed to set up significant defenses around the Belgian port of Antwerp. Your veteran army, having served mother Russia well in the past, has been tasked with securing this vital and important city.  Crush the Allied dogs, comrade General.  The party will not be kind if you fail here.",9,"Good work, comrade General.  The Royal Navy is in shambles, and the island of Crete has been united under the hammer and sickle."
Red Destiny (1946-1954),8,"Comrade General, the Allies are using the Greek island of Crete as a last bastion.  With the Greek government officially out of the picture, this island is the last obstacle to our rightful rule of the Aegean Sea.  Your forces will land at a predesignated point on the island, in the area of the city of Maleme.  Paratroopers have landed to the west of your landing zone.",TACTICAL,205,"Our glorious Red Army of workers and peasants has begun the invasion of the Low Countries.  Holland fell quickly to our armored forces, but I am most displeased to inform you that the Allied pigs have managed to set up significant defenses around the Belgian port of Antwerp. Your veteran army, having served mother Russia well in the past, has been tasked with securing this vital and important city.  Crush the Allied dogs, comrade General.  The party will not be kind if you fail here.",9,"Comrade General, though you have accomplished the tasks set before you, the party feels you did so at great cost to the Russian people.  Do not disappoint the party again."
Red Destiny (1946-1954),8,"Comrade General, the Allies are using the Greek island of Crete as a last bastion.  With the Greek government officially out of the picture, this island is the last obstacle to our rightful rule of the Aegean Sea.  Your forces will land at a predesignated point on the island, in the area of the city of Maleme.  Paratroopers have landed to the west of your landing zone.",LOSE,0,CAMPAIGN END / DEFEAT,255,"Comrade General, you have failed miserably at your tasks.  Crete remains in Allied hands, and will be a major nuisance to our convoys through the Black Sea.  You will need to report to the detention center, comrade."
Red Destiny (1946-1954),9,"Our glorious Red Army of workers and peasants has begun the invasion of the Low Countries.  Holland fell quickly to our armored forces, but I am most displeased to inform you that the Allied pigs have managed to set up significant defenses around the Belgian port of Antwerp. Your veteran army, having served mother Russia well in the past, has been tasked with securing this vital and important city.  Crush the Allied dogs, comrade General.  The party will not be kind if you fail here.",BRILIANT,411,"The Allies have laid a trap in the Ardennes, and Russia's brave soldiers are now bogged down in a hellish forest.  Your job, comrade General, is to lead them out of this pocket into the beautiful French countryside.  Drive the Allies back with everything you have at your disposal.  Do not let your fate become the same as the general who came before you.",10,"Fantastic job, comrade General! The city of Antwerp now lies under our rightfulcontrol, and Belgium will soon fall to our superior armed forces.  The party is very pleased with your success."
Red Destiny (1946-1954),9,"Our glorious Red Army of workers and peasants has begun the invasion of the Low Countries.  Holland fell quickly to our armored forces, but I am most displeased to inform you that the Allied pigs have managed to set up significant defenses around the Belgian port of Antwerp. Your veteran army, having served mother Russia well in the past, has been tasked with securing this vital and important city.  Crush the Allied dogs, comrade General.  The party will not be kind if you fail here.",VICTORY,137,"The Allies have laid a trap in the Ardennes, and Russia's brave soldiers are now bogged down in a hellish forest.  Your job, comrade General, is to lead them out of this pocket into the beautiful French countryside.  Drive the Allies back with everything you have at your disposal.  Do not let your fate become the same as the general who came before you.",10,"Great job, comrade! The city lies under our control now, and the inferior Allied forces can not continue to hold on to Belgium much longer."
Red Destiny (1946-1954),9,"Our glorious Red Army of workers and peasants has begun the invasion of the Low Countries.  Holland fell quickly to our armored forces, but I am most displeased to inform you that the Allied pigs have managed to set up significant defenses around the Belgian port of Antwerp. Your veteran army, having served mother Russia well in the past, has been tasked with securing this vital and important city.  Crush the Allied dogs, comrade General.  The party will not be kind if you fail here.",TACTICAL,274,"The Allies have laid a trap in the Ardennes, and Russia's brave soldiers are now bogged down in a hellish forest.  Your job, comrade General, is to lead them out of this pocket into the beautiful French countryside.  Drive the Allies back with everything you have at your disposal.  Do not let your fate become the same as the general who came before you.",10,"I am most unhappy with your performance comrade General.  Though it is apparent you have accomplished your objectives, you have done so at great cost to mother Russia and the people."
Red Destiny (1946-1954),9,"Our glorious Red Army of workers and peasants has begun the invasion of the Low Countries.  Holland fell quickly to our armored forces, but I am most displeased to inform you that the Allied pigs have managed to set up significant defenses around the Belgian port of Antwerp. Your veteran army, having served mother Russia well in the past, has been tasked with securing this vital and important city.  Crush the Allied dogs, comrade General.  The party will not be kind if you fail here.",LOSE,0,CAMPAIGN END / DEFEAT,255,"Comrade General, from your catastrophic failure in Antwerp, it is obvious you are unfit for command.  Report to the train station at once."
Red Destiny (1946-1954),10,"The Allies have laid a trap in the Ardennes, and Russia's brave soldiers are now bogged down in a hellish forest.  Your job, comrade General, is to lead them out of this pocket into the beautiful French countryside.  Drive the Allies back with everything you have at your disposal.  Do not let your fate become the same as the general who came before you.",BRILIANT,548,"The Allied cowards think they can escape socialist justice.  The pathetic remnants of the French army are attempting to escape at Dunkirk, with assistance from German and British troops.  You must show them the futility of their situation, comrade.",11,"Spectacular show, comrade General!  Your wise command has led our troops to victory here at the scene of so much slaughter.  You have been selected to lead the drive to the English Channel."
Red Destiny (1946-1954),10,"The Allies have laid a trap in the Ardennes, and Russia's brave soldiers are now bogged down in a hellish forest.  Your job, comrade General, is to lead them out of this pocket into the beautiful French countryside.  Drive the Allies back with everything you have at your disposal.  Do not let your fate become the same as the general who came before you.",VICTORY,274,"The Allied cowards think they can escape socialist justice.  The pathetic remnants of the French army are attempting to escape at Dunkirk, with assistance from German and British troops.  You must show them the futility of their situation, comrade.",11,"Good show, Comrade General!  We have taken the remnants of the Allied forces into camps, and our forces drive inward into France tself.  Due to this display of your abilities, Comrade Stalin himself has chosen you to lead the drive to the English Channel."
Red Destiny (1946-1954),10,"The Allies have laid a trap in the Ardennes, and Russia's brave soldiers are now bogged down in a hellish forest.  Your job, comrade General, is to lead them out of this pocket into the beautiful French countryside.  Drive the Allies back with everything you have at your disposal.  Do not let your fate become the same as the general who came before you.",TACTICAL,411,"The Allied cowards think they can escape socialist justice.  The pathetic remnants of the French army are attempting to escape at Dunkirk, with assistance from German and British troops.  You must show them the futility of their situation, comrade.",11,"I understand the conditions were harsh, comrade General, but you have done better in the past.  This was a disappointment to the party."
Red Destiny (1946-1954),10,"The Allies have laid a trap in the Ardennes, and Russia's brave soldiers are now bogged down in a hellish forest.  Your job, comrade General, is to lead them out of this pocket into the beautiful French countryside.  Drive the Allies back with everything you have at your disposal.  Do not let your fate become the same as the general who came before you.",LOSE,0,CAMPAIGN END / DEFEAT,255,"Comrade General, this failure is unacceptable.  The Allies now drive us back into Belgium, and they will retake Germany within a year, at the most optimistic estimate.  

Go.  A train to Siberia awaits."
Red Destiny (1946-1954),11,"The Allied cowards think they can escape socialist justice.  The pathetic remnants of the French army are attempting to escape at Dunkirk, with assistance from German and British troops.  You must show them the futility of their situation, comrade.",BRILIANT,137,"Comrade General, the time has finally come.  Over a year has passed since the Allies fled Europe from the city of Dunkirk, and now our carefully made plans are going into action.",12,"I am speechless, comrade General.  You have demonstrated that you are the best commander mother Russia has in her entire army!   With the speed with which you crushed the enemy, we may be able to shorten the war by years."
Red Destiny (1946-1954),11,"The Allied cowards think they can escape socialist justice.  The pathetic remnants of the French army are attempting to escape at Dunkirk, with assistance from German and British troops.  You must show them the futility of their situation, comrade.",VICTORY,0,"Comrade General, we have finally rid France of the Allied scum.  Unfortunately, the French armies to the south were able to retreat into the mountains of Spain and Andorra, supported by a weak pro-Allied Spanish government.",14,"Congratulations, comrade General! The French Army is finally and totally defeated, and our forces control the country.  Comrade Stalin is very pleased with your success."
Red Destiny (1946-1954),11,"The Allied cowards think they can escape socialist justice.  The pathetic remnants of the French army are attempting to escape at Dunkirk, with assistance from German and British troops.  You must show them the futility of their situation, comrade.",TACTICAL,0,"Comrade General, we have finally rid France of the Allied scum.  Unfortunately, the French armies to the south were able to retreat into the mountains of Spain and Andorra, supported by a weak pro-Allied Spanish government.",14,"Comrade General, though the French are defeated, the British were able to withdraw the majority of their forces and inflict serious casualties during the defence of Dunkirk.  You edge dangerously over the line of Comrade Stalin's tolerance for failure."
Red Destiny (1946-1954),11,"The Allied cowards think they can escape socialist justice.  The pathetic remnants of the French army are attempting to escape at Dunkirk, with assistance from German and British troops.  You must show them the futility of their situation, comrade.",LOSE,0,CAMPAIGN END / DEFEAT,255,"Comrade General, it is a shame you have failed here, at one of the most opportune places to show off the Red Army's superiority over the Allied dogs.  Report to the airfield, Comrade General. Comrade Stalin has asked to speak with you personally."
Red Destiny (1946-1954),12,"Comrade General, the time has finally come.  Over a year has passed since the Allies fled Europe from the city of Dunkirk, and now our carefully made plans are going into action.",BRILIANT,274,"Are you not excited? This is the last battle, comrade General! The British capital of London lies before our glorious Red Army of workers and peasants.",13,"Absolutely spectacular, comrade!  The Dover coast is secured, and our troops come ashore by the thousands.  The British cower, as we have passed the only thing that has protected their country in ages past: the English Channel."
Red Destiny (1946-1954),12,"Comrade General, the time has finally come.  Over a year has passed since the Allies fled Europe from the city of Dunkirk, and now our carefully made plans are going into action.",VICTORY,0,"Are you not excited? This is the last battle, comrade General! The British capital of London lies before our glorious Red Army of workers and peasants.",13,"Comrade Stalin is very happy with the results of this attack, Comrade General.  The Soviet Union has finally made a foothold in the last refuge of the European Allies, and our men stream ashore like a colony of ants."
Red Destiny (1946-1954),12,"Comrade General, the time has finally come.  Over a year has passed since the Allies fled Europe from the city of Dunkirk, and now our carefully made plans are going into action.",TACTICAL,137,"Are you not excited? This is the last battle, comrade General! The British capital of London lies before our glorious Red Army of workers and peasants.",13,"Comrade General, this came very close to being a debacle.  Many brave Soviet soldiers were lost to secure the Dover coast. 

Do not disappoint us in your next battle Comrade General.  It is the most important battle you will ever fight, and Comrade Stalin will be watching.  This, I can assure you."
Red Destiny (1946-1954),12,"Comrade General, the time has finally come.  Over a year has passed since the Allies fled Europe from the city of Dunkirk, and now our carefully made plans are going into action.",LOSE,0,CAMPAIGN END / DEFEAT,255,"Comrade General, you have broken the Red Army's image of near-invincibility.  The British and their European Allies have driven us from the coast of England, and we may never have a chance like that again.  Comrade Stalin is thinking of using nuclear weapons to finish off the troublesome British.  Of course, you will not be around to see any of this.  You, Comrade, are scheduled to report to the barracks in twenty minutes, and after that I imagine the gallows."
Red Destiny (1946-1954),13,"Are you not excited? This is the last battle, comrade General! The British capital of London lies before our glorious Red Army of workers and peasants.",BRILIANT,0,Unknown (ID 254),254,"The Second Great War
A summary of the conflict from 1946-1952

(The following excerpt has been taken from The Second Great War, a definitive summary of the conflict that engulfed the world from 1946-1952.  We are most grateful that the author has allowed us to take an excerpt from his book.)

The Red Army, after more than five years of total war, had finally accomplished Josef Stalin's dream of ""manifest destiny"" in Europe.  From Moscow to Madrid, the entire continent of Europe would soon unite under an iron curtain of oppression.  

The general responsible for the final blow to the Allies, the capture of London, was soon swept in as the Premier of the USSR after Stalin was mysteriously assassinated. Puppet governments were quickly established in the deposed Allied powers, as had been done in a formerly democratic China some time earlier.  

Aside from the United States, which had remained neutral throughout the conflict, the world was essentially under Soviet control for the next four decades.  Luckily for the peoples of Europe, the Union of Soviet Socialist Republics would collapse in the 1990's under mysterious circumstances, though it is commonly believed that the end of Soviet rule was the result of internal power politics and regional terrorism draining the nation's resources. It cannot be disputed that had the Soviets failed to conquer London in that last dramatic battle of the Second World War, the world today would be a much different place."
Red Destiny (1946-1954),13,"Are you not excited? This is the last battle, comrade General! The British capital of London lies before our glorious Red Army of workers and peasants.",VICTORY,0,Unknown (ID 254),254,"The Second Great War
A summary of the conflict from 1946-1952

(The following excerpt has been taken from The Second Great War, a definitive summary of the conflict that engulfed the world from 1946-1952.  We are most grateful that the author has allowed us to take an excerpt from his book.)

The Red Army, after more than five years of total war, had finally accomplished Josef Stalin's dream of ""manifest destiny"" in Europe.  From Moscow to Madrid, the entire continent of Europe would soon unite under an iron curtain of oppression.  

The general responsible for the final blow to the Allies, the capture of London, soon retired to a quiet life in the countryside after Stalin was mysteriously assassinated. Puppet governments were quickly established in the deposed Allied powers, as had been done in a formerly democratic China some time earlier.  

Aside from the United States, which had remained neutral throughout the conflict, the world was essentially under Soviet control for the next four decades.  Luckily for the peoples of Europe, the Union of Soviet Socialist Republics would collapse in the 1990's under mysterious circumstances, though it is commonly believed that the end of Soviet rule was the result of internal power politics and regional terrorism draining the nation's resources. It cannot be disputed that had the Soviets failed to conquer London in that last dramatic battle of the Second World War, the world today would be a much different place."
Red Destiny (1946-1954),13,"Are you not excited? This is the last battle, comrade General! The British capital of London lies before our glorious Red Army of workers and peasants.",TACTICAL,0,CAMPAIGN END / DEFEAT,255,"Comrade General, you have done us a terrible disservice.  Our spies had informed us we would be greeted as liberators when we entered London.  Instead, your bungling command caused huge amounts of carnage to the city itself, and the surrounding countryside. In addition, some Allied units were able to withdraw to the north, in Scotland, and now there is the possibility of the United States entering the war, after witnessing our weakness in London.  You are to report to the train station, Comrade General.  Your services are no longer needed here."
Red Destiny (1946-1954),13,"Are you not excited? This is the last battle, comrade General! The British capital of London lies before our glorious Red Army of workers and peasants.",LOSE,0,CAMPAIGN END / DEFEAT,255,"Agh! Comrade General, you have failed miserably in your attempt to finally defeat the Allies once and for all.  Comrade Stalin has ordered you to report to him directly.  I do not envy your reception there."
Red Destiny (1946-1954),14,"Comrade General, we have finally rid France of the Allied scum.  Unfortunately, the French armies to the south were able to retreat into the mountains of Spain and Andorra, supported by a weak pro-Allied Spanish government.",BRILIANT,137,"Here at the port of Gibraltar, the Allied dogs have made their final stand in continental Europe. It is up to you, comrade General, to expel them from their hiding spot.",15,"Spectacular work, comrade General! The Spanish government has collapsed with the seizure of Madrid, and so their monetary support to the Allies has given way as well.  The Allied forces have fled to Gibraltar in the hopes of sanctuary from your unstoppable might."
Red Destiny (1946-1954),14,"Comrade General, we have finally rid France of the Allied scum.  Unfortunately, the French armies to the south were able to retreat into the mountains of Spain and Andorra, supported by a weak pro-Allied Spanish government.",VICTORY,68,"Here at the port of Gibraltar, the Allied dogs have made their final stand in continental Europe. It is up to you, comrade General, to expel them from their hiding spot.",15,"Great work, comrade General. The Spanish government has been dismantled and a proper socialist republic will be installed shortly.  The Spanish countryside has fallen into our grasp, minus the port of Gibraltar where the Allied pig dogs have holed up in a last stand."
Red Destiny (1946-1954),14,"Comrade General, we have finally rid France of the Allied scum.  Unfortunately, the French armies to the south were able to retreat into the mountains of Spain and Andorra, supported by a weak pro-Allied Spanish government.",TACTICAL,103,"Here at the port of Gibraltar, the Allied dogs have made their final stand in continental Europe. It is up to you, comrade General, to expel them from their hiding spot.",15,"Comrade General, I am most displeased with your performance.  Do not fail us on a task of this magnitude again."
Red Destiny (1946-1954),14,"Comrade General, we have finally rid France of the Allied scum.  Unfortunately, the French armies to the south were able to retreat into the mountains of Spain and Andorra, supported by a weak pro-Allied Spanish government.",LOSE,0,CAMPAIGN END / DEFEAT,255,"Comrade General, I cannot believe you have failed! This task was to be much simpler than the bogged-down mess it became under your leadership.  This has bought the Spanish time to regroup and recover."
Red Destiny (1946-1954),15,"Here at the port of Gibraltar, the Allied dogs have made their final stand in continental Europe. It is up to you, comrade General, to expel them from their hiding spot.",BRILIANT,548,"Comrade General, I have grave news. Despite our recent successes in driving the Allies out of Europe, the Ukrainian people have risen against us out of sheer war weariness. There is only one response to such treachery.",16,"Terrific work, comrade! Finally, the Allied presence has been removed from Europe!  And, with the control of the Strait of Gibraltar, we now dominate shipping in the Mediterranean!  Stalin himself is very pleased with your actions."
Red Destiny (1946-1954),15,"Here at the port of Gibraltar, the Allied dogs have made their final stand in continental Europe. It is up to you, comrade General, to expel them from their hiding spot.",VICTORY,411,"Comrade General, I have grave news. Despite our recent successes in driving the Allies out of Europe, the Ukrainian people have risen against us out of sheer war weariness. There is only one response to such treachery.",16,"Excellent work, comrade General! The Allied presence from continental Europe has been removed once and for all. In addition, you have dealt a crippling blow to the Royal Navy. The party is pleased with your success."
Red Destiny (1946-1954),15,"Here at the port of Gibraltar, the Allied dogs have made their final stand in continental Europe. It is up to you, comrade General, to expel them from their hiding spot.",TACTICAL,474,"Comrade General, I have grave news. Despite our recent successes in driving the Allies out of Europe, the Ukrainian people have risen against us out of sheer war weariness. There is only one response to such treachery.",16,"Comrade General, though you took Gibraltar and removed the last Allied bastion in continental Europe, you have done so at great cost in lives and material, causing humiliation for the Soviet Union.  You have done your task however; and for this you shall continue to serve us."
Red Destiny (1946-1954),15,"Here at the port of Gibraltar, the Allied dogs have made their final stand in continental Europe. It is up to you, comrade General, to expel them from their hiding spot.",LOSE,0,CAMPAIGN END / DEFEAT,255,"Comrade General, your attack on Gibraltar was a resounding failure. I hope you realize the consequences of this; if not, you soon will be made aware of them, da? Report to the train station comrade; I wish you good luck in your meeting with Stalin."
Red Destiny (1946-1954),16,"Comrade General, I have grave news. Despite our recent successes in driving the Allies out of Europe, the Ukrainian people have risen against us out of sheer war weariness. There is only one response to such treachery.",BRILIANT,616,"Comrade General, the time has finally come.  Over three years have passed since the Allies fled Europe from the city of Dunkirk, and now our carefully made plans are going into action.",17,"Spectacular show, Comrade General.  With the traitorous Ukrainian troops taken care of, the rebels have capitulated and we have the republic back under the control of a friendly communist government.  Now our forces can resume preparing for the grand finale: the amphibious invasion of England."
Red Destiny (1946-1954),16,"Comrade General, I have grave news. Despite our recent successes in driving the Allies out of Europe, the Ukrainian people have risen against us out of sheer war weariness. There is only one response to such treachery.",VICTORY,411,"Comrade General, the time has finally come.  Over three years have passed since the Allies fled Europe from the city of Dunkirk, and now our carefully made plans are going into action.",17,"With the elimination of any Ukrainian forces significant enough to pose a threat, the rest of the country will fall under the Red Army's control shortly.  And, now we can return to our preparations for a huge event: The amphibious invasion of England."
Red Destiny (1946-1954),16,"Comrade General, I have grave news. Despite our recent successes in driving the Allies out of Europe, the Ukrainian people have risen against us out of sheer war weariness. There is only one response to such treachery.",TACTICAL,685,"Comrade General, the time has finally come.  Over three years have passed since the Allies fled Europe from the city of Dunkirk, and now our carefully made plans are going into action.",17,"Though you have eliminated the bulk of Ukrainian forces around Kharkov, some were allowed to retreat, forming organized resistance in the surrounding countryside. It will be some time before we can fully subdue them.  You will be alerted when we have something useful for you to do."
Red Destiny (1946-1954),16,"Comrade General, I have grave news. Despite our recent successes in driving the Allies out of Europe, the Ukrainian people have risen against us out of sheer war weariness. There is only one response to such treachery.",LOSE,0,CAMPAIGN END / DEFEAT,255,"Because of your failure here, we are forced to prolong the pacification effort. Though the Ukrainians pose no significant threat to us, this morbid spectacle humiliates Comrade Stalin greatly.  He has put in a request for a talk with you at the Kremlin; I do not envy your reception there."
Red Destiny (1946-1954),17,"Comrade General, the time has finally come.  Over three years have passed since the Allies fled Europe from the city of Dunkirk, and now our carefully made plans are going into action.",BRILIANT,685,"Are you not excited? This is the last battle, comrade General! The British capital of London lies before our glorious Red Army of workers and peasants.",18,"Absolutely spectacular, comrade!  The Dover coast is secured, and our troops come ashore by the thousands.  The British cower, as we have passed the only thing that has protected their country in ages past: the English Channel."
Red Destiny (1946-1954),17,"Comrade General, the time has finally come.  Over three years have passed since the Allies fled Europe from the city of Dunkirk, and now our carefully made plans are going into action.",VICTORY,617,"Are you not excited? This is the last battle, comrade General! The British capital of London lies before our glorious Red Army of workers and peasants.",18,"Comrade Stalin is very happy with the results of this attack, Comrade General.  The Soviet Union has finally made a foothold in the last refuge of the European Allies, and our men stream ashore like a colony of ants."
Red Destiny (1946-1954),17,"Comrade General, the time has finally come.  Over three years have passed since the Allies fled Europe from the city of Dunkirk, and now our carefully made plans are going into action.",TACTICAL,651,"Are you not excited? This is the last battle, comrade General! The British capital of London lies before our glorious Red Army of workers and peasants.",18,"Comrade General, this came very close to being a debacle.  Many brave Soviet soldiers were lost to secure the Dover coast. 

Do not disappoint us in your next battle Comrade General.  It is the most important battle you will ever fight, and Comrade Stalin will be watching.  This, I can assure you."
Red Destiny (1946-1954),17,"Comrade General, the time has finally come.  Over three years have passed since the Allies fled Europe from the city of Dunkirk, and now our carefully made plans are going into action.",LOSE,0,CAMPAIGN END / DEFEAT,255,"Comrade General, you have broken the Red Army's image of near-invincibility.  The British and their European Allies have driven us from the coast of England, and we may never have a chance like that again.  Comrade Stalin is thinking of using nuclear weapons to finish off the troublesome British.  Of course, you will not be around to see any of this.  You, Comrade, are scheduled to report to the barracks in twenty minutes, and after that I imagine the gallows."
Red Destiny (1946-1954),18,"Are you not excited? This is the last battle, comrade General! The British capital of London lies before our glorious Red Army of workers and peasants.",BRILIANT,0,Unknown (ID 254),254,"The Second Great War
A summary of the conflict from 1946-1954

(The following excerpt has been taken from The Second Great War, a definitive summary of the conflict that engulfed the world from 1946-1954.  We are most grateful that the author has allowed us to take an excerpt from his book.)

The Red Army, after more than seven years of total war, had finally accomplished Josef Stalin's dream of ""manifest destiny"" in Europe.  From Moscow to Madrid, the entire continent of Europe would soon unite under an iron curtain of oppression.  

The general responsible for the final blow to the Allies, the capture of London, was soon swept in as the Premier of the USSR after Stalin was mysteriously assassinated. Puppet governments were quickly established in the deposed Allied powers, as had been done in a formerly democratic China some time earlier.  

Aside from the United States, which had remained neutral throughout the conflict, the world was essentially under Soviet control for the next four decades.  Luckily for the peoples of Europe, the Union of Soviet Socialist Republics would collapse in the 1990's under mysterious circumstances, though it is commonly believed that the end of Soviet rule was the result of internal power politics and regional terrorism draining the nation's resources. It cannot be disputed that had the Soviets failed to conquer London in that last dramatic battle of the Second World War, the world today would be a much different place."
Red Destiny (1946-1954),18,"Are you not excited? This is the last battle, comrade General! The British capital of London lies before our glorious Red Army of workers and peasants.",VICTORY,0,Unknown (ID 254),254,"The Second Great War
A summary of the conflict from 1946-1954

(The following excerpt has been taken from The Second Great War, a definitive summary of the conflict that engulfed the world from 1946-1954.  We are most grateful that the author has allowed us to take an excerpt from his book.)

The Red Army, after more than seven years of total war, had finally accomplished Josef Stalin's dream of ""manifest destiny"" in Europe.  From Moscow to Madrid, the entire continent of Europe would soon unite under an iron curtain of oppression.  

The general responsible for the final blow to the Allies, the capture of London, soon retired to a quiet life in the countryside after Stalin was mysteriously assassinated. Puppet governments were quickly established in the deposed Allied powers, as had been done in a formerly democratic China some time earlier.  

Aside from the United States, which had remained neutral throughout the conflict, the world was essentially under Soviet control for the next four decades.  Luckily for the peoples of Europe, the Union of Soviet Socialist Republics would collapse in the 1990's under mysterious circumstances, though it is commonly believed that the end of Soviet rule was the result of internal power politics and regional terrorism draining the nation's resources. It cannot be disputed that had the Soviets failed to conquer London in that last dramatic battle of the Second World War, the world today would be a much different place."
Red Destiny (1946-1954),18,"Are you not excited? This is the last battle, comrade General! The British capital of London lies before our glorious Red Army of workers and peasants.",TACTICAL,0,CAMPAIGN END / DEFEAT,255,"Comrade General, you have done us a terrible disservice.  Our spies had informed us we would be greeted as liberators when we entered London.  Instead, your bungling command caused huge amounts of carnage to the city itself, and the surrounding countryside. In addition, some Allied units were able to withdraw to the north, in Scotland, and now there is the possibility of the United States entering the war, after witnessing our weakness in London.  You are to report to the train station, Comrade General.  Your services are no longer needed here."
Red Destiny (1946-1954),18,"Are you not excited? This is the last battle, comrade General! The British capital of London lies before our glorious Red Army of workers and peasants.",LOSE,0,CAMPAIGN END / DEFEAT,255,"Agh! Comrade General, you have failed miserably in your attempt to finally defeat the Allies once and for all.  Comrade Stalin has ordered you to report to him directly.  I do not envy your reception there."
Hungarian Soviet Republic (1919),0,Escaping from Zilah (Zalau),BRILIANT,700,Breaking through Nyíregyháza,1,
Hungarian Soviet Republic (1919),0,Escaping from Zilah (Zalau),VICTORY,625,Breaking through Nyíregyháza,1,
Hungarian Soviet Republic (1919),0,Escaping from Zilah (Zalau),TACTICAL,600,Breaking through Nyíregyháza,1,
Hungarian Soviet Republic (1919),0,Escaping from Zilah (Zalau),LOSE,0,CAMPAIGN END / DEFEAT,255,"Comrade, you failed our revolution, the workers and peasants of our Soviet Republic. You are going to face the firing squad."
Hungarian Soviet Republic (1919),1,Breaking through Nyíregyháza,BRILIANT,950,Szolnok: Securing The Bridgehead,2,
Hungarian Soviet Republic (1919),1,Breaking through Nyíregyháza,VICTORY,875,Szolnok: Securing The Bridgehead,2,
Hungarian Soviet Republic (1919),1,Breaking through Nyíregyháza,TACTICAL,850,Szolnok: Securing The Bridgehead,2,
Hungarian Soviet Republic (1919),1,Breaking through Nyíregyháza,LOSE,0,CAMPAIGN END / DEFEAT,255,"Comrade, you failed our revolution, the workers and peasants of our Soviet Republic. You are going to face the firing squad."
Hungarian Soviet Republic (1919),2,Szolnok: Securing The Bridgehead,BRILIANT,1800,Defending Salgótarján,3,
Hungarian Soviet Republic (1919),2,Szolnok: Securing The Bridgehead,VICTORY,1600,Defending Salgótarján,3,
Hungarian Soviet Republic (1919),2,Szolnok: Securing The Bridgehead,TACTICAL,1500,Defending Salgótarján,3,
Hungarian Soviet Republic (1919),2,Szolnok: Securing The Bridgehead,LOSE,0,CAMPAIGN END / DEFEAT,255,"Comrade, you failed our revolution, the workers and peasants of our Soviet Republic. You are going to face the firing squad."
Hungarian Soviet Republic (1919),3,Defending Salgótarján,BRILIANT,1600,Liberating Miskolc,4,
Hungarian Soviet Republic (1919),3,Defending Salgótarján,VICTORY,1400,Liberating Miskolc,4,
Hungarian Soviet Republic (1919),3,Defending Salgótarján,TACTICAL,1300,Liberating Miskolc,4,
Hungarian Soviet Republic (1919),3,Defending Salgótarján,LOSE,0,CAMPAIGN END / DEFEAT,255,"Comrade, you failed our revolution, the workers and peasants of our Soviet Republic. You are going to face the firing squad."
Hungarian Soviet Republic (1919),4,Liberating Miskolc,BRILIANT,1000,Liberating Kassa (Koice),5,
Hungarian Soviet Republic (1919),4,Liberating Miskolc,VICTORY,800,Liberating Kassa (Koice),5,
Hungarian Soviet Republic (1919),4,Liberating Miskolc,TACTICAL,700,Liberating Kassa (Koice),5,
Hungarian Soviet Republic (1919),4,Liberating Miskolc,LOSE,0,CAMPAIGN END / DEFEAT,255,"Comrade, you failed our revolution, the workers and peasants of our Soviet Republic. You are going to face the firing squad."
Hungarian Soviet Republic (1919),5,Liberating Kassa (Koice),BRILIANT,800,Bártfa (Bardejov): Reaching The Polish Border,6,
Hungarian Soviet Republic (1919),5,Liberating Kassa (Koice),VICTORY,600,Bártfa (Bardejov): Reaching The Polish Border,6,
Hungarian Soviet Republic (1919),5,Liberating Kassa (Koice),TACTICAL,500,Bártfa (Bardejov): Reaching The Polish Border,6,
Hungarian Soviet Republic (1919),5,Liberating Kassa (Koice),LOSE,0,CAMPAIGN END / DEFEAT,255,"Comrade, you failed our revolution, the workers and peasants of our Soviet Republic. You are going to face the firing squad."
Hungarian Soviet Republic (1919),6,Bártfa (Bardejov): Reaching The Polish Border,BRILIANT,1000,Defending Érsekújvár (Nové Zámky),7,
Hungarian Soviet Republic (1919),6,Bártfa (Bardejov): Reaching The Polish Border,VICTORY,800,Defending Érsekújvár (Nové Zámky),7,
Hungarian Soviet Republic (1919),6,Bártfa (Bardejov): Reaching The Polish Border,TACTICAL,750,Defending Érsekújvár (Nové Zámky),7,
Hungarian Soviet Republic (1919),6,Bártfa (Bardejov): Reaching The Polish Border,LOSE,0,CAMPAIGN END / DEFEAT,255,"Comrade, you failed our revolution, the workers and peasants of our Soviet Republic. You are going to face the firing squad."
Hungarian Soviet Republic (1919),7,Defending Érsekújvár (Nové Zámky),BRILIANT,1200,Szolnok-Mezöhegyes Offensive,8,
Hungarian Soviet Republic (1919),7,Defending Érsekújvár (Nové Zámky),VICTORY,1000,Szolnok-Mezöhegyes Offensive,8,
Hungarian Soviet Republic (1919),7,Defending Érsekújvár (Nové Zámky),TACTICAL,950,Szolnok-Mezöhegyes Offensive,8,
Hungarian Soviet Republic (1919),7,Defending Érsekújvár (Nové Zámky),LOSE,0,CAMPAIGN END / DEFEAT,255,"Comrade, you failed our revolution, the workers and peasants of our Soviet Republic. You are going to face the firing squad."
Hungarian Soviet Republic (1919),8,Szolnok-Mezöhegyes Offensive,BRILIANT,500,Szolnok: The Collapse,9,
Hungarian Soviet Republic (1919),8,Szolnok-Mezöhegyes Offensive,VICTORY,450,Szolnok: The Collapse,9,
Hungarian Soviet Republic (1919),8,Szolnok-Mezöhegyes Offensive,TACTICAL,425,Szolnok: The Collapse,9,
Hungarian Soviet Republic (1919),8,Szolnok-Mezöhegyes Offensive,LOSE,0,CAMPAIGN END / DEFEAT,255,"Comrade, you failed our revolution, the workers and peasants of our Soviet Republic. You are going to face the firing squad."
Hungarian Soviet Republic (1919),9,Szolnok: The Collapse,BRILIANT,0,Unknown (ID 254),254,"Comrade Commisar, you did what you could. Unfortunately, the Romanians crossed the Tisza at Tokaj, the Revolutionary Governing Council has resigned, most leaders are fleeing to Vienna. Our Soviet Republic has collapsed. However, we don't stop dreaming about a better future. Save your life and join your comrades fighting for a perfect, communist society all around the world!

Thanks for playing the campaign!"
Hungarian Soviet Republic (1919),9,Szolnok: The Collapse,VICTORY,0,Unknown (ID 254),254,"Comrade Commisar, you did what you could. Unfortunately, the Romanians crossed the Tisza at Tokaj, the Revolutionary Governing Council has resigned, most leaders are fleeing to Vienna. Our Soviet Republic has collapsed. However, we don't stop dreaming about a better future. Save your life and join your comrades fighting for a perfect, communist society all around the world!

Thanks for playing the campaign!"
Hungarian Soviet Republic (1919),9,Szolnok: The Collapse,TACTICAL,0,Unknown (ID 254),254,"Comrade Commisar, you did what you could. Unfortunately, the Romanians crossed the Tisza at Tokaj, the Revolutionary Governing Council has resigned, most leaders are fleeing to Vienna. Our Soviet Republic has collapsed. However, we don't stop dreaming about a better future. Save your life and join your comrades fighting for a perfect, communist society all around the world!

Thanks for playing the campaign!"
Hungarian Soviet Republic (1919),9,Szolnok: The Collapse,LOSE,0,CAMPAIGN END / DEFEAT,255,"Comrade, you failed our revolution, the workers and peasants of our Soviet Republic. You are going to face the firing squad."
Red Star Over China (1927-1949),0,Nanchang Uprising,BRILIANT,100,Autumn Harvest Uprising,1,"BRILLIANT VICTORY

The uprising was successful and Nanchang is ours!  This has become the first major stronghold of Marxism in China.  Now it is time to create a Revolutionary Committee in this city to manage our goals.  We must get Soviet aid by sea with another uprising in Guangzhou.  Our comrades there will receive our support from Nanchang."
Red Star Over China (1927-1949),0,Nanchang Uprising,VICTORY,90,Autumn Harvest Uprising,1,"VICTORY

The uprising was successful and Nanchang is ours!  This has become the first major stronghold of Marxism in China.  Now it is time to create a Revolutionary Committee in this city to manage our goals.  We must get Soviet aid by sea with another uprising in Guangzhou.  Our comrades there will receive our support from Nanchang."
Red Star Over China (1927-1949),0,Nanchang Uprising,TACTICAL,80,Autumn Harvest Uprising,1,"TACTICAL VICTORY

The uprising was successful and Nanchang is ours!  This has become the first major stronghold of Marxism in China.  Now it is time to create a Revolutionary Committee in this city to manage our goals.  We must get Soviet aid by sea with another uprising in Guangzhou.  Our comrades there will receive our support from Nanchang."
Red Star Over China (1927-1949),0,Nanchang Uprising,LOSE,150,CAMPAIGN END / DEFEAT,255,"DEFEAT!

Our battle against the ancient landlords of oppression has been suddenly stopped... now we must again dress ourselves as peasants to avoid being captured by the enemy."
Red Star Over China (1927-1949),1,Autumn Harvest Uprising,BRILIANT,200,KMT Anihilation Campaign,2,"BRILLIANT VICTORY

Xion wei!   The uprising was very successfull here in Changsha... Mao isn't as popular as he wanted... but his prestige continues to grow anyway.   We are going to join his troops for now."
Red Star Over China (1927-1949),1,Autumn Harvest Uprising,VICTORY,150,KMT Anihilation Campaign,2,"VICTORY

Xion wei!   The uprising was very successfull here in Changsha... Mao isn't as popular as he wanted... but his prestige continues to grow anyway.   We are going to join his troops for now."
Red Star Over China (1927-1949),1,Autumn Harvest Uprising,TACTICAL,100,KMT Anihilation Campaign,2,"TACTICAL VICTORY

Xion wei!   The uprising was successfull here in Changsha... Mao isn't as popular as he wanted... but his prestige continues to grow anyway.   We are going to join his troops for now."
Red Star Over China (1927-1949),1,Autumn Harvest Uprising,LOSE,150,CAMPAIGN END / DEFEAT,255,"DEFEAT!

Our battle against the ancient landlords of oppression has been suddenly stopped... now we must again dress ourselves as peasants to avoid being captured by the enemy."
Red Star Over China (1927-1949),2,KMT Anihilation Campaign,BRILIANT,50,Long March - Luding Bridge,3,"BRILLIANT VICTORY

Congratulations on your victory.   Myself, together with Mao and our Komintern advisor Li-De (Otto Braun) are planning the evacuation of Jinggangshan.  We will do it quickly while the KMT troops are busy dealing with the Japanese in Manchuria."
Red Star Over China (1927-1949),2,KMT Anihilation Campaign,VICTORY,25,Long March - Luding Bridge,3,"VICTORY

Congratulations on your victory.   Myself, together with Mao and our Komintern advisor Li-De (Otto Braun) are planning the evacuation of Jinggangshan.  We will do it quickly while the KMT troops are busy dealing with the Japanese in Manchuria."
Red Star Over China (1927-1949),2,KMT Anihilation Campaign,TACTICAL,25,Long March - Luding Bridge,3,"VICTORY

Congratulations on your victory.   Myself, together with Mao and our Komintern advisor Li-De (Otto Braun) are planning the evacuation of Jinggangshan.  We will do it quickly while the KMT troops are busy dealing with the Japanese in Manchuria."
Red Star Over China (1927-1949),2,KMT Anihilation Campaign,LOSE,0,CAMPAIGN END / DEFEAT,255,"DEFEAT!

Our battle against the ancient landlords of oppression has been suddenly stopped... now we must again dress ourselves as peasants to avoid being captured by the enemy."
Red Star Over China (1927-1949),3,Long March - Luding Bridge,BRILIANT,300,Pingxingguan Pass,4,"BRILLIANT VICTORY

Victory!   We have crossed that damned bridge and many comrades have died, but their lives were not lost, they have contributed to the success of our retreat to save the Revolution.  Congratulations for your actions."
Red Star Over China (1927-1949),3,Long March - Luding Bridge,VICTORY,240,Pingxingguan Pass,4,"VICTORY

Victory!   We have crossed that damned bridge and many comrades have died, but their lives were not lost, they have contributed to the success of our retreat to save the Revolution.  Congratulations for your actions."
Red Star Over China (1927-1949),3,Long March - Luding Bridge,TACTICAL,190,Pingxingguan Pass,4,"TACTICAL VICTORY

Victory!   We have crossed that damned bridge and many comrades have died, but their lives were not lost, they have contributed to the success of our retreat to save the Revolution.  Congratulations for your actions."
Red Star Over China (1927-1949),3,Long March - Luding Bridge,LOSE,0,CAMPAIGN END / DEFEAT,255,"DEFEAT!

Our battle against the ancient landlords of oppression has been suddenly stopped... now we must again dress ourselves as peasants to avoid being captured by the enemy."
Red Star Over China (1927-1949),4,Pingxingguan Pass,BRILIANT,200,100 Regiments Offensive,5,"BRILLIANT VICTORY

Tong gan ku!  The dirty Japanese invaders got a lesson in good old ancient Chinese tactics.  The enemy division is completely scattered and our troops can continue to harass them."
Red Star Over China (1927-1949),4,Pingxingguan Pass,VICTORY,150,100 Regiments Offensive,5,"VICTORY

Tong gan ku!  The dirty Japanese invaders got a lesson in good old ancient Chinese tactics.  The enemy division is completely scattered and our troops can continue to harass them."
Red Star Over China (1927-1949),4,Pingxingguan Pass,TACTICAL,100,100 Regiments Offensive,5,"TACTICAL VICTORY

Tong gan ku!  The dirty Japanese invaders got a lesson in good old ancient Chinese tactics.  The enemy division is completely scattered and our troops can continue to harass them."
Red Star Over China (1927-1949),4,Pingxingguan Pass,LOSE,0,CAMPAIGN END / DEFEAT,255,"DEFEAT!

I can't understand your failure commander.  It seems our estimation of your skills were wrong... the central ChCP commission has demoted you to a private for the remainder of the fighting.  This should erase any capitalist bad manners that you may have acquired."
Red Star Over China (1927-1949),5,100 Regiments Offensive,BRILIANT,300,Central Plains Breakout,6,"BRILLIANT VICTORY

Wan shan!  All the mission objectives were achieved before the Japanese could send reinforcements to this area.  Now your task is to hide your guerrillas and wait for new orders."
Red Star Over China (1927-1949),5,100 Regiments Offensive,VICTORY,200,Central Plains Breakout,6,"VICTORY

Wan shan!  All the mission objectives were achieved before the Japanese could send reinforcements to this area.  Now your task is to hide your guerrillas and wait for new orders."
Red Star Over China (1927-1949),5,100 Regiments Offensive,TACTICAL,100,Central Plains Breakout,6,"TACTICAL VICTORY

Wan shan!  All the mission objectives were achieved before the Japanese could send reinforcements to this area.  Now your task is to hide your guerrillas and wait for new orders."
Red Star Over China (1927-1949),5,100 Regiments Offensive,LOSE,255,Central Plains Breakout,6,"DEFEAT!

I can't understand your failure commander.  It seems our estimation of your skills were wrong... the central ChCP commission has demoted you to a private for the remainder of the fighting.  This should erase any capitalist bad manners that you may have acquired."
Red Star Over China (1927-1949),6,Central Plains Breakout,BRILIANT,200,Linjiang Campaign,7,"BRILLIANT VICTORY

Wan Shan!  We have saved a lot of our men from the Kuomingtan onslaught.  We must hope to counterstrike the dirty nationalists as soon as we receive some Soviet aid through Manchuria."
Red Star Over China (1927-1949),6,Central Plains Breakout,VICTORY,150,Linjiang Campaign,7,"VICTORY

Wan Shan!  We have saved a lot of our men from the Kuomingtan onslaught.  We must hope to counterstrike the dirty nationalists as soon as we receive some Soviet aid through Manchuria."
Red Star Over China (1927-1949),6,Central Plains Breakout,TACTICAL,100,Linjiang Campaign,7,"TACTICAL VICTORY

Wan Shan!  We have saved a lot of our men from the Kuomingtan onslaught.  We must hope to counterstrike the dirty nationalists as soon as we receive some Soviet aid through Manchuria."
Red Star Over China (1927-1949),6,Central Plains Breakout,LOSE,150,CAMPAIGN END / DEFEAT,255,"DEFEAT!

I can't understand your failure commander.  It seems our estimation of your skills were wrong... the central ChCP commission has demoted you to a private for the remainder of the fighting.  This should erase any capitalist bad manners that you may have acquired."
Red Star Over China (1927-1949),7,Linjiang Campaign,BRILIANT,200,Summer Offensive 1947,8,"BRILLIANT VICTORY

Thanks to your good work, our base at Linjiang is now safe.  In addition, we are now in a good position to attack Changchun, Jilin and Siping during the next summer offensive.  We will wait for good weather to arrive in Manchuria."
Red Star Over China (1927-1949),7,Linjiang Campaign,VICTORY,150,Summer Offensive 1947,8,"VICTORY

Thanks to your good work, our base at Linjiang is now safe.  In addition, we are now in a good position to attack Changchun, Jilin and Siping during the next summer offensive.  We will wait for good weather to arrive in Manchuria."
Red Star Over China (1927-1949),7,Linjiang Campaign,TACTICAL,100,Summer Offensive 1947,8,"TACTICAL VICTORY

Thanks to your good work, our base at Linjiang is now safe.  In addition, we are now in a good position to attack Changchun, Jilin and Siping during the next summer offensive.  We will wait for good weather to arrive in Manchuria."
Red Star Over China (1927-1949),7,Linjiang Campaign,LOSE,150,CAMPAIGN END / DEFEAT,255,"DEFEAT!

I can't understand your failure commander.  It seems our estimation of your skills were wrong... the central ChCP commission has demoted you to a private for the remainder of the fighting.  This should erase any capitalist bad manners that you may have acquired."
Red Star Over China (1927-1949),8,Summer Offensive 1947,BRILIANT,500,Winter Offensive,9,"BRILLIANT VICTORY

Congratulations!, Changchun, Jilin and Siping have been captured. This will be a big problem for the Nationalists, since their communications by train or by road from Manchuria to Beijing are now stopped."
Red Star Over China (1927-1949),8,Summer Offensive 1947,VICTORY,450,Winter Offensive,9,"VICTORY

Congratulations!, Changchun, Jilin and Siping have been captured. This will be a big problem for the Nationalists, since their communications by train or by road from Manchuria to Beijing are now stopped."
Red Star Over China (1927-1949),8,Summer Offensive 1947,TACTICAL,375,Winter Offensive,9,"TACTICAL VICTORY

Congratulations!, Changchun, Jilin and Siping have been captured. This will be a big problem for the Nationalists, since their communications by train or by road from Manchuria to Beijing are now stopped."
Red Star Over China (1927-1949),8,Summer Offensive 1947,LOSE,150,CAMPAIGN END / DEFEAT,255,"DEFEAT!

I can't understand your failure commander.  It seems our estimation of your skills were wrong... the central ChCP commission has demoted you to a private for the remainder of the fighting.  This should erase any capitalist bad manners that you may have acquired."
Red Star Over China (1927-1949),9,Winter Offensive,BRILIANT,4500,Pyongyang Liberation [Korean War],10,"BRILLIAN VICTORY

Wan shan!  The KMT have suffered a great defeat.  I'm sure we will be celebrating our victory over Chiang Kai Shek's troops during the coming year of 1948."
Red Star Over China (1927-1949),9,Winter Offensive,VICTORY,3200,Pyongyang Liberation [Korean War],10,"VICTORY

Wan shan!  The KMT have suffered a great defeat.  I'm sure we will be celebrating our victory over Chiang Kai Shek's troops during the coming year of 1948."
Red Star Over China (1927-1949),9,Winter Offensive,TACTICAL,2700,Pyongyang Liberation [Korean War],10,"TACTICAL VICTORY

Wan shan!  The KMT have suffered a great defeat.  I'm sure we will be celebrating our victory over Chiang Kai Shek's troops during the coming year of 1948."
Red Star Over China (1927-1949),9,Winter Offensive,LOSE,150,CAMPAIGN END / DEFEAT,255,"DEFEAT!

I can't understand your failure commander.  It seems our estimation of your skills were wrong... the central ChCP commission has demoted you to a private for the remainder of the fighting.  This should erase any capitalist bad manners that you have acquired."
Red Star Over China (1927-1949),10,Pyongyang Liberation [Korean War],BRILIANT,0,Chosin Reservoir [Korean War],11,"BRILLIANT VICTORY

Wan Shan!  Did you see how the capitalists are escaping from us??   Pyongyang is again a communist stronghold, and we must continue to pursue and annihilate the UN forces."
Red Star Over China (1927-1949),10,Pyongyang Liberation [Korean War],VICTORY,0,Chosin Reservoir [Korean War],11,"VICTORY

Wan Shan!  Did you see how the capitalists are escaping from us??   Pyongyang is again a communist stronghold, and we must continue to pursue and annihilate the UN forces."
Red Star Over China (1927-1949),10,Pyongyang Liberation [Korean War],TACTICAL,0,Chosin Reservoir [Korean War],11,"TACTICAL VICTORY

Wan Shan!  Did you see how the capitalists are escaping from us??   Pyongyang is again a communist stronghold, and we must continue to pursue and annihilate the UN forces."
Red Star Over China (1927-1949),10,Pyongyang Liberation [Korean War],LOSE,0,CAMPAIGN END / DEFEAT,255,"DEFEAT!

I can't understand your failure commander.  It seems our estimation of your skills were wrong... the central ChCP commission has demoted you to a private for the remainder of the fighting.  This should erase any capitalist bad manners that you may have acquired."
Red Star Over China (1927-1949),11,Chosin Reservoir [Korean War],BRILIANT,100,Hungnam Pocket [Korean War],12,"BRILLIANT VICTORY

Congratulations, the way to the South is open.  The North Americans have received a stinging lesson on the power of the People's War."
Red Star Over China (1927-1949),11,Chosin Reservoir [Korean War],VICTORY,90,Hungnam Pocket [Korean War],12,"VICTORY

Congratulations, the way to the South is open.  The North Americans have received a stinging lesson on the power of the People's War."
Red Star Over China (1927-1949),11,Chosin Reservoir [Korean War],TACTICAL,80,Hungnam Pocket [Korean War],12,"TACTICAL VICTORY

Congratulations, the way to the South is open.  The North Americans have received a stinging lesson on the power of the People's War."
Red Star Over China (1927-1949),11,Chosin Reservoir [Korean War],LOSE,150,CAMPAIGN END / DEFEAT,255,"DEFEAT!

I can't understand your failure commander.  It seems our estimation of your skills were wrong... the central ChCP commission has demoted you to a private for the remainder of the fighting.  This should erase any capitalist bad manners that you may have acquired."
Red Star Over China (1927-1949),12,Hungnam Pocket [Korean War],BRILIANT,200,Seoul: UN Counterattack,13,"BRILLIANT VICTORY

You have crushed the UN forces with a smashing victory!  Now, we can continue with our advance towards Seoul."
Red Star Over China (1927-1949),12,Hungnam Pocket [Korean War],VICTORY,175,Seoul: UN Counterattack,13,"VICTORY

Some UN forces have escaped from Hungnam, but at least we can now continue with our advance towards Seoul."
Red Star Over China (1927-1949),12,Hungnam Pocket [Korean War],TACTICAL,0,CAMPAIGN END / DEFEAT,255,"TACTICAL VICTORY

Most of the UN forces have escaped and you have suffered heavy causalities.  You, commander, will meet a People's Court to determine if you are a capitalist sympathizer."
Red Star Over China (1927-1949),12,Hungnam Pocket [Korean War],LOSE,150,CAMPAIGN END / DEFEAT,255,"DEFEAT!

I can't understand your failure commander.  It seems our estimation of your skills were wrong... the central ChCP commission has demoted you to a private for the remainder of the fighting.  This should erase any capitalist bad manners that you may have acquired."
Red Star Over China (1927-1949),13,Seoul: UN Counterattack,BRILIANT,800,Pusan Revisited,15,"BRILLIANT VICTORY

The enemy offensive has been completely defeated.  Seoul is now securely in our hands, Kim-Il-Sung is really happy with your actions.  Now, let's complete the communist victory in Korea."
Red Star Over China (1927-1949),13,Seoul: UN Counterattack,VICTORY,670,Pusan Revisited,15,"VICTORY

The enemy offensive has been completely defeated.  Seoul is now securely in our hands, Kim-Il-Sung is really happy with your actions.  Now, let's complete the communist victory in Korea."
Red Star Over China (1927-1949),13,Seoul: UN Counterattack,TACTICAL,500,Spring Offensive [Korean War],14,"TACTICAL VICTORY

We have stopped the offensive, but our casualities have been too high.  You have permission to retreat your armies behind the Han river to avoid future losses."
Red Star Over China (1927-1949),13,Seoul: UN Counterattack,LOSE,0,Spring Offensive [Korean War],14,"DEFEAT!

I can't understand your failure commander.  It seems our estimation of your skills were wrong... the central ChCP commission has demoted you to a private for the remainder of the fighting.  This should erase any capitalist bad manners that you may have acquired."
Red Star Over China (1927-1949),14,Spring Offensive [Korean War],BRILIANT,200,Pusan Revisited,15,"BRILLIANT VICTORY

Perfect!  The North Korean flag again flies over the city of Seoul.  Kim-Il-Sung is really pleased with you.   You have become a hero for the Korean people."
Red Star Over China (1927-1949),14,Spring Offensive [Korean War],VICTORY,150,Taiwan Strait - Nuclear Crisis,16,"VICTORY

Perfect!  The North Korean flag again flies over the city of Seoul.  Kim-Il-Sung is really pleased with you.   You have become a hero for the Korean people.   Anyway we are shortly going to open the negotiations with the UN forces to terminate this conflict."
Red Star Over China (1927-1949),14,Spring Offensive [Korean War],TACTICAL,100,Taiwan Strait - Nuclear Crisis,16,"TACTICAL VICTORY

Perfect!  The North Korean flag again flies over the city of Seoul.  Kim-Il-Sung is really pleased with you.   You have become a hero for the Korean people.   Anyway we are shortly going to open the negotiations with the UN forces to terminate this conflict."
Red Star Over China (1927-1949),14,Spring Offensive [Korean War],LOSE,150,CAMPAIGN END / DEFEAT,255,"DEFEAT!

I can't understand your failure commander.  It seems our estimation of your skills were wrong... the central ChCP commission has demoted you to a private for the remainder of the fighting.  This should erase any capitalist bad manners that you may have acquired."
Red Star Over China (1927-1949),15,Pusan Revisited,BRILIANT,0,Taiwan Strait - Nuclear Crisis,16,"BRILLIANT VICTORY

Congratulations comrade!  Korea is now entirely unified under the communist flag, and Kim-Il-Sung has been proclaimed chairman of the People's Republic of Korea at Seoul. This is an enormous victory for the communist world, there have also been celebrations at other communist capitals like Moscow, East-Berlin, and of course Beijing.

Now you are a hero for the People's Republic of China and for all the workers around the world."
Red Star Over China (1927-1949),15,Pusan Revisited,VICTORY,0,Taiwan Strait - Nuclear Crisis,16,"VICTORY

Congratulations comrade!  Korea is now entirely unified under the communist flag, and Kim-Il-Sung has been proclaimed chairman of the People's Republic of Korea at Seoul. This is an enormous victory for the communist world, there have also been celebrations at other communist capitals like Moscow, East-Berlin, and of course Beijing.

Now you are a hero for the People's Republic of China and for all the workers around the world."
Red Star Over China (1927-1949),15,Pusan Revisited,TACTICAL,0,CAMPAIGN END / DEFEAT,255,"DEFEAT

This was a disaster!  The arguments formerly proposed by General McArthur have finally been accepted by Washington.  A nuclear attack was carried out over the city of Nanjing, killing millions of Chinese people.  The soviets have declined to give us any nuclear help and now we must accept the peace imposed by the West."
Red Star Over China (1927-1949),15,Pusan Revisited,LOSE,0,CAMPAIGN END / DEFEAT,255,"DEFEAT

This was a disaster!  The arguments formerly proposed by General McArthur have finally been accepted by Washington.  A nuclear attack was carried out over the city of Nanjing, killing millions of Chinese people.  The soviets have declined to give us any nuclear help and now we must accept the peace imposed by the West."
Red Star Over China (1927-1949),16,Taiwan Strait - Nuclear Crisis,BRILIANT,200,Sino - Soviet Incident,17,"BRILLIANT VICTORY

Chiang Kai Shek has escaped from Taipei thanks to his American friends, but the whole Taiwanese island plus other minor islands are now part of the PRC.  The Civil War is over and all the Chinese territories are now unified under the red stars flag!  Comrade Mao is pleased with you, the hero of the PRC."
Red Star Over China (1927-1949),16,Taiwan Strait - Nuclear Crisis,VICTORY,150,Sino - Soviet Incident,17,"VICTORY

Chiang Kai Shek has escaped from Taipei thanks to his American friends, but the whole Taiwanese island plus other minor islands are now part of the PRC.  The Civil War is over and all the Chinese territories are now unified under the red stars flag!  Comrade Mao is pleased with you, the hero of the PRC."
Red Star Over China (1927-1949),16,Taiwan Strait - Nuclear Crisis,TACTICAL,0,CAMPAIGN END / DEFEAT,255,"DEFEAT

This was a disaster!  The arguments formerly proposed by General McArthur have finally been accepted by Washington.  A nuclear attack was carried out over the city of Nanjing, killing millions of Chinese people.  The soviets have declined to give us any nuclear help and now we must accept the peace imposed by the West."
Red Star Over China (1927-1949),16,Taiwan Strait - Nuclear Crisis,LOSE,0,CAMPAIGN END / DEFEAT,255,"DEFEAT

This was a disaster... the arguments formerly proposed by General McArthur have finally been accepted by Washington.  A nuclear attack has been carried out over the city of Nanjing, killing millions of Chinese people... The soviets have declined to give us any nuclear help and now we must accept the imposed Western peace."
Red Star Over China (1927-1949),17,Sino - Soviet Incident,BRILIANT,200,Great Leap Forward,18,"BRILLIANT VICTORY

Ahh, comrade Commander!  Do you like Khabarovsk?  It's a pretty city, isn't it?   I know you are the greatest hero of the PRC and the KRC and I have a mission for you from the Kremlin.  I have to give you a letter from Moscow but... well anyway this is a good situation to do it.  Err... yes, but first, let's negotiate the surrender of my forces in this sector."
Red Star Over China (1927-1949),17,Sino - Soviet Incident,VICTORY,150,Great Leap Forward,18,"VICTORY

Ahh, comrade Commander!  Do you like Khabarovsk?  It's a pretty city, isn't it?   I know you are the greatest hero of the PRC and the KRC and I have a mission for you from the Kremlin.  I have to give you a letter from Moscow but... well anyway this is a good situation to do it.  Err... yes, but first, let's negotiate the surrender of my forces in this sector."
Red Star Over China (1927-1949),17,Sino - Soviet Incident,TACTICAL,100,Great Leap Forward,18,"TACTICAL VICTORY

Ahh, comrade Commander!  Do you like Khabarovsk?  It's a pretty city, isn't it?   I know you are the greatest hero of the PRC and the KRC and I have a mission for you from the Kremlin.  I have to give you a letter from Moscow but... well anyway this is a good situation to do it.  Err... yes, but first, let's negotiate the surrender of my forces in this sector."
Red Star Over China (1927-1949),17,Sino - Soviet Incident,LOSE,0,CAMPAIGN END / DEFEAT,255,"DEFEAT!

I can't understand your failure commander.  It seems our estimation of your skills were wrong... the central ChCP commission has demoted you to a private for the remainder of the fighting.  This should erase any capitalist bad manners that you may have acquired."
Red Star Over China (1927-1949),18,Great Leap Forward,BRILIANT,0,Unknown (ID 254),254,"BRILLIANT VICTORY

Congratulations comrade!  You are the new Premier of the People's Republic of China. Mao has disappeared and we know he won't be back, hahaha!  I hope your understanding of the communist doctrine will be the correct one.  That would be the best for the communist world."
Red Star Over China (1927-1949),18,Great Leap Forward,VICTORY,0,Unknown (ID 254),254,"VICTORY

Congratulations comrade!  You are the new Premier of the People's Republic of China. Mao has disappeared and we know he won't be back, hahaha!  I hope your understanding of the communist doctrine will be the correct one.  That would be the best for the communist world."
Red Star Over China (1927-1949),18,Great Leap Forward,TACTICAL,0,Unknown (ID 254),254,"TACTICAL VICTORY

Congratulations comrade!  You are the new Premier of the People's Republic of China. Mao has disappeared and we know he won't be back, hahaha!  I hope your understanding of the communist doctrine will be the correct one.  That would be the best for the communist world."
Red Star Over China (1927-1949),18,Great Leap Forward,LOSE,0,CAMPAIGN END / DEFEAT,255,"DEFEAT!

AH!  You dirty rebel and traitor!.  You, the former hero of the People's Republic of China are now a coward capitalist traitor.  Your execution will be soon be celebrated in Tiananmen Square.

I was completely wrong about you and maybe also with your friend Zhou, hmmm or maybe not.  I think China deserves a return to the true Revolution to avoid the capitalist deformation that you have suffered."
Sim Pobedishi! - The Red East (1918-1920),0,Until you find somebody: the Komuch offensive (I),BRILIANT,480,Uncountable trophies: the Komuch offensive (II),1,"Kappel was an extremely competent officer, and after six weeks of fighting we had defeated all the communist forces between Simbirsk and Khvalynsk. Besides, in the east the Czech Legion had conquered all the important outposts along the Trans-Siberian Railway, from Samara to Irkutsk. Sadly, they didn't reach Ekaterinburg in time to save the Tsar and his family, who were cruelly murdered by the Bolsheviks a few days before the Czechs could control the area.

After these initial victories, from its headquartes in Samara the Komuch decided that our next step should be to capture Saratov, in the south. If Saratov and Tsaritsyn fell in our hands, we'd have a chance to link with the Don cossacks and the Volunteer Army, who were fighting the Bolsheviks in Southern Russia. However, Kappel believed that Kazan, in the north, was a more important target, where we could get decent equipment, ammunition, and new volunteers.

In the end, Kappel convinced the Komuch, and during the summer we headed to Kazan."
Sim Pobedishi! - The Red East (1918-1920),0,Until you find somebody: the Komuch offensive (I),VICTORY,480,Uncountable trophies: the Komuch offensive (II),1,"Kappel was an extremely competent officer, and after six weeks of fighting we had defeated all the communist forces between Simbirsk and Khvalynsk. Besides, in the east the Czech Legion had conquered all the important outposts along the Trans-Siberian Railway, from Samara to Irkutsk. Sadly, they didn't reach Ekaterinburg in time to save the Tsar and his family, who were cruelly murdered by the Bolsheviks a few days before the Czechs could control the area.

After these initial victories, from its headquartes in Samara the Komuch decided that our next step should be to capture Saratov, in the south. If Saratov and Tsaritsyn fell in our hands, we'd have a chance to link with the Don cossacks and the Volunteer Army, who were fighting the Bolsheviks in Southern Russia. However, Kappel believed that Kazan, in the north, was a more important target, where we could get decent equipment, ammunition, and new volunteers.

In the end, Kappel convinced the Komuch, and during the summer we headed to Kazan."
Sim Pobedishi! - The Red East (1918-1920),0,Until you find somebody: the Komuch offensive (I),TACTICAL,480,Uncountable trophies: the Komuch offensive (II),1,"Kappel was an extremely competent officer, and after six weeks of fighting we had defeated all the communist forces between Simbirsk and Khvalynsk. Besides, in the east the Czech Legion had conquered all the important outposts along the Trans-Siberian Railway, from Samara to Irkutsk. Sadly, they didn't reach Ekaterinburg in time to save the Tsar and his family, who were cruelly murdered by the Bolsheviks a few days before the Czechs could control the area.

After these initial victories, from its headquartes in Samara the Komuch decided that our next step should be to capture Saratov, in the south. If Saratov and Tsaritsyn fell in our hands, we'd have a chance to link with the Don cossacks and the Volunteer Army, who were fighting the Bolsheviks in Southern Russia. However, Kappel believed that Kazan, in the north, was a more important target, where we could get decent equipment, ammunition, and new volunteers.

In the end, Kappel convinced the Komuch, and during the summer we headed to Kazan."
Sim Pobedishi! - The Red East (1918-1920),0,Until you find somebody: the Komuch offensive (I),LOSE,480,At the gates of Europe: Ufa,3,"Kappel was an extremely competent officer, but the Red Army was too powerful for us at that time. After six weeks of fighting we had been defeated, the Komuch was disbanded, and we were forced to leave Samara. To make things even worse, the Tsar and his family were cruelly murdered by the Bolsheviks in the month of July.

Fortunately, in the east the Czech Legion had conquered all the important outposts along the Trans-Siberian Railway, from Samara to Irkutsk. So we joined them on their evacuation, and before the end of the summer we had arrived safely in Ufa."
Sim Pobedishi! - The Red East (1918-1920),1,Uncountable trophies: the Komuch offensive (II),BRILIANT,520,Harvest of sorrow: the end of the Komuch,2,"Until we finally entered Kazan, I didn't fully understand the brilliance of Kappel's strategy. With just a handful of soldiers, we had inflicted the Bolsheviks thousands of casualties, mostly prisoners. But that was only a minimal part of the uncountable effects of our victory: To begin with, all the staff and the cadets od the Kazan Military Academy joined our side. The workers of the factories at Izhevsk and Votkinsk raised against the Reds, too, although they foolishly refused to join us, and were finally crushed. We also found huge warehouses full with weapons, ammunition and medicines, and the most incredible of all, we seized most of the Imperial gold reserves of Russia: 650 million rubles in gold coins and 100 million rubles in gold bars, platinum and other valuables. We could survive for many months thanks to all those resources.

For a few days the Bolsheviks were in shock, unable to react. Kappel tried to convince the Komuch that, if we took advantage of the situation and advanced to Moscow through Nizhny Novgorod, the war would be over before the end of the summer. And maybe he was right. But the Komuch was afraid of leaving Samara, Simbirsk and Kazan undefended, and the Czechs didn't really wish to fight a Russian war, so they didn't agree with Kappel. Maybe if he had been older, with a higher rank, they would have listened to him. But they didn't. We went on the defensive, and we let our enemies retake the initiative.

And that was the end of the Komuch. The Red Army regrouped and received reinforces, while all our attempts to mobilize a bigger army failed. The passivity of the Socialist-Revolutionaries led them to disaster. The Bolsheviks were a buch of fanatics, criminals and murderers, but their determination was simply enviable. They would stop at nothing in order to obtain power, and that gave them an advantage over all of us. Just one month after we occupied Kazan, a massive Soviet counterattack forced us to retreat down the Volga, towards Samara, with our enemies on our heels."
Sim Pobedishi! - The Red East (1918-1920),1,Uncountable trophies: the Komuch offensive (II),VICTORY,520,Harvest of sorrow: the end of the Komuch,2,"Until we finally entered Kazan, I didn't fully understand the brilliance of Kappel's strategy. With just a handful of soldiers, we had inflicted the Bolsheviks thousands of casualties, mostly prisoners. But that was only a minimal part of the uncountable effects of our victory: To begin with, all the staff and the cadets od the Kazan Military Academy joined our side. The workers of the factories at Izhevsk and Votkinsk raised against the Reds, too, although they foolishly refused to join us, and were finally crushed. We also found huge warehouses full with weapons, ammunition and medicines, and the most incredible of all, we seized most of the Imperial gold reserves of Russia: 650 million rubles in gold coins and 100 million rubles in gold bars, platinum and other valuables. We could survive for many months thanks to all those resources.

For a few days the Bolsheviks were in shock, unable to react. Kappel tried to convince the Komuch that, if we took advantage of the situation and advanced to Moscow through Nizhny Novgorod, the war would be over before the end of the summer. And maybe he was right. But the Komuch was afraid of leaving Samara, Simbirsk and Kazan undefended, and the Czechs didn't really wish to fight a Russian war, so they didn't agree with Kappel. Maybe if he had been older, with a higher rank, they would have listened to him. But they didn't. We went on the defensive, and we let our enemies retake the initiative.

And that was the end of the Komuch. The Red Army regrouped and received reinforces, while all our attempts to mobilize a bigger army failed. The passivity of the Socialist-Revolutionaries led them to disaster. The Bolsheviks were a buch of fanatics, criminals and murderers, but their determination was simply enviable. They would stop at nothing in order to obtain power, and that gave them an advantage over all of us. Just one month after we occupied Kazan, a massive Soviet counterattack forced us to retreat down the Volga, towards Samara, with our enemies on our heels."
Sim Pobedishi! - The Red East (1918-1920),1,Uncountable trophies: the Komuch offensive (II),TACTICAL,520,Harvest of sorrow: the end of the Komuch,2,"Until we finally entered Kazan, I didn't fully understand the brilliance of Kappel's strategy. With just a handful of soldiers, we had inflicted the Bolsheviks thousands of casualties, mostly prisoners. But that was only a minimal part of the uncountable effects of our victory: To begin with, all the staff and the cadets od the Kazan Military Academy joined our side. The workers of the factories at Izhevsk and Votkinsk raised against the Reds, too, although they foolishly refused to join us, and were finally crushed. We also found huge warehouses full with weapons, ammunition and medicines, and the most incredible of all, we seized most of the Imperial gold reserves of Russia: 650 million rubles in gold coins and 100 million rubles in gold bars, platinum and other valuables. We could survive for many months thanks to all those resources.

For a few days the Bolsheviks were in shock, unable to react. Kappel tried to convince the Komuch that, if we took advantage of the situation and advanced to Moscow through Nizhny Novgorod, the war would be over before the end of the summer. And maybe he was right. But the Komuch was afraid of leaving Samara, Simbirsk and Kazan undefended, and the Czechs didn't really wish to fight a Russian war, so they didn't agree with Kappel. Maybe if he had been older, with a higher rank, they would have listened to him. But they didn't. We went on the defensive, and we let our enemies retake the initiative.

And that was the end of the Komuch. The Red Army regrouped and received reinforces, while all our attempts to mobilize a bigger army failed. The passivity of the Socialist-Revolutionaries led them to disaster. The Bolsheviks were a buch of fanatics, criminals and murderers, but their determination was simply enviable. They would stop at nothing in order to obtain power, and that gave them an advantage over all of us. Just one month after we occupied Kazan, a massive Soviet counterattack forced us to retreat down the Volga, towards Samara, with our enemies on our heels."
Sim Pobedishi! - The Red East (1918-1920),1,Uncountable trophies: the Komuch offensive (II),LOSE,520,Harvest of sorrow: the end of the Komuch,2,"All our efforts were in vain. The Bolsheviks were too strong and numerous, and nothing seemed to work against them.

That was the end of the Komuch. The Bolsheviks were a buch of fanatics, criminals and murderers, but their determination was simply enviable. They would stop at nothing in order to obtain power, and that gave them an advantage over all of us. Just a few days later, a massive Soviet counterattack forced us to retreat down the Volga, towards Samara, with our enemies on our heels."
Sim Pobedishi! - The Red East (1918-1920),2,Harvest of sorrow: the end of the Komuch,BRILIANT,600,At the gates of Europe: Ufa,3,"The last stand of the People's Army was one of the most impressive feats of the war. The civilians, our equipment and our soldiers retreated to Siberia, leaving behind a badly shattered Red Army. They would quickly recover, but for the moment we were safe.

The Conference of Ufa had a bittersweet outcome. After many debates and discussions, on September 23rd the majority of the delegates agreed to establish a five-man Directory as the basis of a new government for all Russia. But the Mensheviks and some Socialist-Revolutionaries rejected the agreement, and left the conference.

Day after day, the situation became worse. The Directory didn't arrive in Omsk, the provisional capital, until October 9th. When they did, they found that they didn't have any real power. Until it officially dissolved on November 9th, the Siberian Government refused to comply with the orders of the Directory. The British attachés acted as the real rulers of the land, and the peasants and workers didn't show any real support.

On October 28th, with the Great War about to finish, the new state of Czechoslovakia was created. Naturally, the Czech Legion made clear that they didn't wish to be a part of our civil war, and that they would only follow the Directory as long as it served their own interests, that is, they'd be with us as long as they could return to their country as soon as possible. So our largest, and more experienced, military unit finally became a group of unpredictable mercenaries who, depending on the circumstances, could fight on our side or sell their own mothers for a train passage to Vladivostok. 

Lacking any kind of support, the days of the Directory were numbered. On November 17th a group of cossacks staged a coup d'etat. The next day the Directory was dissolved and the Minister of War, Admiral Alexandr Kolchak, became the Supreme Governor of All-Russia. Of course, I liked Kolchak's rule much better than the socialist governments that had tried to oppose the Bolsheviks until now, but I had learnt that, if we wanted to win the war, we were going to need allies. And that meant that we'd have to make concessions to the left-wing parties. 

Instead, Kolchak didn't want to make a deal with the socialists, and that's how most of the soldiers of the Komuch People's Army deserted, or even joined our enemies. As 1918 ended, where would we find the strength, the volunteers, and the supplies to overcome the terrible Red Army? Only time would tell."
Sim Pobedishi! - The Red East (1918-1920),2,Harvest of sorrow: the end of the Komuch,VICTORY,600,At the gates of Europe: Ufa,3,"The last stand of the People's Army was one of the most impressive feats of the war. The civilians, our equipment and our soldiers retreated to Siberia, leaving behind a badly shattered Red Army. They would quickly recover, but for the moment we were safe.

The Conference of Ufa had a bittersweet outcome. After many debates and discussions, on September 23rd the majority of the delegates agreed to establish a five-man Directory as the basis of a new government for all Russia. But the Mensheviks and some Socialist-Revolutionaries rejected the agreement, and left the conference.

Day after day, the situation became worse. The Directory didn't arrive in Omsk, the provisional capital, until October 9th. When they did, they found that they didn't have any real power. Until it officially dissolved on November 9th, the Siberian Government refused to comply with the orders of the Directory. The British attachés acted as the real rulers of the land, and the peasants and workers didn't show any real support.

On October 28th, with the Great War about to finish, the new state of Czechoslovakia was created. Naturally, the Czech Legion made clear that they didn't wish to be a part of our civil war, and that they would only follow the Directory as long as it served their own interests, that is, they'd be with us as long as they could return to their country as soon as possible. So our largest, and more experienced, military unit finally became a group of unpredictable mercenaries who, depending on the circumstances, could fight on our side or sell their own mothers for a train passage to Vladivostok. 

Lacking any kind of support, the days of the Directory were numbered. On November 17th a group of cossacks staged a coup d'etat. The next day the Directory was dissolved and the Minister of War, Admiral Alexandr Kolchak, became the Supreme Governor of All-Russia. Of course, I liked Kolchak's rule much better than the socialist governments that had tried to oppose the Bolsheviks until now, but I had learnt that, if we wanted to win the war, we were going to need allies. And that meant that we'd have to make concessions to the left-wing parties. 

Instead, Kolchak didn't want to make a deal with the socialists, and that's how most of the soldiers of the Komuch People's Army deserted, or even joined our enemies. As 1918 ended, where would we find the strength, the volunteers, and the supplies to overcome the terrible Red Army? Only time would tell."
Sim Pobedishi! - The Red East (1918-1920),2,Harvest of sorrow: the end of the Komuch,TACTICAL,480,At the gates of Europe: Ufa,3,"The last stand of the People's Army was one of the most impressive feats of the war. The civilians, our equipment and our soldiers retreated to Siberia, leaving behind a badly shattered Red Army. They would quickly recover, but for the moment we were safe.

The Conference of Ufa had a bittersweet outcome. After many debates and discussions, on September 23rd the majority of the delegates agreed to establish a five-man Directory as the basis of a new government for all Russia. But the Mensheviks and some Socialist-Revolutionaries rejected the agreement, and left the conference.

Day after day, the situation became worse. The Directory didn't arrive in Omsk, the provisional capital, until October 9th. When they did, they found that they didn't have any real power. Until it officially dissolved on November 9th, the Siberian Government refused to comply with the orders of the Directory. The British attachés acted as the real rulers of the land, and the peasants and workers didn't show any real support.

On October 28th, with the Great War about to finish, the new state of Czechoslovakia was created. Naturally, the Czech Legion made clear that they didn't wish to be a part of our civil war, and that they would only follow the Directory as long as it served their own interests, that is, they'd be with us as long as they could return to their country as soon as possible. So our largest, and more experienced, military unit finally became a group of unpredictable mercenaries who, depending on the circumstances, could fight on our side or sell their own mothers for a train passage to Vladivostok. 

Lacking any kind of support, the days of the Directory were numbered. On November 17th a group of cossacks staged a coup d'etat. The next day the Directory was dissolved and the Minister of War, Admiral Alexandr Kolchak, became the Supreme Governor of All-Russia. Of course, I liked Kolchak's rule much better than the socialist governments that had tried to oppose the Bolsheviks until now, but I had learnt that, if we wanted to win the war, we were going to need allies. And that meant that we'd have to make concessions to the left-wing parties. 

Instead, Kolchak didn't want to make a deal with the socialists, and that's how most of the soldiers of the Komuch People's Army deserted, or even joined our enemies. As 1918 ended, where would we find the strength, the volunteers, and the supplies to overcome the terrible Red Army? Only time would tell."
Sim Pobedishi! - The Red East (1918-1920),2,Harvest of sorrow: the end of the Komuch,LOSE,360,At the gates of Europe: Ufa,3,"We tried again and again, but this time the Bolsheviks were too powerful. Many civilians and soldiers died or were captured by the Red Army, and the rest of us could barely escape to fight another day.

The Conference of Ufa had a bittersweet outcome, too. After many debates and discussions, on September 23rd the majority of the delegates agreed to establish a five-man Directory as the basis of a new government for all Russia. But the Mensheviks and some Socialist-Revolutionaries rejected the agreement, and left the conference.

Day after day, the situation became worse. The Directory didn't arrive in Omsk, the provisional capital, until October 9th. When they did, they found that they didn't have any real power. Until it officially dissolved on November 9th, the Siberian Government refused to comply with the orders of the Directory. The British attachés acted as the real rulers of the land, and the peasants and workers didn't show any real support.

On October 28th, with the Great War about to finish, the new state of Czechoslovakia was created. Naturally, the Czech Legion made clear that they didn't wish to be a part of our civil war, and that they would only follow the Directory as long as it served their own interests, that is, they'd be with us as long as they could return to their country as soon as possible. So our largest, and more experienced, military unit finally became a group of unpredictable mercenaries who, depending on the circumstances, could fight on our side or sell their own mothers for a train passage to Vladivostok. 

Lacking any kind of support, the days of the Directory were numbered. On November 17th a group of cossacks staged a coup d'etat. The next day the Directory was dissolved and the Minister of War, Admiral Alexandr Kolchak, became the Supreme Governor of All-Russia. Of course, I liked Kolchak's rule much better than the socialist governments that had tried to oppose the Bolsheviks until now, but I had learnt that, if we wanted to win the war, we were going to need allies. And that meant that we'd have to make concessions to the left-wing parties. 

Instead, Kolchak didn't want to make a deal with the socialists, and that's how most of the soldiers of the Komuch People's Army deserted, or even joined our enemies. As 1918 ended, where would we find the strength, the volunteers, and the supplies to overcome the terrible Red Army? Only time would tell."
Sim Pobedishi! - The Red East (1918-1920),3,At the gates of Europe: Ufa,BRILIANT,600,Breakthrough: the Spring Offensive,4,"Under the extreme cold weather, we prevailed, and Ufa finally fell in our hands. Our troops in the south weren't so lucky, and before the end of January we lost the town of Orenburg. But, at least, the Soviet attacks stopped, and with Perm and Ufa firmly under our control, we had two excellent bases to start a counteroffensive as soon as the spring came."
Sim Pobedishi! - The Red East (1918-1920),3,At the gates of Europe: Ufa,VICTORY,600,Breakthrough: the Spring Offensive,4,"Under the extreme cold weather, we prevailed, and Ufa finally fell in our hands. Our troops in the south weren't so lucky, and before the end of January we lost the town of Orenburg. But, at least, the Soviet attacks stopped, and with Perm and Ufa firmly under our control, we had two excellent bases to start a counteroffensive as soon as the spring came."
Sim Pobedishi! - The Red East (1918-1920),3,At the gates of Europe: Ufa,TACTICAL,420,Rush: the Spring Offensive,5,"Under the extreme cold weather, we couldn't accomplish our mission, and Ufa remained under the control of the Bolsheviks. Our troops in the south weren't lucky, either, and before the end of January we lost the town of Orenburg, too. But, at least, the Soviet attacks stopped. Our enemies were exhausted after so many months of combats.

We decided to start a counteroffensive when the spring came, but we knew that it was going to be a difficult task. The Soviets had established solid defence lines at the foot of the Urals, and breaking them wouldn't be easy."
Sim Pobedishi! - The Red East (1918-1920),3,At the gates of Europe: Ufa,LOSE,420,Rush: the Spring Offensive,5,"Under the extreme cold weather, we couldn't accomplish our mission, and Ufa remained under the control of the Bolsheviks. Our troops in the south weren't lucky, either, and before the end of January we lost the town of Orenburg, too. But, at least, the Soviet attacks stopped. Our enemies were exhausted after so many months of combats.

We decided to start a counteroffensive when the spring came, but we knew that it was going to be a difficult task. The Soviets had established solid defence lines at the foot of the Urals, and breaking them wouldn't be easy."
Sim Pobedishi! - The Red East (1918-1920),4,Breakthrough: the Spring Offensive,BRILIANT,600,Song of the Cossacks: Orenburg,6,"When we finally stopped to rest and regroup, the First and the Fith Soviet Armies had been virtually destroyed. In the north, the Siberians had met moderate success, too. We had reasons to be optimistic.

However, in the south, the cossacks, outnumbered, without adequate equipment, and isolated from the rest of our army, hadn't been able to take Orenburg. If the Reds kept that city they would threaten our left flank, and it would be very dangerous to continue our race to the Volga, so Kolchak ordered us to go south and help the cossacks to occupy Orenburg at all costs."
Sim Pobedishi! - The Red East (1918-1920),4,Breakthrough: the Spring Offensive,VICTORY,600,Song of the Cossacks: Orenburg,6,"When we finally stopped to rest and regroup, the First and the Fith Soviet Armies had been virtually destroyed. In the north, the Siberians had met moderate success, too. We had reasons to be optimistic.

However, in the south, the cossacks, outnumbered, without adequate equipment, and isolated from the rest of our army, hadn't been able to take Orenburg. If the Reds kept that city they would threaten our left flank, and it would be very dangerous to continue our race to the Volga, so Kolchak ordered us to go south and help the cossacks to occupy Orenburg at all costs."
Sim Pobedishi! - The Red East (1918-1920),4,Breakthrough: the Spring Offensive,TACTICAL,600,Song of the Cossacks: Orenburg,6,"When we finally stopped to rest and regroup, the First and the Fith Soviet Armies had been virtually destroyed. In the north, the Siberians had met moderate success, too. We had reasons to be optimistic.

However, in the south, the cossacks, outnumbered, without adequate equipment, and isolated from the rest of our army, hadn't been able to take Orenburg. If the Reds kept that city they would threaten our left flank, and it would be very dangerous to continue our race to the Volga, so Kolchak ordered us to go south and help the cossacks to occupy Orenburg at all costs."
Sim Pobedishi! - The Red East (1918-1920),4,Breakthrough: the Spring Offensive,LOSE,420,Clutching at straws: defense of Belebei,7,"When we finally stopped to rest and regroup, the First and the Fith Soviet Armies had been virtually destroyed. In the north, the Siberians had met moderate success, too. However, we were exhausted, and the heavy rains had turned the roads into streams of mud. We couldn't  continue our race to the Volga. 

Besides, in the south, the cossacks, outnumbered, without adequate equipment, and isolated from the rest of our army, hadn't been able to take Orenburg. From that stronghold the Soviets now threatened our left flank. Unable to advance, we realized that our enemies would counterattack very soon. We knew that we'd have to resist, or we'd be forced to retreat to Siberia, this time permanently."
Sim Pobedishi! - The Red East (1918-1920),5,Rush: the Spring Offensive,BRILIANT,600,Song of the Cossacks: Orenburg,6,"When we finally stopped to rest and regroup, the First and the Fith Soviet Armies had been virtually destroyed. In the north, the Siberians had met moderate success, too. We had reasons to be optimistic.

However, in the south, the cossacks, outnumbered, without adequate equipment, and isolated from the rest of our army, hadn't been able to take Orenburg. If the Reds kept that city they would threaten our left flank, and it would be very dangerous to continue our race to the Volga, so Kolchak ordered us to go south and help the cossacks to occupy Orenburg at all costs."
Sim Pobedishi! - The Red East (1918-1920),5,Rush: the Spring Offensive,VICTORY,600,Clutching at straws: defense of Belebei,7,"When we finally stopped to rest and regroup, the First and the Fith Soviet Armies had been virtually destroyed. In the north, the Siberians had met moderate success, too. However, we were exhausted, and the heavy rains had turned the roads into streams of mud. We couldn't  continue our race to the Volga. 

Besides, in the south, the cossacks, outnumbered, without adequate equipment, and isolated from the rest of our army, hadn't been able to take Orenburg. From that stronghold the Soviets now threatened our left flank. Unable to advance, we realized that our enemies would counterattack very soon. We knew that we'd have to resist, or we'd be forced to retreat to Siberia, this time permanently."
Sim Pobedishi! - The Red East (1918-1920),5,Rush: the Spring Offensive,TACTICAL,420,Clutching at straws: defense of Belebei,7,"When we finally stopped to rest and regroup, the First and the Fith Soviet Armies had been virtually destroyed. In the north, the Siberians had met moderate success, too. However, we were exhausted, and the heavy rains had turned the roads into streams of mud. We couldn't  continue our race to the Volga. 

Besides, in the south, the cossacks, outnumbered, without adequate equipment, and isolated from the rest of our army, hadn't been able to take Orenburg. From that stronghold the Soviets now threatened our left flank. Unable to advance, we realized that our enemies would counterattack very soon. We knew that we'd have to resist, or we'd be forced to retreat to Siberia, this time permanently."
Sim Pobedishi! - The Red East (1918-1920),5,Rush: the Spring Offensive,LOSE,420,Clutching at straws: defense of Belebei,7,"When we finally stopped to rest and regroup, the First and the Fith Soviet Armies had been virtually destroyed. In the north, the Siberians had met moderate success, too. However, we were exhausted, and the heavy rains had turned the roads into streams of mud. We couldn't  continue our race to the Volga. 

Besides, in the south, the cossacks, outnumbered, without adequate equipment, and isolated from the rest of our army, hadn't been able to take Orenburg. From that stronghold the Soviets now threatened our left flank. Unable to advance, we relized that our enemies would counterattack very soon. We knew that we'd have to resist, or we'd be forced to retreat to Siberia, this time permanently."
Sim Pobedishi! - The Red East (1918-1920),6,Song of the Cossacks: Orenburg,BRILIANT,600,The tide turns: Chistopol,8,"I felt great happiness when the Reds surrendered and the cossacks entered Orenburg. With the liberation of the city we could finally control the railways that we needed to communicate all our battle front from north to south, so as long as the Czechs did their jobs we could send supplies and reinforcements very quickly to any sector that could need it.

The Soviets knew that their situation was desperate, so when May started they launched a massive counteroffensive. It was their last chance to prevent us from reaching the Volga, but they didn't have time to plan their attacks thoroughly and in most places it was easy to repel them. However, they succeeded in retaking Chistopol, on the left shore of the Kama. If the communists consolidated that position our chances to recover Kazan would be gone. Since we had already dealt with a similar situation in Orenburg, Kolchak sent us to liberate Chistopol."
Sim Pobedishi! - The Red East (1918-1920),6,Song of the Cossacks: Orenburg,VICTORY,600,The tide turns: Chistopol,8,"I felt great happiness when the Reds surrendered and the cossacks entered Orenburg. With the liberation of the city we could finally control the railways that we needed to communicate all our battle front from north to south, so as long as the Czechs did their jobs we could send supplies and reinforcements very quickly to any sector that could need it.

The Soviets knew that their situation was desperate, so when May started they launched a massive counteroffensive. It was their last chance to prevent us from reaching the Volga, but they didn't have time to plan their attacks thoroughly and in most places it was easy to repel them. However, they succeeded in retaking Chistopol, on the left shore of the Kama. If the communists consolidated that position our chances to recover Kazan would be gone. Since we had already dealt with a similar situation in Orenburg, Kolchak sent us to liberate Chistopol."
Sim Pobedishi! - The Red East (1918-1920),6,Song of the Cossacks: Orenburg,TACTICAL,480,Clutching at straws: defense of Belebei,7,"I felt great happiness when the Reds surrendered and the cossacks entered Orenburg. With the liberation of the city we could finally control the railways that we needed to communicate all our battle front from north to south, so as long as the Czechs did their jobs we could send supplies and reinforcements very quickly to any sector that could need it.

The Soviets knew that their situation was desperate, so when May started they launched a massive counteroffensive. It was their last chance to prevent us from reaching the Volga, but they didn't have time to plan their attacks thoroughly and in most places it was easy to repel them. However, they succeeded in retaking Chistopol, on the left shore of the Kama. If the communists consolidated that position our chances to recover Kazan would be gone. Since we had already dealt with a similar situation in Orenburg, Kolchak sent us to liberate Chistopol."
Sim Pobedishi! - The Red East (1918-1920),6,Song of the Cossacks: Orenburg,LOSE,360,Clutching at straws: defense of Belebei,7,"The Reds resisted all our assaults. We tried everything, to no avail, and in the end we had to retire. The offensive against Orenburg was cancelled. 

We had failed. The Bolsheviks were in an excellent position to launch a massive counteroffensive once they gathered enough troops. I believed that it would happen in May. We'd have to do our best to prepare ourselves and defend Belebei and the other towns that we had taken at the start of the spring. Maybe there was still one last chance to stop our enemies."
Sim Pobedishi! - The Red East (1918-1920),7,Clutching at straws: defense of Belebei,BRILIANT,480,The tide turns: Chistopol,8,"The miracle of Belebei. I still call it that way. I truly believe that God helped us in that terrible battle. Because not only did we defeat the Bolsheviks. Our victory was so complete, so fast, that a huge gap opened in the enemy lines, and our units quickly marched through it, outflanking and destroying all the communist regiments that they could find. We could even allow ourselves to send reinforces to other areas where our army desperately needed them. 

Before the end of May, we had crushed the Soviet counterattack and we had a new chance to reach the Volga. But then we learnt thar our enemies were regrouping near Chistopol, on the left shore of the Kama. If the communists consolidated that position our chances to recover Kazan would be gone. Since we had already dealt with a similar situation in Belebei, Kolchak sent us to liberate Chistopol."
Sim Pobedishi! - The Red East (1918-1920),7,Clutching at straws: defense of Belebei,VICTORY,480,You've got to know when to walk away: farewell to Ufa,17,"We did our best, and we actually defeated he Bolsheviks in Belebei. But it wasn't enough. North and south of our positions, the Reds kept on advancing, so if we stayed we'd eventually be outflanked and encircled. With tears in our eyes, we had to retreat to Ufa and build a new line of defence there."
Sim Pobedishi! - The Red East (1918-1920),7,Clutching at straws: defense of Belebei,TACTICAL,480,You've got to know when to walk away: farewell to Ufa,17,"We did our best, and we actually defeated he Bolsheviks in Belebei. But it wasn't enough. North and south of our positions, the Reds kept on advancing, so if we stayed we'd eventually be outflanked and encircled. With tears in our eyes, we had to retreat to Ufa and build a new line of defence there."
Sim Pobedishi! - The Red East (1918-1920),7,Clutching at straws: defense of Belebei,LOSE,480,You've got to know when to walk away: farewell to Ufa,17,"The Bolsheviks were unstoppable. After just five days of fighting, we had to leave Belebei, retreat to Ufa and build a new line of defence there."
Sim Pobedishi! - The Red East (1918-1920),8,The tide turns: Chistopol,BRILIANT,400,We'll never leave again: Kazan,10,"When we finally liberated Chistopol I felt a great relief. At last we had brought the war back to the Volga. If we kept a cool head, the Soviets would never retake the initiative and we would eventually win this terrible civil war. The nightmarish revolution would be over, and Russia would be saved."
Sim Pobedishi! - The Red East (1918-1920),8,The tide turns: Chistopol,VICTORY,400,We'll never leave again: Kazan,10,"When we finally liberated Chistopol I felt a great relief. At last we had brought the war back to the Volga. If we kept a cool head, the Soviets would never retake the initiative and we would eventually win this terrible civil war. The nightmarish revolution would be over, and Russia would be saved."
Sim Pobedishi! - The Red East (1918-1920),8,The tide turns: Chistopol,TACTICAL,300,We'll never leave again: Kazan,10,"When we finally liberated Chistopol I felt a great relief. At last we had brought the war back to the Volga. If we kept a cool head, the Soviets would never retake the initiative and we would eventually win this terrible civil war. The nightmarish revolution would be over, and Russia would be saved."
Sim Pobedishi! - The Red East (1918-1920),8,The tide turns: Chistopol,LOSE,300,You've got to know when to walk away: farewell to Ufa,17,"The Bolsheviks were unstoppable. After some days of fighting we had to leave Bugulma, retreat to Ufa and build a new line of defence there."
Sim Pobedishi! - The Red East (1918-1920),9,,BRILIANT,0,Until you find somebody: the Komuch offensive (I),0,
Sim Pobedishi! - The Red East (1918-1920),9,,VICTORY,0,Until you find somebody: the Komuch offensive (I),0,
Sim Pobedishi! - The Red East (1918-1920),9,,TACTICAL,0,Until you find somebody: the Komuch offensive (I),0,
Sim Pobedishi! - The Red East (1918-1920),9,,LOSE,0,Until you find somebody: the Komuch offensive (I),0,
Sim Pobedishi! - The Red East (1918-1920),10,We'll never leave again: Kazan,BRILIANT,400,Where it all began: Samara,11,"As we paraded in front of the Kazan Kremlin, I realised that the spring of 1919 would probably be the happiest of my life. We were recovering our homeland step by step. Siberia and the Urals were safe, and now it was time to consolidate our positions on the Volga.

A few days later we received excellent news from southern Russia. Denikin's forces had finally been able to advance into the lower Volga, and had taken Tsaritsyn. That meant that our two armies were separated by less than 150 Russian miles. If we managed to liberate Samara and Saratov, the two main clusters of anti-Bolshevik resistance would finally be united. Kolchak knew the importance of that goal, so he ordered us to plan a summer offensive against Samara."
Sim Pobedishi! - The Red East (1918-1920),10,We'll never leave again: Kazan,VICTORY,400,Where it all began: Samara,11,"As we paraded in front of the Kazan Kremlin, I realised that the spring of 1919 would probably be the happiest of my life. We were recovering our homeland step by step. Siberia and the Urals were safe, and now it was time to consolidate our positions on the Volga.

A few days later we received excellent news from southern Russia. Denikin's forces had finally been able to advance into the lower Volga, and had taken Tsaritsyn. That meant that our two armies were separated by less than 150 Russian miles. If we managed to liberate Samara and Saratov, the two main clusters of anti-Bolshevik resistance would finally be united. Kolchak knew the importance of that goal, so he ordered us to plan a summer offensive against Samara."
Sim Pobedishi! - The Red East (1918-1920),10,We'll never leave again: Kazan,TACTICAL,300,Where it all began: Samara,11,"As we paraded in front of the Kazan Kremlin, I realised that the spring of 1919 would probably be the happiest of my life. We were recovering our homeland step by step. Siberia and the Urals were safe, and now it was time to consolidate our positions on the Volga.

A few days later we received excellent news from southern Russia. Denikin's forces had finally been able to advance into the lower Volga, and had taken Tsaritsyn. That meant that our two armies were separated by less than 150 Russian miles. If we managed to liberate Samara and Saratov, the two main clusters of anti-Bolshevik resistance would finally be united. Kolchak knew the importance of that goal, so he ordered us to plan a summer offensive against Samara."
Sim Pobedishi! - The Red East (1918-1920),10,We'll never leave again: Kazan,LOSE,240,Where it all began: Samara,11,"My troops were too tired to advance fast enough, so when July came we didn't have taken all our objectives. The High Command had to send its reserves, and thanks to them the area of Kazan finally fell under our control.

I was extremely happy. We were recovering our homeland step by step. Siberia and the Urals were safe, and now it was time to consolidate our positions on the Volga.

We had received excellent news from southern Russia, too. Denikin's forces had finally been able to advance into the lower Volga, and had taken Tsaritsyn. That meant that our two armies were separated by less than 150 Russian miles. If we managed to liberate Samara and Saratov, the two main clusters of anti-Bolshevik resistance would finally be united. Kolchak knew the importance of that goal, so he ordered us to plan a summer offensive against Samara."
Sim Pobedishi! - The Red East (1918-1920),11,Where it all began: Samara,BRILIANT,400,No mercy: Vyatka,12,"Ninety miles. That was all the distance between our divisions and Denikin's army. With minimal effort, our forces could have joined before the end of August.

But at that time the Anti-Bolshevik resistance lacked an unified command, and our plans weren't always properly coordinated. Denikin believed that he had a good opportunity to take Moscow, so he ordered most of his units to leave the Volga region, go to the north and take Kursk and Orel. His reserve went even further, to Ukraine, to protect his left flank from the attacks of Makhno's anarchists. As usual, we were on our own.

It was frustrating, and Kolchak was furious, but there was nothing that we could do. Denikin had refused to acknowledge Kolchak as the supreme leader of the anti-Bolsheviks, and he didn't accept his orders.

Sadly, we had even bigger problems. In the north, our Siberian Army had liberated Glazov, but it seemed unable to follow its advance and take Vyatka. And the partisans had become a real problem They attacked the railroads everywhere, so our supply lines were in danger. In fact, we had to cancel our plans for new operations, and my men had to spend the rest of the summer pursuing bands of partisans between Samara and Belebei. After so many victories, wasting more than two months in minor operations was disheartening. It meant that the war would last until the next winter, at the very least."
Sim Pobedishi! - The Red East (1918-1920),11,Where it all began: Samara,VICTORY,400,No mercy: Vyatka,12,"Ninety miles. That was all the distance between our divisions and Denikin's army. With minimal effort, our forces could have joined before the end of August.

But at that time the Anti-Bolshevik resistance lacked an unified command, and our plans weren't always properly coordinated. Denikin believed that he had a good opportunity to take Moscow, so he ordered most of his units to leave the Volga region, go to the north and take Kursk and Orel. His reserve went even further, to Ukraine, to protect his left flank from the attacks of Makhno's anarchists. As usual, we were on our own.

It was frustrating, and Kolchak was furious, but there was nothing that we could do. Denikin had refused to acknowledge Kolchak as the supreme leader of the anti-Bolsheviks, and he didn't accept his orders.

Sadly, we had even bigger problems. In the north, our Siberian Army had liberated Glazov, but it seemed unable to follow its advance and take Vyatka. And the partisans had become a real problem They attacked the railroads everywhere, so our supply lines were in danger. In fact, we had to cancel our plans for new operations, and my men had to spend the rest of the summer pursuing bands of partisans between Samara and Belebei. After so many victories, wasting more than two months in minor operations was disheartening. It meant that the war would last until the next winter, at the very least."
Sim Pobedishi! - The Red East (1918-1920),11,Where it all began: Samara,TACTICAL,300,No mercy: Vyatka,12,"Ninety miles. That was all the distance between our divisions and Denikin's army. With minimal effort, our forces could have joined before the end of August.

But at that time the Anti-Bolshevik resistance lacked an unified command, and our plans weren't always properly coordinated. Denikin believed that he had a good opportunity to take Moscow, so he ordered most of his units to leave the Volga region, go to the north and take Kursk and Orel. His reserve went even further, to Ukraine, to protect his left flank from the attacks of Makhno's anarchists. As usual, we were on our own.

It was frustrating, and Kolchak was furious, but there was nothing that we could do. Denikin had refused to acknowledge Kolchak as the supreme leader of the anti-Bolsheviks, and he didn't accept his orders.

Sadly, we had even bigger problems. In the north, our Siberian Army had liberated Glazov, but it seemed unable to follow its advance and take Vyatka. And the partisans had become a real problem They attacked the railroads everywhere, so our supply lines were in danger. In fact, we had to cancel our plans for new operations, and my men had to spend the rest of the summer pursuing bands of partisans between Samara and Belebei. After so many victories, wasting more than two months in minor operations was disheartening. It meant that the war would last until the next winter, at the very least."
Sim Pobedishi! - The Red East (1918-1920),11,Where it all began: Samara,LOSE,300,No mercy: Vyatka,12,"Without the cossacks, I would have suffered an embarrasing defeat at Samara. Thank God that they came to our rescue. In the end, Simbirsk, Samara and Syzran were taken. 

Ninety miles. That was all the distance between our divisions and Denikin's army. With minimal effort, our forces could have joined before the end of August.

But at that time the Anti-Bolshevik resistance lacked an unified command, and our plans weren't always properly coordinated. Denikin believed that he had a good opportunity to take Moscow, so he ordered most of his units to leave the Volga region, go to the north and take Kursk and Orel. His reserve went even further, to Ukraine, to protect his left flank from the attacks of Makhno's anarchists. As usual, we were on our own.

It was frustrating, and Kolchak was furious, but there was nothing that we could do. Denikin had refused to acknowledge Kolchak as the supreme leader of the anti-Bolsheviks, and he didn't accept his orders.

Sadly, we had even bigger problems. In the north, our Siberian Army had liberated Glazov, but it seemed unable to follow its advance and take Vyatka. And the partisans had become a real problem They attacked the railroads everywhere, so our supply lines were in danger. In fact, we had to cancel our plans for new operations, and my men had to spend the rest of the summer pursuing bands of partisans between Samara and Belebei. Wasting more than two months in minor operations was disheartening. It meant that the war would last until the next winter, at the very least."
Sim Pobedishi! - The Red East (1918-1920),12,No mercy: Vyatka,BRILIANT,320,The Black Baron: Saratov,13,"We didn't have much time to enjoy this new victory. We rested for less than one day, and then we had to board several trains that took us to the south. Denikin's staff had contacted Kolchak's, asking for a joint operation against Saratov. Kolchak had accepted, and had assigned that mission to us. We had to return to the Volga as soon as we could.

We left knowing that, without Vyatka, the Bolsheviks would not be able to defend Nizhni Novgorod and the roads that led to Arkhangelsk, which was occupied by our British allies. The distances that the Siberians would have to cover to get there were really long, so the marches would be very hard, especially in winter. However, I was sure that sooner or later they'd do it."
Sim Pobedishi! - The Red East (1918-1920),12,No mercy: Vyatka,VICTORY,320,The Black Baron: Saratov,13,"We didn't have much time to enjoy this new victory. We rested for less than one day, and then we had to board several trains that took us to the south. Denikin's staff had contacted Kolchak's, asking for a joint operation against Saratov. Kolchak had accepted, and had assigned that mission to us. We had to return to the Volga as soon as we could.

We left knowing that, without Vyatka, the Bolsheviks would not be able to defend Nizhni Novgorod and the roads that led to Arkhangelsk, which was occupied by our British allies. The distances that the Siberians would have to cover to get there were really long, so the marches would be very hard, especially in winter. However, I was sure that sooner or later they'd do it."
Sim Pobedishi! - The Red East (1918-1920),12,No mercy: Vyatka,TACTICAL,240,The Black Baron: Saratov,13,"We didn't have much time to enjoy this new victory. We rested for less than one day, and then we had to board several trains that took us to the south. Denikin's staff had contacted Kolchak's, asking for a joint operation against Saratov. Kolchak had accepted, and had assigned that mission to us. We had to return to the Volga as soon as we could.

We left knowing that, without Vyatka, the Bolsheviks would not be able to defend Nizhni Novgorod and the roads that led to Arkhangelsk, which was occupied by our British allies. The distances that the Siberians would have to cover to get there were really long, so the marches would be very hard, especially in winter. However, I was sure that sooner or later they'd do it."
Sim Pobedishi! - The Red East (1918-1920),12,No mercy: Vyatka,LOSE,240,The Black Baron: Saratov,13,"When it seemed that the fourth assault against Vyatka would fail, too, the Siberians came to reinforce us. Together we overcame the last clusters of enemy resistance.

We didn't have much time to enjoy this new victory. We rested for less than one day, and then we had to board several trains that took us to the south. Denikin's staff had contacted Kolchak's, asking for a joint operation against Saratov. Kolchak had accepted, and had assigned that mission to us. We had to return to the Volga as soon as we could.

We left knowing that, without Vyatka, the Bolsheviks would not be able to defend Nizhni Novgorod and the roads that led to Arkhangelsk, which was occupied by our British allies. The distances that the Siberians would have to cover to get there were really long, so the marches would be very hard, especially in winter. However, I was sure that sooner or later they'd do it."
Sim Pobedishi! - The Red East (1918-1920),13,The Black Baron: Saratov,BRILIANT,360,Mousetrap: Ryazan,14,"I guess that most of you have seen copies of that historical photograph of Kappel and Wrangel shaking their hands when they finally met in Saratov. In my living room I have a framed one, signed by both of them. Having contributed to the union of the two main anti-Bolshevik forces is one of the greatest things that I've ever done. I'm proud of having fought in Saratov.

Almost at the same time, the Siberian Army took Nizhni Novgorod and the AFSR defeated the Soviet Army in Tula. The war was almost won, so we started to think about what would come next. In a conference that took place in Tsarytsin, it was decided that a Military Directory would govern Russia until the revolution was completeley defeated. Naturally, Admiral Kolchak was chosen as its President. The first decision of the Directory was to order a final, coordinated assault on Moscow."
Sim Pobedishi! - The Red East (1918-1920),13,The Black Baron: Saratov,VICTORY,360,Mousetrap: Ryazan,14,"I guess that most of you have seen copies of that historical photograph of Kappel and Wrangel shaking their hands when they finally met in Saratov. In my living room I have a framed one, signed by both of them. Having contributed to the union of the two main anti-Bolshevik forces is one of the greatest things that I've ever done. I'm proud of having fought in Saratov.

Almost at the same time, the Siberian Army took Nizhni Novgorod and the AFSR defeated the Soviet Army in Tula. The war was almost won, so we started to think about what would come next. In a conference that took place in Tsarytsin, it was decided that a Military Directory would govern Russia until the revolution was completeley defeated. Naturally, Admiral Kolchak was chosen as its President. The first decision of the Directory was to order a final, coordinated assault on Moscow."
Sim Pobedishi! - The Red East (1918-1920),13,The Black Baron: Saratov,TACTICAL,280,Mousetrap: Ryazan,14,"I guess that most of you have seen copies of that historical photograph of Kappel and Wrangel shaking their hands when they finally met in Saratov. In my living room I have a framed one, signed by both of them. Having contributed to the union of the two main anti-Bolshevik forces is one of the greatest things that I've ever done. I'm proud of having fought in Saratov.

Almost at the same time, the Siberian Army took Nizhni Novgorod and the AFSR defeated the Soviet Army in Tula. The war was almost won, so we started to think about what would come next. In a conference that took place in Tsarytsin, it was decided that a Military Directory would govern Russia until the revolution was completeley defeated. Naturally, Admiral Kolchak was chosen as its President. The first decision of the Directory was to order a final, coordinated assault on Moscow."
Sim Pobedishi! - The Red East (1918-1920),13,The Black Baron: Saratov,LOSE,0,CAMPAIGN END / DEFEAT,255,"The Bolsheviks opposed a fierce resistance against our attacks. And here is where my story ends. During one of the assaults, I was badly wounded by an enemy grenade. The doctors could save my life, but I lost my left eye and part of my left leg. When I could leave the hospital, the war had already ended. The revolution was over and Russia had a new, bright future. But many people, including myself, had paid a terrible price for it.

I don't regret what I did, though. The Bolshevik menace is over. We have recovered our country. I have a home. Certainly, my life is hard, I can't do certain jobs, and my wounds hurt occasionally. But when the spring comes and I can go strolling on the shores of the Volga in Samara, I realise how lucky I am for being able to live in my beloved Russia, and I thank God for that. Our sacrifice has been worthwhile."
Sim Pobedishi! - The Red East (1918-1920),14,Mousetrap: Ryazan,BRILIANT,320,As though nothing could fall: Klin,15,"Attacked fom no less than four different points at the same time, the Soviets finally retreated from Moscow. Victory was ours! Sadly, we didn't have been able to encircle the city completely, so many enemies escaped to the northwest. The Directory ordered us to pursue them and destroy them before they could reach Petrograd."
Sim Pobedishi! - The Red East (1918-1920),14,Mousetrap: Ryazan,VICTORY,320,As though nothing could fall: Klin,15,"Attacked fom no less than four different points at the same time, the Soviets finally retreated from Moscow. Victory was ours! Sadly, we didn't have been able to encircle the city completely, so many enemies escaped to the northwest. The Directory ordered us to pursue them and destroy them before they could reach Petrograd."
Sim Pobedishi! - The Red East (1918-1920),14,Mousetrap: Ryazan,TACTICAL,240,As though nothing could fall: Klin,15,"Attacked fom no less than four different points at the same time, the Soviets finally retreated from Moscow. Victory was ours! Sadly, we didn't have been able to encircle the city completely, so many enemies escaped to the northwest. The Directory ordered us to pursue them and destroy them before they could reach Petrograd."
Sim Pobedishi! - The Red East (1918-1920),14,Mousetrap: Ryazan,LOSE,0,CAMPAIGN END / DEFEAT,255,"After so many battles, fatigue had affected my mind and my body. I suffered a breakdown at the worst possible time, and I had to be relieved from command. Victory was finally ours, but to this day I still regret not having been able to participate in this heroic deed until te end. My family always tries to cheer me up when they see that I'm in a sad mood, but I can't help thinking that, somehow, at the moment of truth Glory avoided me and I failed my country."
Sim Pobedishi! - The Red East (1918-1920),15,As though nothing could fall: Klin,BRILIANT,400,Unknown (ID 254),254,"The Red Army was virtually destroyed after Klin. Tukhachevsky led some surviving regiments to Petrograd, where they defended themselves for a couple of weeks until our army defeated them for good. In the end, all the Bolshevik leaders were killed or taken prisoner, or they had to flee to foreign lands.

We had finally taken our country back. Our losses had been huge, including our Tzar and His family, but Old Mother Russia wasn't lost. We'd do our best to heal her.

Yes, Russia and the Turkestan were safe at last, but what about the other possessions of the empire? Sadly, we had to accept the loss of many territories. In February, Kolchak signed the Treaty of Tiflis, acknowledging the independence of the republics of Georgia and Armenia, which became Russian allies. We quickly sent them arms, ammunition and advisors that they could use in their wars against Turkey and Azerbaijan.

Besides, the League of Nations let us know that they wouldn't tolerate any Russian action against the sovereignty of Finland, Poland or the Baltic republics. We had no choice but to accept those demands.

However, they didn't say anything about Belarus or Ukraine, and we were determined to keep those lands under Russian control."
Sim Pobedishi! - The Red East (1918-1920),15,As though nothing could fall: Klin,VICTORY,400,Unknown (ID 254),254,"The Red Army was virtually destroyed after Klin. Tukhachevsky led some surviving regiments to Petrograd, where they defended themselves for a couple of weeks until our army defeated them for good. In the end, all the Bolshevik leaders were killed or taken prisoner, or they had to flee to foreign lands.

We had finally taken our country back. Our losses had been huge, including our Tzar and His family, but Old Mother Russia wasn't lost. We'd do our best to heal her.

Yes, Russia and the Turkestan were safe at last, but what about the other possessions of the empire? Sadly, we had to accept the loss of many territories. In February, Kolchak signed the Treaty of Tiflis, acknowledging the independence of the republics of Georgia and Armenia, which became Russian allies. We quickly sent them arms, ammunition and advisors that they could use in their wars against Turkey and Azerbaijan.

Besides, the League of Nations let us know that they wouldn't tolerate any Russian action against the sovereignty of Finland, Poland or the Baltic republics. We had no choice but to accept those demands.

However, they didn't say anything about Belarus or Ukraine, and we were determined to keep those lands under Russian control."
Sim Pobedishi! - The Red East (1918-1920),15,As though nothing could fall: Klin,TACTICAL,280,Unknown (ID 254),254,"The Red Army was virtually destroyed after Klin. Tukhachevsky led some surviving regiments to Petrograd, where they defended themselves for a couple of weeks until our army defeated them for good. In the end, all the Bolshevik leaders were killed or taken prisoner, or they had to flee to foreign lands.

We had finally taken our country back. Our losses had been huge, including our Tzar and His family, but Old Mother Russia wasn't lost. We'd do our best to heal her.

Yes, Russia and the Turkestan were safe at last, but what about the other possessions of the empire? Sadly, we had to accept the loss of many territories. In February, Kolchak signed the Treaty of Tiflis, acknowledging the independence of the republics of Georgia and Armenia, which became Russian allies. We quickly sent them arms, ammunition and advisors that they could use in their wars against Turkey and Azerbaijan.

Besides, the League of Nations let us know that they wouldn't tolerate any Russian action against the sovereignty of Finland, Poland or the Baltic republics. We had no choice but to accept those demands.

However, they didn't say anything about Belarus or Ukraine, and we were determined to keep those lands under Russian control."
Sim Pobedishi! - The Red East (1918-1920),15,As though nothing could fall: Klin,LOSE,0,CAMPAIGN END / DEFEAT,255,"Those were the last lines that my beloved uncle wrote before engaging in battle, one last time, with the Red Army. As you already know, he was killed in that action, so he didn't live to see the Bolshevik Revolution defeated and Russia freed.

However, his sacrifice hasn't been forgotten, and today his relatives have joined here, in Samara, to pay tribute to this true Russian hero. Uncle, you have made our lives possible. We owe you everything, and we want you to be sure that we'll remember you until the day we die. Za pobedu, hura!!!"
Sim Pobedishi! - The Red East (1918-1920),16,Peace through strength: Zhitomir,BRILIANT,0,Unknown (ID 254),254,"Our victory was complete. The Polish were routed, and they retreated so fast that I think we could have reached Warsaw in a few weeks if we had wanted to. Instead, we contented ourselves with the liberation of most of Belarus and Ukraine and with reasonable war reparations. The Poles agreed to our conditions, and both sides signed a peace treaty in Minsk in June 1920.

Russia had nearlly collapsed during those chaotic years, but in the end we managed to salvage most of our country. Since then we have worked hard to improve Russia and its people, rejecting all marxist ideas. There is still a lot left to do, and many unsolved problems, but at least we have hope in the future. May God help Russia and her rulers, so our country can thrive and we never engage again in nightmarish civil wars.

The campaign is over. I hope you've liked it and thanks for playing.

Urica, 2018"
Sim Pobedishi! - The Red East (1918-1920),16,Peace through strength: Zhitomir,VICTORY,0,Unknown (ID 254),254,"Our victory was complete. The Polish were routed, and they retreated so fast that I think we could have reached Warsaw in a few weeks if we had wanted to. Instead, we contented ourselves with the liberation of most of Belarus and Ukraine and with reasonable war reparations. The Poles agreed to our conditions, and both sides signed a peace treaty in Minsk in June 1920.

Russia had nearlly collapsed during those chaotic years, but in the end we managed to salvage most of our country. Since then we have worked hard to improve Russia and its people, rejecting all marxist ideas. There is still a lot left to do, and many unsolved problems, but at least we have hope in the future. May God help Russia and her rulers, so our country can thrive and we never engage again in nightmarish civil wars.

The campaign is over. I hope you've liked it and thanks for playing.

Urica, 2018"
Sim Pobedishi! - The Red East (1918-1920),16,Peace through strength: Zhitomir,TACTICAL,0,Unknown (ID 254),254,"Our victory was complete. The Polish were routed, and they retreated so fast that I think we could have reached Warsaw in a few weeks if we had wanted to. Instead, we contented ourselves with the liberation of most of Belarus and Ukraine and with reasonable war reparations. The Poles agreed to our conditions, and both sides signed a peace treaty in Minsk in June 1920.

Russia had nearlly collapsed during those chaotic years, but in the end we managed to salvage most of our country. Since then we have worked hard to improve Russia and its people, rejecting all marxist ideas. There is still a lot left to do, and many unsolved problems, but at least we have hope in the future. May God help Russia and her rulers, so our country can thrive and we never engage again in nightmarish civil wars.

The campaign is over. I hope you've liked it and thanks for playing.

Urica, 2018"
Sim Pobedishi! - The Red East (1918-1920),16,Peace through strength: Zhitomir,LOSE,0,CAMPAIGN END / DEFEAT,255,"The Poles surprised us and defeated us, reaching Kiev a couple of weeks later. The risk of a new Bolshevik uprising was high, so we had to accept humiliating peace conditions, which included the acknowledgement of the independence of Poland, Belarus and Ukraine.

Ashamed for my failure, I left the army and went back to Samara, where I found a job as a teacher. Luckily, people soon forgot about me. After all, I'm not the first Russian officer who fails at a very critical moment. At least I can proudly say that we defeated the Bolsheviks and that, although the empire has been lost, Russia still has a future thanks to people like me. I did my best to serve my country. I wish I had done it better, but I couldn't. Over time, I have learnt to live with that."
Sim Pobedishi! - The Red East (1918-1920),17,You've got to know when to walk away: farewell to Ufa,BRILIANT,400,Cry for the Romanovs: Ekaterinburg,18,"The Soviets paid a heavy price for the conquest of Ufa. Thousands of communist troops lost their lives at the shores of the Belaya, trying in vain to stop our evacuation. When they finally entered the city, it had been a long time since we had left. We had survived to fight another day, and that made us feel happy."
Sim Pobedishi! - The Red East (1918-1920),17,You've got to know when to walk away: farewell to Ufa,VICTORY,400,Cry for the Romanovs: Ekaterinburg,18,"The Soviets paid a heavy price for the conquest of Ufa. Thousands of communist troops lost their lives at the shores of the Belaya, trying in vain to stop our evacuation. When they finally entered the city, it had been a long time since we had left. We had survived to fight another day, and that made us feel happy."
Sim Pobedishi! - The Red East (1918-1920),17,You've got to know when to walk away: farewell to Ufa,TACTICAL,400,Cry for the Romanovs: Ekaterinburg,18,"The Soviets paid a heavy price for the conquest of Ufa. Thousands of communist troops lost their lives at the shores of the Belaya, trying in vain to stop our evacuation. When they finally entered the city, it had been a long time since we had left. We had survived to fight another day, and that made us feel happy."
Sim Pobedishi! - The Red East (1918-1920),17,You've got to know when to walk away: farewell to Ufa,LOSE,260,Cry for the Romanovs: Ekaterinburg,18,"Our defence strategy didn't work. I guess that, no matter what we had tried, it wouldn't have been enough to delay the Soviets, much less to stop them. We were lucky to save our lives and to avoid capture, but we had to leave tons of equipment and ammunition behind. The victorious Bolsheviks found a great treasure in Ufa. Much more that they had expected."
Sim Pobedishi! - The Red East (1918-1920),18,Cry for the Romanovs: Ekaterinburg,BRILIANT,300,The bear against the red wolves: Chelyabinsk,19,"We finished the evacuation of Ekaterinburg with only minor incidents, retreating in order to the line Yalutorovsk - Tobolsk. From there, our troops were sent to Chelyabinsk, where they were badly needed.

Although, once again, our army was saved, the main result of the Bolshevik military operations against Ekaterinburg was the occupation of the main cities and factories of the Urals, the most important industrial region of Russia. If the Red Army kept on sending its reserves against us, we'd soon be facing a bleak future."
Sim Pobedishi! - The Red East (1918-1920),18,Cry for the Romanovs: Ekaterinburg,VICTORY,300,The bear against the red wolves: Chelyabinsk,19,"We finished the evacuation of Ekaterinburg with only minor incidents, retreating in order to the line Yalutorovsk - Tobolsk. From there, our troops were sent to Chelyabinsk, where they were badly needed.

Although, once again, our army was saved, the main result of the Bolshevik military operations against Ekaterinburg was the occupation of the main cities and factories of the Urals, the most important industrial region of Russia. If the Red Army kept on sending its reserves against us, we'd soon be facing a bleak future."
Sim Pobedishi! - The Red East (1918-1920),18,Cry for the Romanovs: Ekaterinburg,TACTICAL,240,The bear against the red wolves: Chelyabinsk,19,"We finished the evacuation of Ekaterinburg with only minor incidents, retreating in order to the line Yalutorovsk - Tobolsk. From there, our troops were sent to Chelyabinsk, where they were badly needed.

Although, once again, our army was saved, the main result of the Bolshevik military operations against Ekaterinburg was the occupation of the main cities and factories of the Urals, the most important industrial region of Russia. If the Red Army kept on sending its reserves against us, we'd soon be facing a bleak future."
Sim Pobedishi! - The Red East (1918-1920),18,Cry for the Romanovs: Ekaterinburg,LOSE,0,CAMPAIGN END / DEFEAT,255,"I still have nightmares when I remember Ekaterinburg. The Soviets struck from our rear, cutting our retreat lines. Many soldiers, civilians and equipment were trapped in the city, and despite all our efforts we couldn't evacuate them. Others died or were captured when they were trying to reach Tobolsk.

You could say that I was lucky, because I could return to our own lines. But that was the last time that I was engaged in battle. I was relieved from command due to my failure, and Kolchak sent me to maintain order in Chita, near the border with China and Mongolia. That meant that, when our army was finally defeated a few months later, it was easy to gather as many sympathizers as I could find and lead them safely to China, where the Bolsheviks couldn't harm them. After Ekaterinburg, I had a chance to redeem myself.

From China I traveled to many different countries, until in 1922 I established myself in New Zealand, where I still live. I can't complain about the life that I've lived in these last 30 years, but the truth is that I miss Russia very much. I wish that I could have done more, and that we could have won the war. I know that I should have gotten rid of all these feelings of failure and shame, but I've never been able to do that. It's true, I did my best, but now that the Soviet Union seems more powerful than ever, despair and grief take hold of my mind. I guess that it's the penance I have to pay for my sins, and I must accept it."
Sim Pobedishi! - The Red East (1918-1920),19,The bear against the red wolves: Chelyabinsk,BRILIANT,240,Not dead yet: The Tobol offensive (I),20,"The Red Army didn't expect our reaction, and all its attempts to defend itself failed. When August came the 5th Army was nearly destroyed, and only the skills of their leader Tukhachevsky prevented the Bolshevik divisions from a complete destruction. The surviving communists retreated to the Miass river, where they waited until Lenin and Trotsky sent them more reinforcements.

Our enemies were still too strong, so we couldn't fully exploit our victory. We waited in Chelyabinsk until the Soviets came again, and then we withdrew our troops deeper into Siberia. We knew that they were suffering much more than us and that, if we kept on winning defensive battles and strategic counterattacks, sooner or later we'd have a chance for a decisive victory."
Sim Pobedishi! - The Red East (1918-1920),19,The bear against the red wolves: Chelyabinsk,VICTORY,240,Not dead yet: The Tobol offensive (I),20,"The Red Army didn't expect our reaction, and all its attempts to defend itself failed. When August came the 5th Army was nearly destroyed, and only the skills of their leader Tukhachevsky prevented the Bolshevik divisions from a complete destruction. The surviving communists retreated to the Miass river, where they waited until Lenin and Trotsky sent them more reinforcements.

Our enemies were still too strong, so we couldn't fully exploit our victory. We waited in Chelyabinsk until the Soviets came again, and then we withdrew our troops deeper into Siberia. We knew that they were suffering much more than us and that, if we kept on winning defensive battles and strategic counterattacks, sooner or later we'd have a chance for a decisive victory."
Sim Pobedishi! - The Red East (1918-1920),19,The bear against the red wolves: Chelyabinsk,TACTICAL,160,Not dead yet: The Tobol offensive (I),20,"The Red Army didn't expect our reaction, and all its attempts to defend itself failed. When August came the 5th Army was nearly destroyed, and only the skills of their leader Tukhachevsky prevented the Bolshevik divisions from a complete destruction. The surviving communists retreated to the Miass river, where they waited until Lenin and Trotsky sent them more reinforcements.

Our enemies were still too strong, so we couldn't fully exploit our victory. We waited in Chelyabinsk until the Soviets came again, and then we withdrew our troops deeper into Siberia. We knew that they were suffering much more than us and that, if we kept on winning defensive battles and strategic counterattacks, sooner or later we'd have a chance for a decisive victory."
Sim Pobedishi! - The Red East (1918-1920),19,The bear against the red wolves: Chelyabinsk,LOSE,0,CAMPAIGN END / DEFEAT,255,"Although our plan was good, it was poorly executed. The Soviets resisted and we couldn't encircle them. In the end we were forced to retire. The troops of the Red Army finally occupied the whole of the Urals and were given the opportunity to attack Siberia and Turkestan.

That was the last time that I was engaged in battle. I was relieved from command due to my failure, and Kolchak sent me to maintain order in Chita, near the border with China and Mongolia. That meant that, when our army was finally defeated a few months later, it was easy to gather as many sympathizers as I could find and lead them safely to China, where the Bolsheviks couldn't harm them. After Chelyabinsk, I had a chance to redeem myself.

From China I traveled to many different countries, until in 1922 I established myself in Argentina, where I still live. I can't complain about the life that I've lived in these last 30 years, but the truth is that I miss Russia very much. I wish that I could have done more, and that we could have won the war. I know that I should have gotten rid of all these feelings of failure and shame, but I've never been able to do that. It's true, I did my best, but now that the Soviet Union seems more powerful than ever, despair and grief take hold of my mind. I guess that it's the penance I have to pay for my sins, and I must accept it."
Sim Pobedishi! - The Red East (1918-1920),20,Not dead yet: The Tobol offensive (I),BRILIANT,240,Better to burn out: The Tobol offensive (II),22,"The first phase of the Tobol offensive was a stunning victory for us. The 5th Army was routed and the survivors rushed to the river Tobol as fast as they could. 

We finally had the opportunity that we had been waiting for so long. We could keep on moving, cross the Tobol, encircle the Red Armies of the East, and destroy them. All we needed was an order."
Sim Pobedishi! - The Red East (1918-1920),20,Not dead yet: The Tobol offensive (I),VICTORY,240,Darkness falling: Novonikolayevsk,23,"We were so close... Our offensive ended on the right bank of the Tobol river, after having forced the Red Army to retreat more than 25 Russian miles. It was a great victory. However,  it wasn't good enough. Our enemies were beaten, but too many of them had survived. We had thrown everything that we had at them, and they were still capable of fighting back. They would recover themselves, and they would eventually crush us.

My last hopes were gone. We were doomed. Soon we'd have to choose between death, a life under the Bolshevik yoke, or leaving Russia forever.

It hasn't passed one single day that I haven't thought that, if we had advanced a little faster, or if the Cossacks had been more disciplined, we could have actually encircled the Soviet Army. But we failed at the worst possible time. We were facing a bleak future, and things would get much worse before the war was over."
Sim Pobedishi! - The Red East (1918-1920),20,Not dead yet: The Tobol offensive (I),TACTICAL,160,Darkness falling: Novonikolayevsk,23,"We were so close... Our offensive ended on the right bank of the Tobol river, after having forced the Red Army to retreat more than 25 Russian miles. It was a great victory. However,  it wasn't good enough. Our enemies were beaten, but too many of them had survived. We had thrown everything that we had at them, and they were still capable of fighting back. They would recover themselves, and they would eventually crush us.

My last hopes were gone. We were doomed. Soon we'd have to choose between death, a life under the Bolshevik yoke, or leaving Russia forever.

It hasn't passed one single day that I haven't thought that, if we had advanced a little faster, or if the Cossacks had been more disciplined, we could have actually encircled the Soviet Army. But we failed at the worst possible time. We were facing a bleak future, and things would get much worse before the war was over."
Sim Pobedishi! - The Red East (1918-1920),20,Not dead yet: The Tobol offensive (I),LOSE,100,Darkness falling: Novonikolayevsk,23,"I can't understand what happened to us. We tried everything, but nothing worked. The Reds resisted. We threw everything that we had at them, and they were still capable of fighting back. Our offensive was a complete failure.

My last hopes were gone. We were doomed. Soon we'd have to choose between death, a life under the Bolshevik yoke, or leaving Russia forever.

It hasn't passed one single day that I haven't thought that, if we had advanced faster, or if the Cossacks had been more disciplined, we could have actually encircled the Soviet Army. But we failed at the worst possible time. We were facing a bleak future, and things would get much worse before the war was over."
Sim Pobedishi! - The Red East (1918-1920),21,,BRILIANT,0,Until you find somebody: the Komuch offensive (I),0,
Sim Pobedishi! - The Red East (1918-1920),21,,VICTORY,0,Until you find somebody: the Komuch offensive (I),0,
Sim Pobedishi! - The Red East (1918-1920),21,,TACTICAL,0,Until you find somebody: the Komuch offensive (I),0,
Sim Pobedishi! - The Red East (1918-1920),21,,LOSE,0,Until you find somebody: the Komuch offensive (I),0,
Sim Pobedishi! - The Red East (1918-1920),22,Better to burn out: The Tobol offensive (II),BRILIANT,0,Unknown (ID 254),254,"And that was how the Red Army was crushed by Diterikhs and his Tobol offensive. Thousands of Bolshevik soldiers died or were captured, along with tons of equipment. In the following weeks we retook Siberia almost without a fight: Tobolsk, Tiumen, Chelyabinsk, Ekaterinburg and many other cities and towns fell very easily. The communist panicked every time that they heard that we were approaching, and ran to the west as fast as they could.

Nothing stopped us until we reached the Urals. Winter was coming, and we knew that Lenin would send fresh Soviet divisions to the east very soon, so Kolchak ordered us to stop and dig in.

The next spring both sides planned different strategies, but there were very few real changes on the front line. We weren't strong enough to reach the Volga, and much less Moscow. On the other hand, the Bolsheviks could never overcome our defenses on the Urals. Besides, the United Kingdom, France, the United States and Japan were pressing Kolchak in order to end the war. They even threatened to retire their support if we didn't make a deal with the communists.

So, in the end, we had to accept the conditions that the British presented at the Armistice of Helsinki. The partition of Russia came into effect: the Bolsheviks would rule in the west, and Kolchak in the new State of Trans-Ural Russia. Of course, Denikin and Wrangel obtained the recognition of their tiny Free Crimean State, too.

After the civil war finished, I left the Army and I established myself in Ekaterinburg. I started to work as a teacher, I married and I raised a family. We've been working hard, trying to improve our country and make it thrive. I'm optimistic, and I'm sure that Trans-Ural has a bright future. May God help us to make that dream come true.

The campaign is over. I hope you've liked it and thanks for playing.

Urica, 2018"
Sim Pobedishi! - The Red East (1918-1920),22,Better to burn out: The Tobol offensive (II),VICTORY,0,Unknown (ID 254),254,"And that was how the Red Army was crushed by Diterikhs and his Tobol offensive. Thousands of Bolshevik soldiers died or were captured, along with tons of equipment. In the following weeks we retook Siberia almost without a fight: Tobolsk, Tiumen, Chelyabinsk, Ekaterinburg and many other cities and towns fell very easily. The communist panicked every time that they heard that we were approaching, and ran to the west as fast as they could.

Nothing stopped us until we reached the Urals. Winter was coming, and we knew that Lenin would send fresh Soviet divisions to the east very soon, so Kolchak ordered us to stop and dig in.

The next spring both sides planned different strategies, but there were very few real changes on the front line. We weren't strong enough to reach the Volga, and much less Moscow. On the other hand, the Bolsheviks could never overcome our defenses on the Urals. Besides, the United Kingdom, France, the United States and Japan were pressing Kolchak in order to end the war. They even threatened to retire their support if we didn't make a deal with the communists.

So, in the end, we had to accept the conditions that the British presented at the Armistice of Helsinki. The partition of Russia came into effect: the Bolsheviks would rule in the west, and Kolchak in the new State of Trans-Ural Russia. Of course, Denikin and Wrangel obtained the recognition of their tiny Free Crimean State, too.

After the civil war finished, I left the Army and I established myself in Ekaterinburg. I started to work as a teacher, I married and I raised a family. We've been working hard, trying to improve our country and make it thrive. I'm optimistic, and I'm sure that Trans-Ural has a bright future. May God help us to make that dream come true.

The campaign is over. I hope you've liked it and thanks for playing.

Urica, 2018"
Sim Pobedishi! - The Red East (1918-1920),22,Better to burn out: The Tobol offensive (II),TACTICAL,0,Unknown (ID 254),254,"And that was how the Red Army was crushed by Diterikhs and his Tobol offensive. Thousands of Bolshevik soldiers died or were captured, along with tons of equipment. In the following weeks we retook Siberia almost without a fight: Tobolsk, Tiumen, Chelyabinsk, Ekaterinburg and many other cities and towns fell very easily. The communist panicked every time that they heard that we were approaching, and ran to the west as fast as they could.

Nothing stopped us until we reached the Urals. Winter was coming, and we knew that Lenin would send fresh Soviet divisions to the east very soon, so Kolchak ordered us to stop and dig in.

The next spring both sides planned different strategies, but there were very few real changes on the front line. We weren't strong enough to reach the Volga, and much less Moscow. On the other hand, the Bolsheviks could never overcome our defenses on the Urals. Besides, the United Kingdom, France, the United States and Japan were pressing Kolchak in order to end the war. They even threatened to retire their support if we didn't make a deal with the communists.

So, in the end, we had to accept the conditions that the British presented at the Armistice of Helsinki. The partition of Russia came into effect: the Bolsheviks would rule in the west, and Kolchak in the new State of Trans-Ural Russia. Of course, Denikin and Wrangel obtained the recognition of their tiny Free Crimean State, too.

After the civil war finished, I left the Army and I established myself in Ekaterinburg. I started to work as a teacher, I married and I raised a family. We've been working hard, trying to improve our country and make it thrive. I'm optimistic, and I'm sure that Trans-Ural has a bright future. May God help us to make that dream come true.

The campaign is over. I hope you've liked it and thanks for playing.

Urica, 2018"
Sim Pobedishi! - The Red East (1918-1920),22,Better to burn out: The Tobol offensive (II),LOSE,0,CAMPAIGN END / DEFEAT,255,"The Bolsheviks defended themselves like true heroes, not hesitating to sacrifice their lives if they could delay us for a few hours. They did that again and again, so when we finally reached the Tobol it was too late. The surviving communists had already crossed the river, had built strong defensive positions, and they simply had to wait until their reinforcements came. We had touched victory with the tips of our fingers, but we had let it go. Now it was all over.

Two weeks later the Soviets counterattacked. Most of our army retreated to Petropavlosk, but I was captured in one of the first skirmishes. Surprisingly, they didn't kill me on the spot, and they brought me to this camp instead. That's how I ended here.

I know that I won't live for much longer. The guards will kill me if disease doesn't do it first. I've told you everything that I remember about these months of war, hoping that, someday, one of you will be able to leave this country. When that moment comes, tell the world what really happened. Please, I beg you, don't let all of this be forgotten."
Sim Pobedishi! - The Red East (1918-1920),23,Darkness falling: Novonikolayevsk,BRILIANT,400,Crying souls: The Ice March (I),24,"We managed to stop the Red Army at the Obi for five days. It doesn't seem much, but it gave us enough time to evacuate our wounded and many civilians in our last trains. Thanks to our resistance, they could travel safely to the east and leave Russia.

That was the last time that we acted as a coordinated army. After a bitter argument with Kolchak, Diterikhs resigned and emigrated to Harbin, in Manchuria. Kappel was appointed as the new Commander-in-Chief of the Eastern Front, but there was very little that he could actually do. Without most of our equipment, and without any means of transportation, planning coordinated actions between our remaining units was nearly impossible. Besides, we suffered a constant harassment by bands of partisans, and the foreign soldiers, especially the Czechs, were becoming increasingly hostile. All of us knew that the end was near."
Sim Pobedishi! - The Red East (1918-1920),23,Darkness falling: Novonikolayevsk,VICTORY,400,Crying souls: The Ice March (I),24,"We managed to stop the Red Army at the Obi for five days. It doesn't seem much, but it gave us enough time to evacuate our wounded and many civilians in our last trains. Thanks to our resistance, they could travel safely to the east and leave Russia.

That was the last time that we acted as a coordinated army. After a bitter argument with Kolchak, Diterikhs resigned and emigrated to Harbin, in Manchuria. Kappel was appointed as the new Commander-in-Chief of the Eastern Front, but there was very little that he could actually do. Without most of our equipment, and without any means of transportation, planning coordinated actions between our remaining units was nearly impossible. Besides, we suffered a constant harassment by bands of partisans, and the foreign soldiers, especially the Czechs, were becoming increasingly hostile. All of us knew that the end was near."
Sim Pobedishi! - The Red East (1918-1920),23,Darkness falling: Novonikolayevsk,TACTICAL,280,Crying souls: The Ice March (I),24,"We managed to stop the Red Army at the Obi for five days. It doesn't seem much, but it gave us enough time to evacuate our wounded and many civilians in our last trains. Thanks to our resistance, they could travel safely to the east and leave Russia.

That was the last time that we acted as a coordinated army. After a bitter argument with Kolchak, Diterikhs resigned and emigrated to Harbin, in Manchuria. Kappel was appointed as the new Commander-in-Chief of the Eastern Front, but there was very little that he could actually do. Without most of our equipment, and without any means of transportation, planning coordinated actions between our remaining units was nearly impossible. Besides, we suffered a constant harassment by bands of partisans, and the foreign soldiers, especially the Czechs, were becoming increasingly hostile. All of us knew that the end was near."
Sim Pobedishi! - The Red East (1918-1920),23,Darkness falling: Novonikolayevsk,LOSE,200,Crying souls: The Ice March (I),24,"Our resistance was heroic, but useless. Nothing coud stop the Red Army, and we had to retreat further into the east.

That was the last time that we acted as a coordinated army. After a bitter argument with Kolchak, Diterikhs resigned and emigrated to Harbin, in Manchuria. Kappel was appointed as the new Commander-in-Chief of the Eastern Front, but there was very little that he could actually do. Without most of our equipment, and without any means of transportation, planning coordinated actions between our remaining units was nearly impossible. Besides, we suffered a constant harassment by bands of partisans, and the foreign soldiers, especially the Czechs, were becoming increasingly hostile. All of us knew that the end was near."
Sim Pobedishi! - The Red East (1918-1920),24,Crying souls: The Ice March (I),BRILIANT,400,Once we were here: The Ice March (II),25,"At Krasnoyarsk we found some wagons and other vehicles that we used to advance faster without having to split our forces. We wanted to reach Irkutsk, where Kolchak was supposedly waiting for us. Then we could cross the Baikal and build a new line of defense.

But then, when we were very close to our destination, we learnt that there had been another Socialist-Revolutionary uprising in Irkutsk. The Czechs, pretending to be looking for a peaceful solution, had captured Kolchak and they were determined to hand him over to anyone who could grant them a safe passage to Vladivostok. Our garrisons and the cossack volunteers had been defeated by the Socialists or had switched sides. We were Kolchak's last and only hope. Kappel ordered us to go faster. We had to arrive in Irkutsk before it was too late."
Sim Pobedishi! - The Red East (1918-1920),24,Crying souls: The Ice March (I),VICTORY,400,Once we were here: The Ice March (II),25,"At Krasnoyarsk we found some wagons and other vehicles that we used to advance faster without having to split our forces. We wanted to reach Irkutsk, where Kolchak was supposedly waiting for us. Then we could cross the Baikal and build a new line of defense.

But then, when we were very close to our destination, we learnt that there had been another Socialist-Revolutionary uprising in Irkutsk. The Czechs, pretending to be looking for a peaceful solution, had captured Kolchak and they were determined to hand him over to anyone who could grant them a safe passage to Vladivostok. Our garrisons and the cossack volunteers had been defeated by the Socialists or had switched sides. We were Kolchak's last and only hope. Kappel ordered us to go faster. We had to arrive in Irkutsk before it was too late."
Sim Pobedishi! - The Red East (1918-1920),24,Crying souls: The Ice March (I),TACTICAL,280,Once we were here: The Ice March (II),25,"At Krasnoyarsk we found some wagons and other vehicles that we used to advance faster without having to split our forces. We wanted to reach Irkutsk, where Kolchak was supposedly waiting for us. Then we could cross the Baikal and build a new line of defense.

But then, when we were very close to our destination, we learnt that there had been another Socialist-Revolutionary uprising in Irkutsk. The Czechs, pretending to be looking for a peaceful solution, had captured Kolchak and they were determined to hand him over to anyone who could grant them a safe passage to Vladivostok. Our garrisons and the cossack volunteers had been defeated by the Socialists or had switched sides. We were Kolchak's last and only hope. Kappel ordered us to go faster. We had to arrive in Irkutsk before it was too late."
Sim Pobedishi! - The Red East (1918-1920),24,Crying souls: The Ice March (I),LOSE,0,CAMPAIGN END / DEFEAT,255,"Our assaults were unsuccessful. We had to bypass Krasnoyarsk and split our forces. There were several paths and railroads that crossed the taiga, but they weren't wide enough to allow us to march together. We made different groups, and all of them would have to reach Kansk, where we could regroup again.

Naturally, many people couldn't make it. Some of them surrendered to the Bolsheviks. Others were captured or died in combat. Many others froze to death in the woods, or trying to cross the rivers that we found.

And this is where my story ends. On January 10th, when our column had almost reached Kansk, a partisan sniper shot me in the chest. A few hours later Kappel fell in a frozen river. They took us to a village where they could take care of our wounds, but they were too serious. There was nothing that the doctors could do for us.  Lord Jesus Christ, Son of God, have mercy on me, a sinner.

As I'm writing these memoirs, I'm hearing Kappel in the other room. He's had his legs amputated, but the infection hasn't stopped. He'll die in a few days, but he's still giving instructions. He's saying something about assaulting Irkutsk and freeing Kolchak. I don't know what he means. I'm feeling very sick, and I know that I only have a few hours left. All I want is to finish this story before the end comes. People must know what happened. I won't be able to tell anyone, but at least there will be a way to read it."
Sim Pobedishi! - The Red East (1918-1920),25,Once we were here: The Ice March (II),BRILIANT,0,Unknown (ID 254),254,"It was incredible. We could rescue Kolchak and most of us crossed the Baikal and arrived safely in Chita. Unfortunately, not everyone did it. Thousands of people, including women and children, died along the way. We didn't have time, strength or resources to bury them, so we left them in the places where they fell. Actually, sometimes they didn't fall. They froze to death while they were standing, and they remained there, as ice statues on the snow, until the spring came and the waters of the lake swallowed them. 

A part of me can't help but pity the Socialist- Revolutionaries that stayed in Irkutsk. Their destiny was terrible. They didn't like us, but they soon learnt that the Bolsheviks were much worse than us.

As I've said, in the end we arrived in Chita. Kolchak and Kappel thought about continue the fighting in Trans- Baikal, but it was obvious that we didn't have an army anymore. We could convince them that the war was lost, and our only option was to cross the Chinese border and go into exile. The cossacks helped us to do it, and in April we finished the evacuation.

Once in China, all of us went different ways. Most émigrés went to Eastern Europe, but we actually ended up all around the world: France, the United Kingdom, America, Asia.  All the countries in the world had its share of exiled Russians. 

Problems didn't end when we left our country. Many prominent émigrés were murdered by Soviet agents. Many others went through very difficult times until they could adapt to their new lives. I was one of those. I knew that the war had ended, but somehow it still raged in my mind. I couldn't find peace. I couldn't rest, or sleep. I couldn't keep any job. I was desperate, and I wished that I had died in Russia.

It wasn't just because we had lost the civil war. It was more than that. I had lost everything that I held dear: my country, my loved ones, my sovereign. In one word, my identity. I had lost my purpose in life. 

So, when they told me that the Spanish Army was looking for foreign volunteers to fight in Morocco in their Legion, I didn't think it twice. I didn't want to be alive, so joining an elite unit whose nickname is ""the grooms of death"" seemed a perfect opportunity to leave this world doing what I was good at.

And I am still here. After all these years, death hasn't come for me yet. I can't say that I've been truly happy, but at least I've got used to my new life in the Legion and, although I don't know what the future holds for me, I am hopeful that things will get better.

The campaign is over. I hope you've liked it and thanks for playing.

Urica, 2018"
Sim Pobedishi! - The Red East (1918-1920),25,Once we were here: The Ice March (II),VICTORY,0,Unknown (ID 254),254,"It was incredible. We could rescue Kolchak and most of us crossed the Baikal and arrived safely in Chita. Unfortunately, not everyone did it. Thousands of people, including women and children, died along the way. We didn't have time, strength or resources to bury them, so we left them in the places where they fell. Actually, sometimes they didn't fall. They froze to death while they were standing, and they remained there, as ice statues on the snow, until the spring came and the waters of the lake swallowed them. 

A part of me can't help but pity the Socialist- Revolutionaries that stayed in Irkutsk. Their destiny was terrible. They didn't like us, but they soon learnt that the Bolsheviks were much worse than us.

As I've said, in the end we arrived in Chita. Kolchak and Kappel thought about continue the fighting in Trans- Baikal, but it was obvious that we didn't have an army anymore. We could convince them that the war was lost, and our only option was to cross the Chinese border and go into exile. The cossacks helped us to do it, and in April we finished the evacuation.

Once in China, all of us went different ways. Most émigrés went to Eastern Europe, but we actually ended up all around the world: France, the United Kingdom, America, Asia.  All the countries in the world had its share of exiled Russians. 

Problems didn't end when we left our country. Many prominent émigrés were murdered by Soviet agents. Many others went through very difficult times until they could adapt to their new lives. I was one of those. I knew that the war had ended, but somehow it still raged in my mind. I couldn't find peace. I couldn't rest, or sleep. I couldn't keep any job. I was desperate, and I wished that I had died in Russia.

It wasn't just because we had lost the civil war. It was more than that. I had lost everything that I held dear: my country, my loved ones, my sovereign. In one word, my identity. I had lost my purpose in life. 

So, when they told me that the Spanish Army was looking for foreign volunteers to fight in Morocco in their Legion, I didn't think it twice. I didn't want to be alive, so joining an elite unit whose nickname is ""the grooms of death"" seemed a perfect opportunity to leave this world doing what I was good at.

And I am still here. After all these years, death hasn't come for me yet. I can't say that I've been truly happy, but at least I've got used to my new life in the Legion and, although I don't know what the future holds for me, I am hopeful that things will get better.

The campaign is over. I hope you've liked it and thanks for playing.

Urica, 2018"
Sim Pobedishi! - The Red East (1918-1920),25,Once we were here: The Ice March (II),TACTICAL,0,Unknown (ID 254),254,"It was incredible. We could rescue Kolchak and most of us crossed the Baikal and arrived safely in Chita. Unfortunately, not everyone did it. Thousands of people, including women and children, died along the way. We didn't have time, strength or resources to bury them, so we left them in the places where they fell. Actually, sometimes they didn't fall. They froze to death while they were standing, and they remained there, as ice statues on the snow, until the spring came and the waters of the lake swallowed them. 

A part of me can't help but pity the Socialist- Revolutionaries that stayed in Irkutsk. Their destiny was terrible. They didn't like us, but they soon learnt that the Bolsheviks were much worse than us.

As I've said, in the end we arrived in Chita. Kolchak and Kappel thought about continue the fighting in Trans- Baikal, but it was obvious that we didn't have an army anymore. We could convince them that the war was lost, and our only option was to cross the Chinese border and go into exile. The cossacks helped us to do it, and in April we finished the evacuation.

Once in China, all of us went different ways. Most émigrés went to Eastern Europe, but we actually ended up all around the world: France, the United Kingdom, America, Asia.  All the countries in the world had its share of exiled Russians. 

Problems didn't end when we left our country. Many prominent émigrés were murdered by Soviet agents. Many others went through very difficult times until they could adapt to their new lives. I was one of those. I knew that the war had ended, but somehow it still raged in my mind. I couldn't find peace. I couldn't rest, or sleep. I couldn't keep any job. I was desperate, and I wished that I had died in Russia.

It wasn't just because we had lost the civil war. It was more than that. I had lost everything that I held dear: my country, my loved ones, my sovereign. In one word, my identity. I had lost my purpose in life. 

So, when they told me that the Spanish Army was looking for foreign volunteers to fight in Morocco in their Legion, I didn't think it twice. I didn't want to be alive, so joining an elite unit whose nickname is ""the grooms of death"" seemed a perfect opportunity to leave this world doing what I was good at.

And I am still here. After all these years, death hasn't come for me yet. I can't say that I've been truly happy, but at least I've got used to my new life in the Legion and, although I don't know what the future holds for me, I am hopeful that things will get better.

The campaign is over. I hope you've liked it and thanks for playing.

Urica, 2018"
Sim Pobedishi! - The Red East (1918-1920),25,Once we were here: The Ice March (II),LOSE,0,CAMPAIGN END / DEFEAT,255,"Everything was in vain. Kolchak was killed and we were forced to cross the frozen Baikal. I won't make it. I was wounded during the combats, and blood loss and cold will kill me very soon. Sadly, I won't be the only one. Thousands of people, including women and children, are dying as I write these last notes. We haven't got time, strength or resources to bury them, so we leave them where they fall. Actually, sometimes they don't fall. They freeze to death while they're standing, and they'll remain there, as ice statues on the snow, until the spring comes and the waters of the lake swallow them. 

I'll join them very soon. I'll give my notebook to one of my friends, and I hope that some day he'll be able to publish it. People need to know what happened. That will be my legacy when I'm gone. Lord Jesus Christ, Son of God, have mercy on me, a sinner."
Spartacus: The Slave Revolt (73-71 BC),0,AC 073 The escape from the gladiatorial school,BRILIANT,150,AC073 - Liberation of the surrounding area,1,Excellent !!! The way to freedom lies ahead ...
Spartacus: The Slave Revolt (73-71 BC),0,AC 073 The escape from the gladiatorial school,VICTORY,100,AC073 - Liberation of the surrounding area,1,Excellent !!! The way to freedom lies ahead ...
Spartacus: The Slave Revolt (73-71 BC),0,AC 073 The escape from the gladiatorial school,TACTICAL,0,AC073 - Liberation of the surrounding area,1,That was close - but the road to freedom lies ahead ...
Spartacus: The Slave Revolt (73-71 BC),0,AC 073 The escape from the gladiatorial school,LOSE,0,CAMPAIGN END / DEFEAT,255,"No freedom for us, but the effort was worth it ..."
Spartacus: The Slave Revolt (73-71 BC),1,AC073 - Liberation of the surrounding area,BRILIANT,150,AC 073 - Battle at Vesuvius (Schlacht am Vesus),2,Excellent !!! Now we are supplied with weapons and some food. Come on into the inaccessible terrain of Mount Vesuvius ...
Spartacus: The Slave Revolt (73-71 BC),1,AC073 - Liberation of the surrounding area,VICTORY,100,AC 073 - Battle at Vesuvius (Schlacht am Vesus),2,Good job !!! Now we are supplied with weapons and some food. Come on into the inaccessible terrain of Mount Vesuvius ...
Spartacus: The Slave Revolt (73-71 BC),1,AC073 - Liberation of the surrounding area,TACTICAL,50,AC 073 - Battle at Vesuvius (Schlacht am Vesus),2,That was close !!! Now we are supplied with weapons and some food. Come on into the inaccessible terrain of Mount Vesuvius ...
Spartacus: The Slave Revolt (73-71 BC),1,AC073 - Liberation of the surrounding area,LOSE,0,CAMPAIGN END / DEFEAT,255,"No freedom for us, but the effort was worth it ..."
Spartacus: The Slave Revolt (73-71 BC),2,AC 073 - Battle at Vesuvius (Schlacht am Vesus),BRILIANT,150,Conquest of Nola (Die Eroberung von Nola),3,Excellent !!! The first battle is over. Now it's time for a counterstrike ...
Spartacus: The Slave Revolt (73-71 BC),2,AC 073 - Battle at Vesuvius (Schlacht am Vesus),VICTORY,100,Conquest of Nola (Die Eroberung von Nola),3,Good job !!! The first battle is over. Now it's time for a counterstrike ...
Spartacus: The Slave Revolt (73-71 BC),2,AC 073 - Battle at Vesuvius (Schlacht am Vesus),TACTICAL,50,Conquest of Nola (Die Eroberung von Nola),3,You did it !!! The first battle is over. Now it's time for a counterstrike ...
Spartacus: The Slave Revolt (73-71 BC),2,AC 073 - Battle at Vesuvius (Schlacht am Vesus),LOSE,0,CAMPAIGN END / DEFEAT,255,"No freedom for us, but the effort was worth it ..."
Spartacus: The Slave Revolt (73-71 BC),3,Conquest of Nola (Die Eroberung von Nola),BRILIANT,150,Battle of Acerrae - Spartacus vs. Furius,4,Excellent !!! Nola burns and ye escape in time ...
Spartacus: The Slave Revolt (73-71 BC),3,Conquest of Nola (Die Eroberung von Nola),VICTORY,100,Battle of Acerrae - Spartacus vs. Furius,4,Good job !!! Nola burns and ye escape in time ...
Spartacus: The Slave Revolt (73-71 BC),3,Conquest of Nola (Die Eroberung von Nola),TACTICAL,50,Battle of Acerrae - Spartacus vs. Furius,4,You did it !!! Nola burns and ye escape in time ...
Spartacus: The Slave Revolt (73-71 BC),3,Conquest of Nola (Die Eroberung von Nola),LOSE,0,CAMPAIGN END / DEFEAT,255,"No freedom for us, but the effort was worth it ..."
Spartacus: The Slave Revolt (73-71 BC),4,Battle of Acerrae - Spartacus vs. Furius,BRILIANT,150,Battle near Salinae Heraclea,5,Excellent !!! Furius is beaten. Who is next?
Spartacus: The Slave Revolt (73-71 BC),4,Battle of Acerrae - Spartacus vs. Furius,VICTORY,100,Battle near Salinae Heraclea,5,You did it !!! Furius is beaten. Who is next?
Spartacus: The Slave Revolt (73-71 BC),4,Battle of Acerrae - Spartacus vs. Furius,TACTICAL,50,Battle near Salinae Heraclea,5,You did it !!! Furius is beaten. Who is next?
Spartacus: The Slave Revolt (73-71 BC),4,Battle of Acerrae - Spartacus vs. Furius,LOSE,50,CAMPAIGN END / DEFEAT,255,"No freedom for us, but the effort was worth it ..."
Spartacus: The Slave Revolt (73-71 BC),5,Battle near Salinae Heraclea,BRILIANT,200,AC 073 - Escape from the camp of slaves,6,Excellent !!! Cossinius is beaten. Now praetor Publius Varinius number is up !!!!
Spartacus: The Slave Revolt (73-71 BC),5,Battle near Salinae Heraclea,VICTORY,150,AC 073 - Escape from the camp of slaves,6,Good job !!! Cossinius is beaten. Now praetor Publius Varinius number is up !!!!
Spartacus: The Slave Revolt (73-71 BC),5,Battle near Salinae Heraclea,TACTICAL,100,AC 073 - Escape from the camp of slaves,6,You did it !!! Cossinius is beaten. Now praetor Publius Varinius number is up !!!!
Spartacus: The Slave Revolt (73-71 BC),5,Battle near Salinae Heraclea,LOSE,50,CAMPAIGN END / DEFEAT,255,"No freedom for us, but the effort was worth it ..."
Spartacus: The Slave Revolt (73-71 BC),6,AC 073 - Escape from the camp of slaves,BRILIANT,200,AC073 - Conquest of Nuceria,7,Excellent !!! Your flight was successful !!!
Spartacus: The Slave Revolt (73-71 BC),6,AC 073 - Escape from the camp of slaves,VICTORY,150,AC073 - Conquest of Nuceria,7,Good job !!! Your flight was successful !!!
Spartacus: The Slave Revolt (73-71 BC),6,AC 073 - Escape from the camp of slaves,TACTICAL,100,AC073 - Conquest of Nuceria,7,You did it !!! Your flight was successful !!!
Spartacus: The Slave Revolt (73-71 BC),6,AC 073 - Escape from the camp of slaves,LOSE,50,CAMPAIGN END / DEFEAT,255,"No freedom for us, but the effort was worth it ..."
Spartacus: The Slave Revolt (73-71 BC),7,AC073 - Conquest of Nuceria,BRILIANT,200,AC 073 - Destruction of Varinius at Picentia,8,Excellent !!! Nuceria is conquered and a part of Varinius Troops are destroyed.
Spartacus: The Slave Revolt (73-71 BC),7,AC073 - Conquest of Nuceria,VICTORY,150,AC 073 - Destruction of Varinius at Picentia,8,Good job !!! Nuceria is conquered and a part of Varinius Troops are destroyed.
Spartacus: The Slave Revolt (73-71 BC),7,AC073 - Conquest of Nuceria,TACTICAL,100,AC 073 - Destruction of Varinius at Picentia,8,You did it !!! Nuceria is conquered and a part of Varinius Troops are destroyed.
Spartacus: The Slave Revolt (73-71 BC),7,AC073 - Conquest of Nuceria,LOSE,50,CAMPAIGN END / DEFEAT,255,"No freedom for us, but the effort was worth it ..."
Spartacus: The Slave Revolt (73-71 BC),8,AC 073 - Destruction of Varinius at Picentia,BRILIANT,200,AC 072 - Spartacus or Krixos,9,Excellent !!! Picentia is conquered and Varinius Troops have been nearly exterminated.
Spartacus: The Slave Revolt (73-71 BC),8,AC 073 - Destruction of Varinius at Picentia,VICTORY,150,AC 072 - Spartacus or Krixos,9,Good job !!! Picentia ist conquered and Varinius Troops have been nearly exterminated.
Spartacus: The Slave Revolt (73-71 BC),8,AC 073 - Destruction of Varinius at Picentia,TACTICAL,100,AC 072 - Spartacus or Krixos,9,You did it !!! Picentia ist conquered and Varinius Troops have been nearly exterminated.
Spartacus: The Slave Revolt (73-71 BC),8,AC 073 - Destruction of Varinius at Picentia,LOSE,50,CAMPAIGN END / DEFEAT,255,"No freedom for us, but the effort was worth it ..."
Spartacus: The Slave Revolt (73-71 BC),9,AC 072 - Spartacus or Krixos,BRILIANT,200,AC 072 - Battle of Mons Garganos,10,You go with Krixos and the Celts. On to glorius Battles...
Spartacus: The Slave Revolt (73-71 BC),9,AC 072 - Spartacus or Krixos,VICTORY,150,AC 072 - Battle against Lentullus,12,You go with Spartacus. On to the North...
Spartacus: The Slave Revolt (73-71 BC),9,AC 072 - Spartacus or Krixos,TACTICAL,100,AC 072 - Battle against Lentullus,12,
Spartacus: The Slave Revolt (73-71 BC),9,AC 072 - Spartacus or Krixos,LOSE,50,CAMPAIGN END / DEFEAT,255,Couldn´t you elect neither of the ways to use?
Spartacus: The Slave Revolt (73-71 BC),10,AC 072 - Battle of Mons Garganos,BRILIANT,200,AC 072 Battle against L. Gellius Poplicola,11,Excellent !!! Arrius is defeated - now L. Gellius Poplicola is waiting ...
Spartacus: The Slave Revolt (73-71 BC),10,AC 072 - Battle of Mons Garganos,VICTORY,150,AC 072 Battle against L. Gellius Poplicola,11,Good job !!! Arrius is defeated - now L. Gellius Poplicola is waiting ...
Spartacus: The Slave Revolt (73-71 BC),10,AC 072 - Battle of Mons Garganos,TACTICAL,100,AC 072 Battle against L. Gellius Poplicola,11,You did it !!! Arrius is defeated - now L. Gellius Poplicola is waiting ...
Spartacus: The Slave Revolt (73-71 BC),10,AC 072 - Battle of Mons Garganos,LOSE,50,CAMPAIGN END / DEFEAT,255,"No freedom for us, but the effort was worth it ..."
Spartacus: The Slave Revolt (73-71 BC),11,AC 072 Battle against L. Gellius Poplicola,BRILIANT,200,AC 072 - Battle at Gallia Cisalpina (Schlacht bei Gallia Cisalpina),14,Excellent !!! Gellius is defeated - now it is time to move again with Spatacus ...
Spartacus: The Slave Revolt (73-71 BC),11,AC 072 Battle against L. Gellius Poplicola,VICTORY,150,AC 072 - Battle at Gallia Cisalpina (Schlacht bei Gallia Cisalpina),14,Good job !!! Gellisu is defeated - now it is time to move again with Spatacus ...
Spartacus: The Slave Revolt (73-71 BC),11,AC 072 Battle against L. Gellius Poplicola,TACTICAL,100,AC 072 - Battle at Gallia Cisalpina (Schlacht bei Gallia Cisalpina),14,You did it !!! Gellius is defeated - now it is time to move again with Spatacus ...
Spartacus: The Slave Revolt (73-71 BC),11,AC 072 Battle against L. Gellius Poplicola,LOSE,50,CAMPAIGN END / DEFEAT,255,"No freedom for us, but the effort was worth it ..."
Spartacus: The Slave Revolt (73-71 BC),12,AC 072 - Battle against Lentullus,BRILIANT,200,AC072 - revenge for Krixos (Rache für Krixos),13,"Excellent !!! Lentus is defeated - now we turn south, heading to Poplicola and Arrius ..."
Spartacus: The Slave Revolt (73-71 BC),12,AC 072 - Battle against Lentullus,VICTORY,150,AC072 - revenge for Krixos (Rache für Krixos),13,"Good job !!! Lentus is defeated - now we turn south, heading to Poplicola and Arrius ..."
Spartacus: The Slave Revolt (73-71 BC),12,AC 072 - Battle against Lentullus,TACTICAL,100,AC072 - revenge for Krixos (Rache für Krixos),13,You did it !!! Lentus is defeated - now we turn south heading to Poplicola and Arrius ...
Spartacus: The Slave Revolt (73-71 BC),12,AC 072 - Battle against Lentullus,LOSE,50,CAMPAIGN END / DEFEAT,255,"No freedom for us, but the effort was worth it ..."
Spartacus: The Slave Revolt (73-71 BC),13,AC072 - revenge for Krixos (Rache für Krixos),BRILIANT,200,AC 072 - Battle at Gallia Cisalpina (Schlacht bei Gallia Cisalpina),14,"Excellent !!! Gellius is defeated, now is the time for Crixus obsequies and then go further north to freedom ..."
Spartacus: The Slave Revolt (73-71 BC),13,AC072 - revenge for Krixos (Rache für Krixos),VICTORY,150,AC 072 - Battle at Gallia Cisalpina (Schlacht bei Gallia Cisalpina),14,"good job !!! Gellius is defeated, now is the time for Crixus obsequies and then go further north to freedom ..."
Spartacus: The Slave Revolt (73-71 BC),13,AC072 - revenge for Krixos (Rache für Krixos),TACTICAL,100,AC 072 - Battle at Gallia Cisalpina (Schlacht bei Gallia Cisalpina),14,"You did it !!! Gellius is defeated, now is the time for Crixus obsequies and then go further north to freedom ..."
Spartacus: The Slave Revolt (73-71 BC),13,AC072 - revenge for Krixos (Rache für Krixos),LOSE,50,CAMPAIGN END / DEFEAT,255,"No freedom for us, but the effort was worth it ..."
Spartacus: The Slave Revolt (73-71 BC),14,AC 072 - Battle at Gallia Cisalpina (Schlacht bei Gallia Cisalpina),BRILIANT,200,AC 072 - Battle at Firmum Picenum (Schlacht bei Firmum Picenum),15,"Excellent !!! Manlius and Longinus are defeated, Excellent !!! Manlius and Longinus are defeated, now we can cross over the Alps !
But, do we want to run away forever and be eaten away by diseases in the cold of the northern countrys ?
No, let us rather draw south again. This will open up new opportuninies."
Spartacus: The Slave Revolt (73-71 BC),14,AC 072 - Battle at Gallia Cisalpina (Schlacht bei Gallia Cisalpina),VICTORY,150,AC 072 - Battle at Firmum Picenum (Schlacht bei Firmum Picenum),15,"Good job !!! Manlius and Longinus are defeated, Excellent !!! Manlius and Longinus are defeated, now we can cross over the Alps !
But, do we want to run away forever and be eaten away by diseases in the cold of the northern countrys ?
No, let us rather draw south again. This will open up new opportuninies."
Spartacus: The Slave Revolt (73-71 BC),14,AC 072 - Battle at Gallia Cisalpina (Schlacht bei Gallia Cisalpina),TACTICAL,100,AC 072 - Battle at Firmum Picenum (Schlacht bei Firmum Picenum),15,"You did it !!! Manlius and Longinus are defeated, now we can cross over the Alps !
But, do we want to run away forever and be eaten away by diseases in the cold of the northern countrys ?
No, let us rather draw south again. This will open up new opportuninies."
Spartacus: The Slave Revolt (73-71 BC),14,AC 072 - Battle at Gallia Cisalpina (Schlacht bei Gallia Cisalpina),LOSE,50,CAMPAIGN END / DEFEAT,255,"No freedom for us, but the effort was worth it ..."
Spartacus: The Slave Revolt (73-71 BC),15,AC 072 - Battle at Firmum Picenum (Schlacht bei Firmum Picenum),BRILIANT,200,AC 071 - break the siege,16,Excellent !!! The road to the south is now free. Let's go for The Boot of the world ...
Spartacus: The Slave Revolt (73-71 BC),15,AC 072 - Battle at Firmum Picenum (Schlacht bei Firmum Picenum),VICTORY,150,AC 071 - break the siege,16,Good job !!! The road to the south is now free. Let's go for The Boot of the world ...
Spartacus: The Slave Revolt (73-71 BC),15,AC 072 - Battle at Firmum Picenum (Schlacht bei Firmum Picenum),TACTICAL,100,AC 071 - break the siege,16,You did it !!! The road to the south is now free. Let's go for The Boot of the world ...
Spartacus: The Slave Revolt (73-71 BC),15,AC 072 - Battle at Firmum Picenum (Schlacht bei Firmum Picenum),LOSE,0,CAMPAIGN END / DEFEAT,255,"No freedom for us, but the effort was worth it ..."
Spartacus: The Slave Revolt (73-71 BC),16,AC 071 - break the siege,BRILIANT,200,AC071 Attack on the camp of the Celts,17,Excellent !!! The way into the interior of the country is open now. On to the farms with the fattened Pigs...
Spartacus: The Slave Revolt (73-71 BC),16,AC 071 - break the siege,VICTORY,150,AC071 Attack on the camp of the Celts,17,Good job !!! The way into the interior of the country is open now. On to the farms with the fattened Pigs...
Spartacus: The Slave Revolt (73-71 BC),16,AC 071 - break the siege,TACTICAL,100,AC071 Attack on the camp of the Celts,17,You did it !!! The way into the interior of the country is open now. On to the farms with the fattened Pigs...
Spartacus: The Slave Revolt (73-71 BC),16,AC 071 - break the siege,LOSE,0,CAMPAIGN END / DEFEAT,255,"No freedom for us, but the effort was worth it ..."
Spartacus: The Slave Revolt (73-71 BC),17,AC071 Attack on the camp of the Celts,BRILIANT,200,AC 071- Battle of Paestum,18,Excellent !!! You have rescued the Celts. But now there is staying a new strong opponent in front of you. Pompeius is back in the Country. Get armed !!!
Spartacus: The Slave Revolt (73-71 BC),17,AC071 Attack on the camp of the Celts,VICTORY,150,AC 071- Battle of Paestum,18,Good job !!! You have rescued the Celts. But now there is staying a new strong opponent in front of you. Pompeius is back in the Country. Get armed !!!
Spartacus: The Slave Revolt (73-71 BC),17,AC071 Attack on the camp of the Celts,TACTICAL,100,AC 071- Battle of Paestum,18,You did it !!! You have rescued the Celts. But now there is staying a new strong opponent in front of you. Pompeius is back in the Country. Get armed !!!
Spartacus: The Slave Revolt (73-71 BC),17,AC071 Attack on the camp of the Celts,LOSE,50,AC 071- Battle of Paestum,18,You haven`t rescued the Celts. Now try to rescue yourself! There is staying a new strong opponent in front of you. Pompeius is back in the Country. Get armed !!!
Spartacus: The Slave Revolt (73-71 BC),18,AC 071- Battle of Paestum,BRILIANT,0,Unknown (ID 254),254,Crassus and Pompeius are running away. Rome is defenceless. You are offered to have a free live and the Province of Galicia for your entourage !!! The Mission is accomplished. Congratulations !!!
Spartacus: The Slave Revolt (73-71 BC),18,AC 071- Battle of Paestum,VICTORY,0,Unknown (ID 254),254,Crassus and Pompeius are running away. Rome is defenceless. You are offered to have a free live and the Province of Galicia for your entourage !!! The Mission is accomplished. Congratulations !!!
Spartacus: The Slave Revolt (73-71 BC),18,AC 071- Battle of Paestum,TACTICAL,0,Unknown (ID 254),254,Crassus and Pompeius are running away. Rome is defenceless. You are offered to have a free live and the Province of Galicia for your entourage !!! The Mission is accomplished. Congratulations !!!
Spartacus: The Slave Revolt (73-71 BC),18,AC 071- Battle of Paestum,LOSE,0,CAMPAIGN END / DEFEAT,255,To live and to die is the way of the world. Things are now to be seen historical. You have written history...
The Defeat of Denikin (1918-1920),0,The Ice March,BRILIANT,280,Tragedy at Ekaterinodar,1,"After weeks of fierce fighting and ruthless weather we've crossed the white hell and reached the Kuban, just to see that Ekaterinodar has also fallen into the hands of the Bolsheviks. Despite all our efforts, our fate seems to be sealed."
The Defeat of Denikin (1918-1920),0,The Ice March,VICTORY,280,Tragedy at Ekaterinodar,1,"After weeks of fierce fighting and ruthless weather we've crossed the white hell and reached the Kuban, just to see that Ekaterinodar has also fallen into the hands of the Bolsheviks. Despite all our efforts, our fate seems to be sealed."
The Defeat of Denikin (1918-1920),0,The Ice March,TACTICAL,240,Tragedy at Ekaterinodar,1,"After weeks of fierce fighting and ruthless weather we've crossed the white hell and reached the Kuban, just to see that Ekaterinodar has also fallen into the hands of the Bolsheviks. Despite all our efforts, our fate seems to be sealed."
The Defeat of Denikin (1918-1920),0,The Ice March,LOSE,200,Tragedy at Ekaterinodar,1,"After weeks of fierce fighting and ruthless weather, and after losing  many brave soldiers and  civilians that counted on our protection, we've crossed the white hell and reached the Kuban, just to see that Ekaterinodar has also fallen into the hands of the Bolsheviks. Despite all our efforts, our fate seems to be sealed."
The Defeat of Denikin (1918-1920),1,Tragedy at Ekaterinodar,BRILIANT,300,Belaya Glina,2,"Kornilov's death has been a terrible blow for us. Without his leadership many veteran warriors look lost now, like orphaned children without their father. The morale of our army has sunk. Alekseyev and Denikin have taken command and, knowing that it will take some time for our troops to recover, they have ordered us back to the Don River region. 
Another great problem is that Alekseyev is very ill. He's been trying to hide it, but we know he's suffering from cancer and heart disease. I wonder how long he'll be able to endure the unhealthy conditions we're living in.

At least the Bolsheviks have taken many losses, so they won't pursue us. And in the north, since the Don Cossacks have risen against the Reds and the German Army is getting close to Rostov, the power of the communists has been severely weakened. They won't be able to bother us, so we'll rest for some weeks and start a new offensive as soon as we can."
The Defeat of Denikin (1918-1920),1,Tragedy at Ekaterinodar,VICTORY,300,Belaya Glina,2,"Kornilov's death has been a terrible blow for us. Without his leadership many veteran warriors look lost now, like orphaned children without their father. The morale of our army has sunk. Alekseyev and Denikin have taken command and, knowing that it will take some time for our troops to recover, they have ordered us back to the Don River region. 
Another great problem is that Alekseyev is very ill. He's been trying to hide it, but we know he's suffering from cancer and heart disease. I wonder how long he'll be able to endure the unhealthy conditions we're living in.

At least the Bolsheviks have taken many losses, so they won't pursue us. And in the north, since the Don Cossacks have risen against the Reds and the German Army is getting close to Rostov, the power of the communists has been severely weakened. They won't be able to bother us, so we'll rest for some weeks and start a new offensive as soon as we can."
The Defeat of Denikin (1918-1920),1,Tragedy at Ekaterinodar,TACTICAL,300,Belaya Glina,2,"Kornilov's death has been a terrible blow for us. Without his leadership many veteran warriors look lost now, like orphaned children without their father. The morale of our army has sunk. Alekseyev and Denikin have taken command and, knowing that it will take some time for our troops to recover, they have ordered us back to the Don River region. 
Another great problem is that Alekseyev is very ill. He's been trying to hide it, but we know he's suffering from cancer and heart disease. I wonder how long he'll be able to endure the unhealthy conditions we're living in.

At least the Bolsheviks have taken many losses, so they won't pursue us. And in the north, since the Don Cossacks have risen against the Reds and the German Army is getting close to Rostov, the power of the communists has been severely weakened. They won't be able to bother us, so we'll rest for some weeks and start a new offensive as soon as we can."
The Defeat of Denikin (1918-1920),1,Tragedy at Ekaterinodar,LOSE,260,Belaya Glina,2,"Kornilov's death has been a terrible blow for us. Without his leadership many veteran warriors look lost now, like orphaned children without their father. The morale of our army has sunk. Alekseyev and Denikin have taken command and, knowing that it will take some time for our troops to recover, they have ordered us back to the Don River region. 
Another great problem is that Alekseyev is very ill. He's been trying to hide it, but we know he's suffering from cancer and heart disease. I wonder how long he'll be able to endure the unhealthy conditions we're living in.

At least the Bolsheviks have taken many losses, so they won't pursue us. And in the north, since the Don Cossacks have risen against the Reds and the German Army is getting close to Rostov, the power of the communists has been severely weakened. They won't be able to bother us, so we'll rest for some weeks and start a new offensive as soon as we can."
The Defeat of Denikin (1918-1920),2,Belaya Glina,BRILIANT,240,The liberation of Ekaterinodar,3,"Although badly outnumbered, my troops have behaved at the battlefield much better than the Bolsheviks. Now the railroad is clear of enemies, we have taken lots of supplies, and many prisoners have joined our ranks. Tikhoretskaya will fall pretty soon, and then the way to Ekaterinodar will be open."
The Defeat of Denikin (1918-1920),2,Belaya Glina,VICTORY,240,The liberation of Ekaterinodar,3,"Although badly outnumbered, my troops have behaved at the battlefield much better than the Bolsheviks. Now the railroad is clear of enemies, we have taken lots of supplies, and many prisoners have joined our ranks. Tikhoretskaya will fall pretty soon, and then the way to Ekaterinodar will be open."
The Defeat of Denikin (1918-1920),2,Belaya Glina,TACTICAL,200,The liberation of Ekaterinodar,3,"Although badly outnumbered, my troops have behaved at the battlefield much better than the Bolsheviks. Now the railroad is clear of enemies, we have taken lots of supplies, and many prisoners have joined our ranks. Tikhoretskaya will fall pretty soon, and then the way to Ekaterinodar will be open."
The Defeat of Denikin (1918-1920),2,Belaya Glina,LOSE,200,The liberation of Ekaterinodar,3,"Although my troops did their best, only with the arrival of our cossack reserves could we overcome the Bolsheviks. At least the railroad is clear of enemies now, we have taken lots of supplies, and many prisoners have joined our ranks. Tikhoretskaya will fall pretty soon, and then the way to Ekaterinodar will be open."
The Defeat of Denikin (1918-1920),3,The liberation of Ekaterinodar,BRILIANT,400,Novorossiysk,4,"(...) And step by step, working hard, we made most of those dreams come true. We did it once, and now we'll do it again. This revolution won't defeat us. We may be a little older, but by no means weaker than when we started our story.

Our victory in the Kuban is almost complete. Ekaterinodar is ours at last, and our army is growing. It won't be long until we can meet again. Hopefully, just a few months. I miss all of you very much, but I must still  be patient. Don't forget to tell Yuri and the girls that his father thinks about them every day. Tell them how we're fighting for our country, and for their future.

Goodbye dearest Katya, my first and only love...Believe me ever to be your devoted and loving husband,

Sergey"
The Defeat of Denikin (1918-1920),3,The liberation of Ekaterinodar,VICTORY,400,Novorossiysk,4,"(...) And step by step, working hard, we made most of those dreams come true. We did it once, and now we'll do it again. This revolution won't defeat us. We may be a little older, but by no means weaker than when we started our story.

Our victory in the Kuban is almost complete. Ekaterinodar is ours at last, and our army is growing. It won't be long until we can meet again. Hopefully, just a few months. I miss all of you very much, but I must still  be patient. Don't forget to tell Yuri and the girls that his father thinks about them every day. Tell them how we're fighting for our country, and for their future.

Goodbye dearest Katya, my first and only love...Believe me ever to be your devoted and loving husband,

Sergey"
The Defeat of Denikin (1918-1920),3,The liberation of Ekaterinodar,TACTICAL,320,Novorossiysk,4,"(...) And step by step, working hard, we made most of those dreams come true. We did it once, and now we'll do it again. This revolution won't defeat us. We may be a little older, but by no means weaker than when we started our story.

Our victory in the Kuban is almost complete. Ekaterinodar is ours at last, and our army is growing. It won't be long until we can meet again. Hopefully, just a few months. I miss all of you very much, but I must still  be patient. Don't forget to tell Yuri and the girls that his father thinks about them every day. Tell them how we're fighting for our country, and for their future.

Goodbye dearest Katya, my first and only love...Believe me ever to be your devoted and loving husband,

Sergey"
The Defeat of Denikin (1918-1920),3,The liberation of Ekaterinodar,LOSE,320,Novorossiysk,4,"(...) And step by step, working hard, we made most of those dreams come true. We did it once, and now we'll do it again. This revolution won't defeat us. We may be a little older, but by no means weaker than when we started our story.

Our victory in the Kuban is almost complete. Ekaterinodar is ours at last, and our army is growing. I was wounded in the battle and I couldn't lead the main operations, but don't fear. It's nothing too serious, and in a couple of months I'll be fully recovered.

It won't be long until we can meet again. Hopefully, just a few months. I miss all of you very much, but I must still  be patient. Don't forget to tell Yuri and the girls that his father thinks about them every day. Tell them how we're fighting for our country, and for their future.

Goodbye, dearest Katya, my first and only love...Believe me ever to be your devoted and loving husband,

Sergey"
The Defeat of Denikin (1918-1920),4,Novorossiysk,BRILIANT,400,Stavropol,5,"Novorossiysk is ours. Soon the first ships with supplies and reinforcement troops will arrive. I've been told that General Wrangel will be among them.
This town will be a good place for our families. Katya has decided that she'll travel here in January, so the family will be together again. Those news are almost better than my victory over the Reds.

The Reds. They've got good reasons to be worried. Most of the Taman Army Group has been destroyed or is trapped between the hills and the sea. In the next weeks we'll clean this area. The Bolsheviks will face surrender or extermination. It'll be a great blow for the Red Army of the Northern Caucasus. But not the last one. Denikin has informed me that the remaining Communist soldiers are heading south, to Armavir and Stavropol."
The Defeat of Denikin (1918-1920),4,Novorossiysk,VICTORY,400,Stavropol,5,"Novorossiysk is ours. Soon the first ships with supplies and reinforcement troops will arrive. I've been told that General Wrangel will be among them.
This town will be a good place for our families. Katya has decided that she'll travel here in January, so the family will be together again. Those news are almost better than my victory over the Reds.

The Reds. They've got good reasons to be worried. Most of the Taman Army Group has been destroyed or is trapped between the hills and the sea. In the next weeks we'll clean this area. The Bolsheviks will face surrender or extermination. It'll be a great blow for the Red Army of the Northern Caucasus. But not the last one. Denikin has informed me that the remaining Communist soldiers are heading south, to Armavir and Stavropol."
The Defeat of Denikin (1918-1920),4,Novorossiysk,TACTICAL,320,Stavropol,5,"Novorossiysk is ours. Soon the first ships with supplies and reinforcement troops will arrive. I've been told that General Wrangel will be among them.
This town will be a good place for our families. Katya has decided that she'll travel here in January, so the family will be together again. Those news are almost better than my victory over the Reds.

The Reds. They've got good reasons to be worried. Most of the Taman Army Group has been destroyed or is trapped between the hills and the sea. In the next weeks we'll clean this area. The Bolsheviks will face surrender or extermination. It'll be a great blow for the Red Army of the Northern Caucasus. But not the last one. Denikin has informed me that the remaining Communist soldiers are heading south, to Armavir and Stavropol."
The Defeat of Denikin (1918-1920),4,Novorossiysk,LOSE,320,Stavropol,5,"Novorossiysk is ours. Soon the first ships with supplies and reinforcement troops will arrive. I've been told that General Wrangel will be among them.
This town will be a good place for our families. Katya has decided that she'll travel here in January, so the family will be together again. Those are great news.

However, most of the Taman Army Group has managed to escape and has joined the Red Army of the Northern Caucasus. Now they are heading south, to Armavir and Stavropol."
The Defeat of Denikin (1918-1920),5,Stavropol,BRILIANT,320,Grozny,6,"Finally, after so many months of endless fighting, we've expelled the Communists from the Kuban. The remnants of the 11th Army have escaped to the Terek, but their defeat has been so absolute that I doubt they'll recover from it. Surely they'll merge with the 12th Army, that is currently dealing with a cossack rebellion against the Reds. Soon they'll have to deal with us, too. The Terek is our next objective."
The Defeat of Denikin (1918-1920),5,Stavropol,VICTORY,320,Grozny,6,"Finally, after so many months of endless fighting, we've expelled the Communists from the Kuban. The remnants of the 11th Army have escaped to the Terek, but their defeat has been so absolute that I doubt they'll recover from it. Surely they'll merge with the 12th Army, that is currently dealing with a cossack rebellion against the Reds. Soon they'll have to deal with us, too. The Terek is our next objective."
The Defeat of Denikin (1918-1920),5,Stavropol,TACTICAL,260,Grozny,6,"Finally, after so many months of endless fighting, we've expelled the Communists from the Kuban. The remnants of the 11th Army have escaped to the Terek, but their defeat has been so absolute that I doubt they'll recover from it. Surely they'll merge with the 12th Army, that is currently dealing with a cossack rebellion against the Reds. Soon they'll have to deal with us, too. The Terek is our next objective."
The Defeat of Denikin (1918-1920),5,Stavropol,LOSE,260,Grozny,6,"Finally, after so many months of endless fighting, we've expelled the Communists from the Kuban. Although I must confess that I wouldn't have been able to take Stavropol without Wrangel's timely help.

The remnants of the 11th Army have escaped to the Terek, but their defeat has been so absolute that I doubt they'll recover from it. Surely they'll merge with the 12th Army, that is currently dealing with a cossack rebellion against the Reds. Soon they'll have to deal with us, too. The Terek is our next objective."
The Defeat of Denikin (1918-1920),6,Grozny,BRILIANT,400,Operation Manych,7,"The Terek is in our hands. Some Soviet units have fled to the steppes of Astrakhan, where they'll hardly get any supplies, so they won't be able to bother us there.
Some Chechen and Ingush guerrillas still roam the mountains of the Caucasus, but they aren't very powerful. The local cossack garrisons will handle them. I wish there was a way to convince them to join our army, but I think it's unlikely to happen. Anyway, that isn't too important. Now I just have to think about reinforcing our Northern front.

My troops must go there as soon as possible. We'll rest a couple of days in Novorossiysk and then we'll march to the Manych. The Soviets have launched a very dangerous counterattack there, that might split our forces in two."
The Defeat of Denikin (1918-1920),6,Grozny,VICTORY,400,Operation Manych,7,"The Terek is in our hands. Some Soviet units have fled to the steppes of Astrakhan, where they'll hardly get any supplies, so they won't be able to bother us there.
Some Chechen and Ingush guerrillas still roam the mountains of the Caucasus, but they aren't very powerful. The local cossack garrisons will handle them. I wish there was a way to convince them to join our army, but I think it's unlikely to happen. Anyway, that isn't too important. Now I just have to think about reinforcing our Northern front.

My troops must go there as soon as possible. We'll rest a couple of days in Novorossiysk and then we'll march to the Manych. The Soviets have launched a very dangerous counterattack there, that might split our forces in two."
The Defeat of Denikin (1918-1920),6,Grozny,TACTICAL,320,Operation Manych,7,"The Terek is in our hands. Some Soviet units have fled to the steppes of Astrakhan, where they'll hardly get any supplies, so they won't be able to bother us there.
Some Chechen and Ingush guerrillas still roam the mountains of the Caucasus, but they aren't very powerful. The local cossack garrisons will handle them. I wish there was a way to convince them to join our army, but I think it's unlikely to happen. Anyway, that isn't too important. Now I just have to think about reinforcing our Northern front.

My troops must go there as soon as possible. We'll rest a couple of days in Novorossiysk and then we'll march to the Manych. The Soviets have launched a very dangerous counterattack there, that might split our forces in two."
The Defeat of Denikin (1918-1920),6,Grozny,LOSE,320,Operation Manych,7,"I've needed the help of our fresh troops, but the Terek is in our hands. Some Soviet units have fled to the steppes of Astrakhan, where they'll hardly get any supplies, so they won't be able to bother us there.
Some Chechen and Ingush guerrillas still roam the mountains of the Caucasus, but they aren't very powerful. The local cossack garrisons will handle them. I wish there was a way to convince them to join our army, but I think it's unlikely to happen. Anyway, that isn't too important. Now I just have to think about reinforcing our Northern front.

My troops must go there as soon as possible. We'll rest a couple of days in Novorossiysk and then we'll march to the Manych. The Soviets have launched a very dangerous counterattack there, that might split our forces in two."
The Defeat of Denikin (1918-1920),7,Operation Manych,BRILIANT,160,Tsaritsyn,8,"The 10th Army has been completely routed. Our right flank is secured, and now we can finally help the Don cossacks at Tsaritsyn."
The Defeat of Denikin (1918-1920),7,Operation Manych,VICTORY,160,Tsaritsyn,8,"The 10th Army has been completely routed. Our right flank is secured, and now we can finally help the Don cossacks at Tsaritsyn."
The Defeat of Denikin (1918-1920),7,Operation Manych,TACTICAL,120,Tsaritsyn,8,"The 10th Army has been completely routed. Our right flank is secured, and now we can finally help the Don cossacks at Tsaritsyn."
The Defeat of Denikin (1918-1920),7,Operation Manych,LOSE,120,Tsaritsyn,8,"I couldn't retake Velikoknyazheskaya, but at least the offensive of the 10th Army has stopped. The Bolsheviks have understood that staying on this bank of the Manych is becoming dangerous for them, so they have retreated. Now our right flank is secured and we can finally help the Don cossacks at Tsaritsyn."
The Defeat of Denikin (1918-1920),8,Tsaritsyn,BRILIANT,320,Oboyan,9,"Everything has gone as planned. We're marching along the streets of Tsaritsyn while many peope cheer us. I wonder if they cheered the Bolsheviks before, too. 
In the west, in Ukraine, we've also taken Kharkov. We've found tons of weapons, guns and ammunition, and the number of our soldiers is greater than ever. Now we're truly the Armed Forces of Southern Russia.

Now it's time for thinking on our next move. Against Wranglel's objections, Denikin has decided that we won't try to join Kolchak's forces. Instead, he has ordered an offensive on Moscow. I don't fully agree with him. It's true that if we go in search of Kolchak we could lose the Donbass, the Kuban and the other cossack territories that we control right now. But united we would be stronger. We could defeat the Bolsheviks more easily, and even inflict them a definitive blow. Later, we could always recover the regions that we had to leave behind. 
I fear that if we're divided the Reds will have an advantage on us. We'll have to take more risks and, if anything goes wrong, we could pay a very high price.

Well, there is nothing that I can do. Denikin is in my commander in chief and the decision is made. He's told me that he'll send me to the west in a couple of weeks, but first I must talk to the popes. Anatoly and Olga want to marry in Tsaritsyn in a few days, and I must make some arrangements."
The Defeat of Denikin (1918-1920),8,Tsaritsyn,VICTORY,320,Oboyan,9,"Everything has gone as planned. We're marching along the streets of Tsaritsyn while many peope cheer us. I wonder if they cheered the Bolsheviks before, too. 
In the west, in Ukraine, we've also taken Kharkov. We've found tons of weapons, guns and ammunition, and the number of our soldiers is greater than ever. Now we're truly the Armed Forces of Southern Russia.

Now it's time for thinking on our next move. Against Wranglel's objections, Denikin has decided that we won't try to join Kolchak's forces. Instead, he has ordered an offensive on Moscow. I don't fully agree with him. It's true that if we go in search of Kolchak we could lose the Donbass, the Kuban and the other cossack territories that we control right now. But united we would be stronger. We could defeat the Bolsheviks more easily, and even inflict them a definitive blow. Later, we could always recover the regions that we had to leave behind. 
I fear that if we're divided the Reds will have an advantage on us. We'll have to take more risks and, if anything goes wrong, we could pay a very high price.

Well, there is nothing that I can do. Denikin is in my commander in chief and the decision is made. He's told me that he'll send me to the west in a couple of weeks, but first I must talk to the popes. Anatoly and Olga want to marry in Tsaritsyn in a few days, and I must make some arrangements."
The Defeat of Denikin (1918-1920),8,Tsaritsyn,TACTICAL,240,Oboyan,9,"Everything has gone as planned. We're marching along the streets of Tsaritsyn while many peope cheer us. I wonder if they cheered the Bolsheviks before, too. 
In the west, in Ukraine, we've also taken Kharkov. We've found tons of weapons, guns and ammunition, and the number of our soldiers is greater than ever. Now we're truly the Armed Forces of Southern Russia.

Now it's time for thinking on our next move. Against Wranglel's objections, Denikin has decided that we won't try to join Kolchak's forces. Instead, he has ordered an offensive on Moscow. I don't fully agree with him. It's true that if we go in search of Kolchak we could lose the Donbass, the Kuban and the other cossack territories that we control right now. But united we would be stronger. We could defeat the Bolsheviks more easily, and even inflict them a definitive blow. Later, we could always recover the regions that we had to leave behind. 
I fear that if we're divided the Reds will have an advantage on us. We'll have to take more risks and, if anything goes wrong, we could pay a very high price.

Well, there is nothing that I can do. Denikin is in my commander in chief and the decision is made. He's told me that he'll send me to the west in a couple of weeks, but first I must talk to the popes. Anatoly and Olga want to marry in Tsaritsyn in a few days, and I must make some arrangements."
The Defeat of Denikin (1918-1920),8,Tsaritsyn,LOSE,240,Oboyan,9,"My strategy failed. Tsaritsyn would have held, were it not for Wrangel, who took command and managed to conquer the town. Now we're marching along its streets while many peope cheer us. I wonder if they cheered the Bolsheviks before, too. 
In the west, in Ukraine, we've also taken Kharkov. We've found tons of weapons, guns and ammunition, and the number of our soldiers is greater than ever. Now we're truly the Armed Forces of Southern Russia.

Now it's time for thinking on our next move. Against Wranglel's objections, Denikin has decided that we won't try to join Kolchak's forces. Instead, he has ordered an offensive on Moscow. I don't fully agree with him. It's true that if we go in search of Kolchak we could lose the Donbass, the Kuban and the other cossack territories that we control right now. But united we would be stronger. We could defeat the Bolsheviks more easily, and even inflict them a definitive blow. Later, we could always recover the regions that we had to leave behind. 
I fear that if we're divided the Reds will have an advantage on us. We'll have to take more risks and, if anything goes wrong, we could pay a very high price.

Well, there is nothing that I can do. Denikin is in my commander in chief and the decision is made. He's told me that he'll send me to the west in a couple of weeks, but first I must talk to the popes. Anatoly and Olga want to marry in Tsaritsyn in a few days, and I must make some arrangements."
The Defeat of Denikin (1918-1920),9,Oboyan,BRILIANT,360,Peregonovka,10,"The Bolsheviks have been routed and are fleeing in panic. In a few days Kursk will be ours.
The news from other sectors of the front are good, too. In Tsaritsyn our men have repelled an enemy offensive that tried to recover the town. And in Ukraine our troops have taken Kiev and Odessa.

But, although it's somewhat annoying, I won't be able to enjoy my victory. Not all the news from Ukraine are good. Nestor Makhno and his army of anarchist peasants want to help the Reds now, and they have invaded Western Ukraine. We just have a handful of soldiers in that area, and our supply lines are too long and very vulnerable, so Makhno could make us a lot of damage, even threatening our offensive on Moscow. I must go to Uman and put an end to this menace."
The Defeat of Denikin (1918-1920),9,Oboyan,VICTORY,360,Peregonovka,10,"The Bolsheviks have been routed and are fleeing in panic. In a few days Kursk will be ours.
The news from other sectors of the front are good, too. In Tsaritsyn our men have repelled an enemy offensive that tried to recover the town. And in Ukraine our troops have taken Kiev and Odessa.

But, although it's somewhat annoying, I won't be able to enjoy my victory. Not all the news from Ukraine are good. Nestor Makhno and his army of anarchist peasants want to help the Reds now, and they have invaded Western Ukraine. We just have a handful of soldiers in that area, and our supply lines are too long and very vulnerable, so Makhno could make us a lot of damage, even threatening our offensive on Moscow. I must go to Uman and put an end to this menace."
The Defeat of Denikin (1918-1920),9,Oboyan,TACTICAL,300,Peregonovka,10,"The Bolsheviks have been routed and are fleeing in panic. In a few days Kursk will be ours.
The news from other sectors of the front are good, too. In Tsaritsyn our men have repelled an enemy offensive that tried to recover the town. And in Ukraine our troops have taken Kiev and Odessa.

But, although it's somewhat annoying, I won't be able to enjoy my victory. Not all the news from Ukraine are good. Nestor Makhno and his army of anarchist peasants want to help the Reds now, and they have invaded Western Ukraine. We just have a handful of soldiers in that area, and our supply lines are too long and very vulnerable, so Makhno could make us a lot of damage, even threatening our offensive on Moscow. I must go to Uman and put an end to this menace."
The Defeat of Denikin (1918-1920),9,Oboyan,LOSE,260,Peregonovka,10,"The Reds have defended themselves really well. I haven't been able to take Oboyan, but at least they're very weakened now. May-Mayevsky will relieve me and in a few days Kursk will be ours.
The news from other sectors of the front are good, too. In Tsaritsyn our men have repelled an enemy offensive that tried to recover the town. And in Ukraine our troops have taken Kiev and Odessa.

I will have a chance to redeem myself for my failure at Oboyan. Not all the news from Ukraine are good. Nestor Makhno and his army of anarchist peasants want to help the Reds now, and they have invaded Western Ukraine. We just have a handful of soldiers in that area, and our supply lines are too long and very vulnerable, so Makhno could make us a lot of damage, even threatening our offensive on Moscow. I must go to Uman and put an end to this menace."
The Defeat of Denikin (1918-1920),10,Peregonovka,BRILIANT,320,Orel: White avalanche,11,"Makhno's adventure has ended in a massacre. The Revolutionary Insurrectionary Army of Ukraine has ceased to exist, and only a few of their partisans have avoided death or capture.They'll never suppose a threat to our supply lines again. Now I must return to the north, whrere our offensive on Moscow is losing momentum."
The Defeat of Denikin (1918-1920),10,Peregonovka,VICTORY,320,Orel: White avalanche,11,"Makhno's adventure has ended in a massacre. The Revolutionary Insurrectionary Army of Ukraine has ceased to exist, and only a few of their partisans have avoided death or capture.They'll never suppose a threat to our supply lines again. Now I must return to the north, whrere our offensive on Moscow is losing momentum."
The Defeat of Denikin (1918-1920),10,Peregonovka,TACTICAL,320,Orel: White avalanche,11,"Makhno's adventure has ended in a massacre. The Revolutionary Insurrectionary Army of Ukraine has ceased to exist, and only a few of their partisans have avoided death or capture.They'll never suppose a threat to our supply lines again. Now I must return to the north, whrere our offensive on Moscow is losing momentum."
The Defeat of Denikin (1918-1920),10,Peregonovka,LOSE,320,Kharkov,16,"I can't believe that I've been defeated by an army of farmers and peasants. The Makhnovists roam freely in Ukraine, destroying our garrisons and disrupting our supply lines. I haven't been able to stop them, and now I'm afraid that our offensive on Moscow will fail."
The Defeat of Denikin (1918-1920),11,Orel: White avalanche,BRILIANT,320,Orel: Red storm,12,"My men, I'm proud of you. The Soviet 13th Army has been virtually destroyed, Orel is in our hands and the road to Tula is open. But we must be cautious. The Reds have sent reinforcements from the Baltic, and they're about to attack our flank. We'll have to hold our positions and deal with this new threat before advancing any further."
The Defeat of Denikin (1918-1920),11,Orel: White avalanche,VICTORY,320,Orel: Red storm,12,"My men, I'm proud of you. The Soviet 13th Army has been virtually destroyed, Orel is in our hands and the road to Tula is open. But we must be cautious. The Reds have sent reinforcements from the Baltic, and they're about to attack our flank. We'll have to hold our positions and deal with this new threat before advancing any further."
The Defeat of Denikin (1918-1920),11,Orel: White avalanche,TACTICAL,260,Orel: Red storm,12,"My men, I'm proud of you. The Soviet 13th Army has been virtually destroyed, Orel is in our hands and the road to Tula is open. But we must be cautious. The Reds have sent reinforcements from the Baltic, and they're about to attack our flank. We'll have to hold our positions and deal with this new threat before advancing any further."
The Defeat of Denikin (1918-1920),11,Orel: White avalanche,LOSE,260,Kharkov,16,"You've fought valiantly, but the defences at Orel were too strong. Besides, the Reds have sent reinforcements from the Baltic, and they're about to attack our flank. Our offensive simply can't continue. We'll have to defend ourselves in order to avoid being encircled and destroyed."
The Defeat of Denikin (1918-1920),12,Orel: Red storm,BRILIANT,160,Tula,13,"The enemy's plan has failed. The Bolshevik divisions are routed and we've opened a large gap in their lines. Our only problem right now is that we can't advance too fast, because our own lines would be overstretched. That might give the Reds time to regroup."
The Defeat of Denikin (1918-1920),12,Orel: Red storm,VICTORY,160,Tula,13,"The enemy's plan has failed. The Bolshevik divisions are routed and we've opened a large gap in their lines. Our only problem right now is that we can't advance too fast, because our own lines would be overstretched. That might give the Reds time to regroup."
The Defeat of Denikin (1918-1920),12,Orel: Red storm,TACTICAL,160,Tula,13,"The enemy's plan has failed. The Bolshevik divisions are routed and we've opened a large gap in their lines. Our only problem right now is that we can't advance too fast, because our own lines would be overstretched. That might give the Reds time to regroup."
The Defeat of Denikin (1918-1920),12,Orel: Red storm,LOSE,160,Kharkov,16,"You've fought valiantly, but our flank couldn't hold. Our offensive simply can't continue. We'll have to retreat in order to avoid being encircled and destroyed."
The Defeat of Denikin (1918-1920),13,Tula,BRILIANT,320,Moscow,14,"Tula is ours, and in the east the news are even better: our forces have started a counteroffensive and have taken Saratov. In a few days the Armed Forces of Southern Russia will link with Kolchak. At last we'll be united! 
I'm completely sure that, very soon, Moscow will fall. Denikin has chosen me for leading the final assault."
The Defeat of Denikin (1918-1920),13,Tula,VICTORY,320,Moscow,14,"Tula is ours, and in the east the news are even better: our forces have started a counteroffensive and have taken Saratov. In a few days the Armed Forces of Southern Russia will link with Kolchak. At last we'll be united! 
I'm completely sure that, very soon, Moscow will fall. Denikin has chosen me for leading the final assault."
The Defeat of Denikin (1918-1920),13,Tula,TACTICAL,260,Moscow,14,"Tula is ours, and in the east the news are even better: our forces have started a counteroffensive and have taken Saratov. In a few days the Armed Forces of Southern Russia will link with Kolchak. At last we'll be united! 
I'm completely sure that, very soon, Moscow will fall. Denikin has chosen me for leading the final assault."
The Defeat of Denikin (1918-1920),13,Tula,LOSE,260,Kharkov,16,"My men fought valiantly, but they're exhausted and couldn't resist any longer. Our offensive simply can't continue. We'll have to retreat in order to avoid being encircled and destroyed."
The Defeat of Denikin (1918-1920),14,Moscow,BRILIANT,360,Petrograd,15,"Tomorrow there will be a great parade at the Red Square. Our army will march along the main streets of Moscow, that has finally awaken from this nightmare that has lasted two years. 
Some prominent bolsheviks have died during the battle, but most of them have managed to escape, or have simply disappeared. Most of the communist survivors that we have located have fled to Petrograd, their last bastion. Once we take it, the revolution will be finally defeated and the war will be won. We'll recover our country.

To make this day even better, Katya has told me that Anatoly and Olga are expecting their first baby. Our first grandchild will be born in a free Russia."
The Defeat of Denikin (1918-1920),14,Moscow,VICTORY,360,Petrograd,15,"Tomorrow there will be a great parade at the Red Square. Our army will march along the main streets of Moscow, that has finally awaken from this nightmare that has lasted two years. 
Some prominent bolsheviks have died during the battle, but most of them have managed to escape, or have simply disappeared. Most of the communist survivors that we have located have fled to Petrograd, their last bastion. Once we take it, the revolution will be finally defeated and the war will be won. We'll recover our country.

To make this day even better, Katya has told me that Anatoly and Olga are expecting their first baby. Our first grandchild will be born in a free Russia."
The Defeat of Denikin (1918-1920),14,Moscow,TACTICAL,360,Petrograd,15,"Tomorrow there will be a great parade at the Red Square. Our army will march along the main streets of Moscow, that has finally awaken from this nightmare that has lasted two years. 
Some prominent bolsheviks have died during the battle, but most of them have managed to escape, or have simply disappeared. Most of the communist survivors that we have located have fled to Petrograd, their last bastion. Once we take it, the revolution will be finally defeated and the war will be won. We'll recover our country.

To make this day even better, Katya has told me that Anatoly and Olga are expecting their first baby. Our first grandchild will be born in a free Russia."
The Defeat of Denikin (1918-1920),14,Moscow,LOSE,360,Petrograd,15,"Diterikhs had to come to my rescue. Moscow is in our hands, but not due to my merits. I have a personal sense of defeat.

Anywat, tomorrow there will be a great parade at the Red Square. Our army will march along the main streets of Moscow, that has finally awaken from this nightmare that has lasted two years. 
Some prominent bolsheviks have died during the battle, but most of them have managed to escape, or have simply disappeared. Most of the communist survivors that we have located have fled to Petrograd, their last bastion. Once we take it, the revolution will be finally defeated and the war will be won. We'll recover our country.

To make this day better, Katya has told me that Anatoly and Olga are expecting their first baby. Our first grandchild will be born in a free Russia."
The Defeat of Denikin (1918-1920),15,Petrograd,BRILIANT,0,Unknown (ID 254),254,"The Bolshevik revolution has ended. They've been completely defeated and most of their leaders, including Lenin and Trotsky, have died or have been taken prisoners. Only Stalin and a handful of others have managed to flee to Finland, but they're too weak to be a problem anymore.

I'm exultant. These past two years have been the hardest in my life, but in the end the Dragon was destroyed. My family and I will be free. Thank God!

That doesn't mean that all of Russia's problems are over. First of all, we have to dedide what kind of country we'll live in. The most obvious option is the return of the monarchy, but most of the Royal Family was murdered by the Reds, so it might be difficult to find an optimal candidate. I think that Grand Duke Cyril is the legitimate heir, but in the past he has behaved as a person unworthy of the title of Tsar.
Second, it's obvious that Russia needs important reforms. Not the revolutionary madness, but the ones that had already started under poor Tsar Nikolay's reign. And third, peace won't come easy. The Bolsheviks aren't a threat now, but in the rural areas there are still peasant uprisings. And we must decide what to do with Finland, Poland and all the other territories of the Empire that have declared their independence. I doubt that we'll be strong enough to subdue all of them, so I'm afraid that we'll have to come to some kind of compromise. Not to mention the interests that Japan, Germany and other countries might have in  Russia.

But if we have overcome the Reds, all the other difficulties can be overcome, too. The sky is still grey, but the storm is passing over. And I am confident that soon the sun will shine over my beloved Russia.

The campaign is over. I hope you've liked it, and thanks for playing.

Urica 2015."
The Defeat of Denikin (1918-1920),15,Petrograd,VICTORY,0,Unknown (ID 254),254,"The Bolshevik revolution has ended. They've been completely defeated and most of their leaders, including Lenin and Trotsky, have died or have been taken prisoners. Only Stalin and a handful of others have managed to flee to Finland, but they're too weak to be a problem anymore.

I'm exultant. These past two years have been the hardest in my life, but in the end the Dragon was destroyed. My family and I will be free. Thank God!

That doesn't mean that all of Russia's problems are over. First of all, we have to dedide what kind of country we'll live in. The most obvious option is the return of the monarchy, but most of the Royal Family was murdered by the Reds, so it might be difficult to find an optimal candidate. I think that Grand Duke Cyril is the legitimate heir, but in the past he has behaved as a person unworthy of the title of Tsar.
Second, it's obvious that Russia needs important reforms. Not the revolutionary madness, but the ones that had already started under poor Tsar Nikolay's reign. And third, peace won't come easy. The Bolsheviks aren't a threat now, but in the rural areas there are still peasant uprisings. And we must decide what to do with Finland, Poland and all the other territories of the Empire that have declared their independence. I doubt that we'll be strong enough to subdue all of them, so I'm afraid that we'll have to come to some kind of compromise. Not to mention the interests that Japan, Germany and other countries might have in  Russia.

But if we have overcome the Reds, all the other difficulties can be overcome, too. The sky is still grey, but the storm is passing over. And I am confident that soon the sun will shine over my beloved Russia.

The campaign is over. I hope you've liked it, and thanks for playing.

Urica 2015."
The Defeat of Denikin (1918-1920),15,Petrograd,TACTICAL,0,Unknown (ID 254),254,"The Bolshevik revolution has ended. They've been completely defeated and most of their leaders, including Lenin and Trotsky, have died or have been taken prisoners. Only Stalin and a handful of others have managed to flee to Finland, but they're too weak to be a problem anymore.

I'm exultant. These past two years have been the hardest in my life, but in the end the Dragon was destroyed. My family and I will be free. Thank God!

That doesn't mean that all of Russia's problems are over. First of all, we have to dedide what kind of country we'll live in. The most obvious option is the return of the monarchy, but most of the Royal Family was murdered by the Reds, so it might be difficult to find an optimal candidate. I think that Grand Duke Cyril is the legitimate heir, but in the past he has behaved as a person unworthy of the title of Tsar.
Second, it's obvious that Russia needs important reforms. Not the revolutionary madness, but the ones that had already started under poor Tsar Nikolay's reign. And third, peace won't come easy. The Bolsheviks aren't a threat now, but in the rural areas there are still peasant uprisings. And we must decide what to do with Finland, Poland and all the other territories of the Empire that have declared their independence. I doubt that we'll be strong enough to subdue all of them, so I'm afraid that we'll have to come to some kind of compromise. Not to mention the interests that Japan, Germany and other countries might have in  Russia.

But if we have overcome the Reds, all the other difficulties can be overcome, too. The sky is still grey, but the storm is passing over. And I am confident that soon the sun will shine over my beloved Russia.

The campaign is over. I hope you've liked it, and thanks for playing.

Urica 2015."
The Defeat of Denikin (1918-1920),15,Petrograd,LOSE,0,Unknown (ID 254),254,"The Bolshevik revolution has ended, but most of their leaders, including Lenin, managed to flee to Finland. From the exile they'll still be a powerful threat.

And the Bolsheviks aren't the only threat to Russia. First of all, we have to dedide what kind of country we'll live in. The most obvious option is the return of the monarchy, but most of the Royal Family was murdered by the Reds, so it might be difficult to find an optimal candidate. I think that Grand Duke Cyril is the legitimate heir, but in the past he has behaved as a person unworthy of the title of Tsar.
Second, it's obvious that Russia needs important reforms. Not the revolutionary madness, but the ones that had already started under poor Tsar Nikolay's reign. And third, peace won't come easy. The Bolsheviks aren't a threat now, but in the rural areas there are still peasant uprisings. And we must decide what to do with Finland, Poland and all the other territories of the Empire that have declared their independence. I doubt that we'll be strong enough to subdue all of them, so I'm afraid that we'll have to come to some kind of compromise. Not to mention the interests that Japan, Germany and other countries might have in  Russia.

But if we have overcome the Reds, all the other difficulties can be overcome, too. The sky is still grey, but the storm is passing over. And I am confident that soon the sun will shine over my beloved Russia.

The campaign is over. I hope you've liked it, and thanks for playing.

Urica 2015."
The Defeat of Denikin (1918-1920),16,Kharkov,BRILIANT,160,Last days in Novorossiysk,17,"The mission has been accomplished, and somehow I've managed to redeem myself. The Reds have been badly beaten and won't be able to follow us. Our army will retreat, unmolested and with very few casualties, to safer positions."
The Defeat of Denikin (1918-1920),16,Kharkov,VICTORY,160,Last days in Novorossiysk,17,"The mission has been accomplished, and somehow I've managed to redeem myself. The Reds have been badly beaten and won't be able to follow us. Our army will retreat, unmolested and with very few casualties, to safer positions."
The Defeat of Denikin (1918-1920),16,Kharkov,TACTICAL,160,Last days in Novorossiysk,17,"The mission has been accomplished, and somehow I've managed to redeem myself. The Reds have been badly beaten and won't be able to follow us. Our army will retreat, unmolested and with very few casualties, to safer positions."
The Defeat of Denikin (1918-1920),16,Kharkov,LOSE,160,Last days in Novorossiysk,17,"The swarm of Bolshevik soldiers was too much for my exhausted troops. Kharkov has fallen and we'll have to run to safer positions. Thank God that, due to the cold winter, the Reds won't chase us fast enough to encircle us."
The Defeat of Denikin (1918-1920),17,Last days in Novorossiysk,BRILIANT,320,Perekop,18,"My victory has been so absolute that the Bolsheviks have retreated from much of the Kuban and Denikin has changed his mind. We'll still retreat most of the civilians and some soldiers to Crimea, but we'll leave enough troops to defend the Taman and Novorossiysk. We'll build strong lines of trenches, fortifications, tunnels and bunkers, so when the communists decide to attack us again they'll be incapable of passing through them. This area will be safe for a long time.

However, we still have a weak point at the Perekop Isthmus. Should it fall, all of Crimea would be in danger. Denikin has ordered me to go there and command its defence, and I'll arrive as soon as possible. It's more that just my duty: my family's safety depends on it. Katya, the children and Olga, Anatoly's wife, who is expecting her first child, have been evacuated to Simferopol, so I must do my best in order to prevent the Reds from taking Crimea."
The Defeat of Denikin (1918-1920),17,Last days in Novorossiysk,VICTORY,320,Perekop,18,"Everything has gone as planned. Most of out civilian sympathizers and our soldiers have been evacuated to Crimea. The Reds have suffered many casualties and won't be able to harass us.

However, Denikin won't come with us. He believes that his staff has lost confidence in him, so he has resigned from his position. He'll go into exile, and Wrangel will be our new commander.

We still have a weak point at the Perekop Isthmus. Should it fall, all of Crimea would be in danger. Wrangel has ordered me to go there and command its defence, and I'll go there as soon as possible. It's more that just my duty: my family's safety depends on it. Katya, the children and Olga, Anatoly's wife, who is expecting her first child, have been evacuated to Simferopol, so I must do my best in order to prevent the Reds from taking Crimea."
The Defeat of Denikin (1918-1920),17,Last days in Novorossiysk,TACTICAL,260,Perekop,18,"Everything has gone as planned. Most of out civilian sympathizers and our soldiers have been evacuated to Crimea. The Reds have suffered many casualties and won't be able to harass us.

However, Denikin won't come with us. He believes that his staff has lost confidence in him, so he has resigned from his position. He'll go into exile, and Wrangel will be our new commander.

We still have a weak point at the Perekop Isthmus. Should it fall, all of Crimea would be in danger. Wrangel has ordered me to go there and command its defence, and I'll go there as soon as possible. It's more that just my duty: my family's safety depends on it. Katya, the children and Olga, Anatoly's wife, who is expecting her first child, have been evacuated to Simferopol, so I must do my best in order to prevent the Reds from taking Crimea."
The Defeat of Denikin (1918-1920),17,Last days in Novorossiysk,LOSE,260,Perekop,18,"Nothing has gone as planned. Most of out civilian sympathizers have been evacuated to Crimea, but only part of our military forces made it. The Reds have harassed us so much that now our army is weaker than ever.

Denikin won't come with us. He believes that his staff has lost confidence in him, so he has resigned from his position. He'll go into exile, and Wrangel will be our new commander.

We still have a weak point at the Perekop Isthmus. Should it fall, all of Crimea would be in danger. Wrangel has ordered me to go there and command its defence, and I'll go there as soon as possible. It's more that just my duty: my family's safety depends on it. Katya, the children and Olga, Anatoly's wife, who is expecting her first child, have been evacuated to Simferopol, so I must do my best in order to prevent the Reds from taking Crimea."
The Defeat of Denikin (1918-1920),18,Perekop,BRILIANT,0,Unknown (ID 254),254,"The loss of their Sixth Army has been too much for the Reds who, under British pressure, have offered us an armistice. They say that they'll retire from Crimea and Taman, where the United Kingdom will support the creation of a Free Crimean State under our control.

Although some of my fellow officers are ecstatic with those news, I'm skeptical about them. In a few years' time the Red Army will have grown stronger, so the Bolsheviks will probably attack us again. Then the British, who have already betrayed us once, will surely forsake us one more time.

However, I admit that, for now, living in a free Crimea is better that going into exile. And if we choose the right policies, our new country could thrive. Then we could afford a modern Army, capable of deterring our enemies. At the moment that's just a castle in the air but if we all work hard in the same direction, who knows? Maybe we could make it real.

The campaign is over. I hope you've liked it, and thanks for playing.

Urica 2015."
The Defeat of Denikin (1918-1920),18,Perekop,VICTORY,0,Unknown (ID 254),254,"The Bolsheviks, after their defeat, didn't dare to go after us. We could embark calmly in Sevastopol and here we are now, sailing the Black Sea on our way to the exile. Only a handful of our former soldiers decided to stay and try their luck living in a Red Russia.

I did my best to recover my country, but in the end we were defeated. Now I suppose that I'll settle in Sweden with my family. Except for Anatoly, of course. His wife, his newborn baby and himself will go to Spain, where he hopes to join its colonial army. The idea of a new adventure sounds tempting, but I think that I'm too old for that. I wish my son the best, but for me the military life has finished.

The campaign is over. I hope you've liked it, and thanks for playing.

Urica 2015."
The Defeat of Denikin (1918-1920),18,Perekop,TACTICAL,0,Unknown (ID 254),254,"The Bolsheviks, after their defeat, didn't dare to go after us. We could embark calmly in Sevastopol and here we are now, sailing the Black Sea on our way to the exile. Only a handful of our former soldiers decided to stay and try their luck living in a Red Russia.

I did my best to recover my country, but in the end we were defeated. Now I suppose that I'll settle in Sweden with my family. Except for Anatoly, of course. His wife, his newborn baby and himself will go to Spain, where he hopes to join its colonial army. The idea of a new adventure sounds tempting, but I think that I'm too old for that. I wish my son the best, but for me the military life has finished.

The campaign is over. I hope you've liked it, and thanks for playing.

Urica 2015."
The Defeat of Denikin (1918-1920),18,Perekop,LOSE,0,CAMPAIGN END / DEFEAT,255,"Anatoly! What are you doing? Go away and save your men if you can...the Reds will be here in a matter of minutes, you have no time to lose!

No...leave me. It's too late for me. My injury is too serious. There's nothing that you can do to save me. Even if you managed to take me to a hospital, I'd be dead before the end of the week. Leave me here...I'll try to delay our enemies for a while.

Please...take care of your mother, your sisters and your brother. Tell them that I loved them. Tell them to pray for my soul...and now go, my son. I'm very proud of you. Go, quickly!"
